{
  "dataset_id": "ds004511:sub-S210204:ses-01_gambling_run-01",
  "subject": "sub-S210204",
  "session": "ses-01",
  "reliability_axes": {
    "m": 0.5325974625919828,
    "d": 0.527087579115987,
    "e": 0.4873215630880998
  },
  "reliability_subcoords": {
    "m_a": 0.5543327253832508,
    "m_e": 0.5771431541960532,
    "m_o": 0.5023156355566353,
    "d_n": 0.5394141341913178,
    "d_l": 0.5733647186910651,
    "d_s": 0.4692158565500393,
    "e_e": 0.6463531782921249,
    "e_s": 0.5621809750293711,
    "e_m": 0.4114978016397797
  }
}