{
  "dataset_id": "ds004511:sub-S210204:ses-01_gambling_run-01",
  "subject": "sub-S210204",
  "session": "ses-01",
  "coverage": {
    "epochs": 940,
    "seconds": 3760.0
  },
  "artifacts": {
    "methods": [
      "ica"
    ],
    "bad_eeg_channels": [
      "Batt_0",
      "Batt_1",
      "Batt_2",
      "Batt_3",
      "F8",
      "Gnd-Ref",
      "Gnd-Ref1",
      "Gnd-Ref2",
      "Gnd-Ref3",
      "I1",
      "Ref",
      "Sync"
    ],
    "n_bad_eeg_channels": 12,
    "stem_collisions": {}
  },
  "ensemble": {
    "var_by_subcoord": {
      "m_a": 0.0013685557059943676,
      "m_e": 7.333182658656422e-15,
      "m_o": 1.2028138901554186e-15,
      "d_n": 1.3317425538261849e-14,
      "d_l": 2.863678464823903e-14,
      "d_s": 1.1103944640936808e-14,
      "e_e": 1.1426111792833815e-12,
      "e_s": 4.2300147759521955e-14,
      "e_m": 0.0
    },
    "var_mean": 0.0001520617452489859,
    "var_max": 0.0013685557059943676
  },
  "reliability": {
    "axes": {
      "m": 0.5325974625919828,
      "d": 0.527087579115987,
      "e": 0.4873215630880998
    },
    "subcoords": {
      "m_a": 0.5543327253832508,
      "m_e": 0.5771431541960532,
      "m_o": 0.5023156355566353,
      "d_n": 0.5394141341913178,
      "d_l": 0.5733647186910651,
      "d_s": 0.4692158565500393,
      "e_e": 0.6463531782921249,
      "e_s": 0.5621809750293711,
      "e_m": 0.4114978016397797
    }
  },
  "dist_summary": {
    "axes": {
      "m": {
        "n": 940,
        "nan_frac": 0.0,
        "mean": -0.18920413007044964,
        "median": -0.06481853872537613,
        "std": 0.8868564982792636,
        "iqr": 0.9343333691358566,
        "mad": 0.47322725504636765,
        "mad_sigma": 0.7016067283317446,
        "skewness": -1.0261117309867642,
        "kurtosis_excess": 1.7089374839218436,
        "delta_mean_median": -0.12438559134507352
      },
      "d": {
        "n": 940,
        "nan_frac": 0.0,
        "mean": 0.1139623437869422,
        "median": 0.1665850281715393,
        "std": 0.5444925801332544,
        "iqr": 0.629824835807085,
        "mad": 0.3120619207620621,
        "mad_sigma": 0.4626630037218332,
        "skewness": -0.49538973625587296,
        "kurtosis_excess": 2.0041506095986756,
        "delta_mean_median": -0.05262268438459711
      },
      "e": {
        "n": 940,
        "nan_frac": 0.0,
        "mean": 0.2341941697338777,
        "median": 0.17326229065656662,
        "std": 0.6975514223150673,
        "iqr": 0.771054245531559,
        "mad": 0.3861394003033638,
        "mad_sigma": 0.5724902748897671,
        "skewness": 0.6461770737475888,
        "kurtosis_excess": 1.3372835628071806,
        "delta_mean_median": 0.06093187907731107
      }
    },
    "subcoords": {
      "m_a": {
        "n": 940,
        "nan_frac": 0.0,
        "mean": -0.6769721480502569,
        "median": -0.005615571513772011,
        "std": 1.7324933765834107,
        "iqr": 1.7421744763851166,
        "mad": 0.6581758055835962,
        "mad_sigma": 0.9758114493582397,
        "skewness": -1.283050171531128,
        "kurtosis_excess": 0.5978968664698359,
        "delta_mean_median": -0.6713565765364848
      },
      "m_e": {
        "n": 940,
        "nan_frac": 0.0,
        "mean": -0.2488415754675132,
        "median": 0.0,
        "std": 1.333716801120178,
        "iqr": 1.4057072401046753,
        "mad": 0.674490749835968,
        "mad_sigma": 0.9999999857068061,
        "skewness": -1.1147168261932408,
        "kurtosis_excess": 1.562776105754061,
        "delta_mean_median": -0.2488415754675132
      },
      "m_o": {
        "n": 940,
        "nan_frac": 0.0,
        "mean": 0.5557220514302706,
        "median": 0.0,
        "std": 1.6624400440204494,
        "iqr": 1.527610257267952,
        "mad": 0.6744907200336456,
        "mad_sigma": 0.999999941521883,
        "skewness": 1.7386776590638269,
        "kurtosis_excess": 2.818060195713313,
        "delta_mean_median": 0.5557220514302706
      },
      "d_n": {
        "n": 940,
        "nan_frac": 0.0,
        "mean": 1.0362697215597245,
        "median": -3.346940502524376e-07,
        "std": 2.302159642240545,
        "iqr": 2.2069754898548126,
        "mad": 0.6744904151419178,
        "mad_sigma": 0.9999994894894072,
        "skewness": 1.2204284254217221,
        "kurtosis_excess": 0.027200541176565007,
        "delta_mean_median": 1.0362700562537748
      },
      "d_l": {
        "n": 940,
        "nan_frac": 0.0,
        "mean": -0.42891545100310974,
        "median": 0.0,
        "std": 1.3393805516807915,
        "iqr": 1.6313963383436203,
        "mad": 0.674490749835968,
        "mad_sigma": 0.9999999857068061,
        "skewness": -1.0263777263453404,
        "kurtosis_excess": 0.2977950804898053,
        "delta_mean_median": -0.42891545100310974
      },
      "d_s": {
        "n": 940,
        "nan_frac": 0.0,
        "mean": 0.056841221625391555,
        "median": 0.0,
        "std": 1.0828289986526196,
        "iqr": 1.3493030071258545,
        "mad": 0.674490749835968,
        "mad_sigma": 0.9999999857068061,
        "skewness": 0.5639499244833032,
        "kurtosis_excess": 1.170408950919275,
        "delta_mean_median": 0.056841221625391555
      },
      "e_e": {
        "n": 940,
        "nan_frac": 0.0,
        "mean": -0.12374798905920545,
        "median": 0.0,
        "std": 1.0357856949552888,
        "iqr": 1.4123411625623703,
        "mad": 0.6744906902313232,
        "mad_sigma": 0.9999998973369598,
        "skewness": -0.6394495035552931,
        "kurtosis_excess": 0.5049022470544697,
        "delta_mean_median": -0.12374798905920545
      },
      "e_s": {
        "n": 940,
        "nan_frac": 0.0,
        "mean": 0.7351808938591622,
        "median": 0.0,
        "std": 1.8835999405403427,
        "iqr": 1.8750282377004623,
        "mad": 0.6744907796382904,
        "mad_sigma": 1.0000000298917293,
        "skewness": 1.4626284452088245,
        "kurtosis_excess": 1.2314425249420662,
        "delta_mean_median": 0.7351808938591622
      },
      "e_m": {
        "n": 940,
        "nan_frac": 0.0,
        "mean": 0.022163704274336192,
        "median": 0.0,
        "std": 1.024056945881592,
        "iqr": 1.3475093245506287,
        "mad": 0.674490749835968,
        "mad_sigma": 0.9999999857068061,
        "skewness": 0.1483208531160077,
        "kurtosis_excess": 0.05772019606368106,
        "delta_mean_median": 0.022163704274336192
      }
    }
  },
  "entropy_provisional": {},
  "geometry_contract": {
    "policy_version": "standard_invalidity_v1",
    "status": "ok",
    "primary_requires_coords_9d": true,
    "shared_time_grid": {
      "epochs_before_policy": 940,
      "epochs_retained": 940,
      "epochs_dropped": 0,
      "drop_fraction": 0.0,
      "dropped_epoch_indices_preview": [],
      "drop_reason_counts": {
        "mnps_3d_nonfinite_rows": 0,
        "coords_9d_nonfinite_rows_affecting_primary": 0
      }
    },
    "mnps_3d": {
      "finite_row_fraction_before": 1.0,
      "nonfinite_row_count": 0,
      "degenerate_axes": [],
      "all_nan_axes": []
    },
    "coords_9d": {
      "available": true,
      "shape_matches_time_grid": true,
      "finite_row_fraction_before": 1.0,
      "nonfinite_row_count": 0,
      "nonfinite_rows_retained_on_shared_grid": 0,
      "degenerate_axes": [],
      "all_nan_axes": []
    },
    "time_grid": {
      "status": "ok",
      "warnings": [],
      "window_count": 940,
      "finite_window_bounds_fraction": 1.0,
      "dt_source": "window_start",
      "dt_sec_runtime": 4.0,
      "dt_sec_config": 4.0,
      "window_sec_config": 8.0,
      "dt_matches_runtime": true,
      "dt_matches_config_formula": true,
      "window_len_matches_config": true,
      "nonpositive_dt_count": 0,
      "nonpositive_window_len_count": 0,
      "dt_intervals_sec": {
        "n": 939,
        "mean": 4.0,
        "median": 4.0,
        "iqr": 0.0,
        "p95": 4.0,
        "max": 4.0
      },