{
  "dataset_id": "ds004511:sub-S200207:ses-01_gambling_run-01",
  "subject": "sub-S200207",
  "session": "ses-01",
  "reliability_axes": {
    "m": 0.6942572140460518,
    "d": 0.6378189086267102,
    "e": 0.5966429494818335
  },
  "reliability_subcoords": {
    "m_a": 0.7589141749614157,
    "m_e": 0.6985297057870261,
    "m_o": 0.44081733526845546,
    "d_n": 0.7808539673567853,
    "d_l": 0.7329712175590014,
    "d_s": 0.45270572203304776,
    "e_e": 0.5779481785587022,
    "e_s": 0.7042641385108903,
    "e_m": 0.49906670385779345
  }
}