{
  "dataset_id": "ds004511:sub-S200207:ses-01_gambling_run-01",
  "subject": "sub-S200207",
  "session": "ses-01",
  "coverage": {
    "epochs": 897,
    "seconds": 3588.0
  },
  "artifacts": {
    "methods": [
      "ica"
    ],
    "bad_eeg_channels": [
      "Batt_0",
      "Batt_1",
      "Batt_2",
      "Batt_3",
      "FTT9",
      "Gnd-Ref",
      "Gnd-Ref1",
      "Gnd-Ref2",
      "Gnd-Ref3",
      "Iz",
      "Ref",
      "Sync",
      "TPP10"
    ],
    "n_bad_eeg_channels": 13,
    "stem_collisions": {}
  },
  "ensemble": {
    "var_by_subcoord": {
      "m_a": 0.001665899413637817,
      "m_e": 0.0,
      "m_o": 0.0,
      "d_n": 0.0,
      "d_l": 0.0,
      "d_s": 0.0,
      "e_e": 0.0,
      "e_s": 0.0,
      "e_m": 0.0
    },
    "var_mean": 0.00018509993484864631,
    "var_max": 0.001665899413637817
  },
  "reliability": {
    "axes": {
      "m": 0.6942572140460518,
      "d": 0.6378189086267102,
      "e": 0.5966429494818335
    },
    "subcoords": {
      "m_a": 0.7589141749614157,
      "m_e": 0.6985297057870261,
      "m_o": 0.44081733526845546,
      "d_n": 0.7808539673567853,
      "d_l": 0.7329712175590014,
      "d_s": 0.45270572203304776,
      "e_e": 0.5779481785587022,
      "e_s": 0.7042641385108903,
      "e_m": 0.49906670385779345
    }
  },
  "dist_summary": {
    "axes": {
      "m": {
        "n": 897,
        "nan_frac": 0.0,
        "mean": -0.24455710253456334,
        "median": -0.006606132257729769,
        "std": 1.1673938884904573,
        "iqr": 1.000861644744873,
        "mad": 0.5011628870852292,
        "mad_sigma": 0.7430240963925607,
        "skewness": -1.6596653903025298,
        "kurtosis_excess": 3.4894972702076563,
        "delta_mean_median": -0.23795097027683357
      },
      "d": {
        "n": 897,
        "nan_frac": 0.0,
        "mean": -0.049901573818940496,
        "median": 0.03037240169942379,
        "std": 0.7919952159823043,
        "iqr": 0.9307397902011871,
        "mad": 0.4608613457530737,
        "mad_sigma": 0.683273031213507,
        "skewness": -0.48756389606025474,
        "kurtosis_excess": 1.5771763089290376,
        "delta_mean_median": -0.0802739755183643
      },
      "e": {
        "n": 897,
        "nan_frac": 0.0,
        "mean": 0.15386409515733265,
        "median": 0.05998200550675392,
        "std": 0.8488561321287316,
        "iqr": 0.9412963390350342,
        "mad": 0.4768620692193508,
        "mad_sigma": 0.7069957038246095,
        "skewness": 0.813314458340765,
        "kurtosis_excess": 1.3407450190288515,
        "delta_mean_median": 0.09388208965057873
      }
    },
    "subcoords": {
      "m_a": {
        "n": 897,
        "nan_frac": 0.0,
        "mean": -0.41353505935027796,
        "median": 0.056419193744659424,
        "std": 1.6619380956166447,
        "iqr": 1.1855871677398682,
        "mad": 0.5590335726737976,
        "mad_sigma": 0.8288231748461723,
        "skewness": -2.0208269956211575,
        "kurtosis_excess": 3.7669579774280537,
        "delta_mean_median": -0.4699542530949374
      },
      "m_e": {
        "n": 897,
        "nan_frac": 0.0,
        "mean": -0.35203676656221583,
        "median": 0.0,
        "std": 1.591195935842644,
        "iqr": 1.3944113850593567,
        "mad": 0.674490749835968,
        "mad_sigma": 0.9999999857068061,
        "skewness": -1.7532674720241448,
        "kurtosis_excess": 3.7780527344260566,
        "delta_mean_median": -0.35203676656221583
      },
      "m_o": {
        "n": 897,
        "nan_frac": 0.0,
        "mean": 0.11962100831023963,
        "median": 0.0,
        "std": 1.1713848938932514,
        "iqr": 1.378519892692566,
        "mad": 0.674490749835968,
        "mad_sigma": 0.9999999857068061,
        "skewness": 1.417502428458457,
        "kurtosis_excess": 4.652211041838138,
        "delta_mean_median": 0.11962100831023963
      },
      "d_n": {
        "n": 897,
        "nan_frac": 0.0,
        "mean": 0.4205291518962157,
        "median": 0.0,
        "std": 1.710474941296551,
        "iqr": 1.302395522594452,
        "mad": 0.674490749835968,
        "mad_sigma": 0.9999999857068061,
        "skewness": 1.8508273767332275,
        "kurtosis_excess": 3.45941468679192,
        "delta_mean_median": 0.4205291518962157
      },
      "d_l": {
        "n": 897,
        "nan_frac": 0.0,
        "mean": -0.3907737580520024,
        "median": 0.0,
        "std": 1.7117207152544447,
        "iqr": 1.389750063419342,
        "mad": 0.6744906902313232,
        "mad_sigma": 0.9999998973369598,
        "skewness": -1.8633413819233857,
        "kurtosis_excess": 3.4797909119528754,
        "delta_mean_median": -0.3907737580520024
      },
      "d_s": {
        "n": 897,
        "nan_frac": 0.0,
        "mean": 0.10831205726488531,
        "median": 0.0,
        "std": 1.0384283122632794,
        "iqr": 1.3227027654647827,
        "mad": 0.674490749835968,
        "mad_sigma": 0.9999999857068061,
        "skewness": 0.40981953556173,
        "kurtosis_excess": 0.6228699376848281,
        "delta_mean_median": 0.10831205726488531
      },
      "e_e": {
        "n": 897,
        "nan_frac": 0.0,
        "mean": -0.08248607975346688,
        "median": 0.0,
        "std": 1.0948904689124148,
        "iqr": 1.3564850091934204,
        "mad": 0.6744906902313232,
        "mad_sigma": 0.9999998973369598,
        "skewness": -0.6916983649370154,
        "kurtosis_excess": 2.1205018707105525,
        "delta_mean_median": -0.08248607975346688
      },
      "e_s": {
        "n": 897,
        "nan_frac": 0.0,
        "mean": 0.4818675154325611,
        "median": 0.0,
        "std": 1.870735205670481,
        "iqr": 1.413480281829834,
        "mad": 0.674490749835968,
        "mad_sigma": 0.9999999857068061,
        "skewness": 1.7689304147808962,
        "kurtosis_excess": 2.786682270039612,
        "delta_mean_median": 0.4818675154325611
      },
      "e_m": {
        "n": 897,
        "nan_frac": 0.0,
        "mean": 0.07171541561088093,
        "median": 0.0,
        "std": 1.0867953528939205,
        "iqr": 1.342212200164795,
        "mad": 0.6744906902313232,
        "mad_sigma": 0.9999998973369598,
        "skewness": 0.3643570671394703,
        "kurtosis_excess": 0.5499285442161654,
        "delta_mean_median": 0.07171541561088093
      }
    }
  },
  "entropy_provisional": {},
  "geometry_contract": {
    "policy_version": "standard_invalidity_v1",
    "status": "adjusted",
    "primary_requires_coords_9d": true,
    "shared_time_grid": {
      "epochs_before_policy": 897,
      "epochs_retained": 897,
      "epochs_dropped": 0,
      "drop_fraction": 0.0,
      "dropped_epoch_indices_preview": [],
      "drop_reason_counts": {
        "mnps_3d_nonfinite_rows": 0,
        "coords_9d_nonfinite_rows_affecting_primary": 0
      }
    },
    "mnps_3d": {
      "finite_row_fraction_before": 1.0,
      "nonfinite_row_count": 0,
      "degenerate_axes": [],
      "all_nan_axes": []
    },
    "coords_9d": {
      "available": true,
      "shape_matches_time_grid": true,
      "finite_row_fraction_before": 1.0,
      "nonfinite_row_count": 0,
      "nonfinite_rows_retained_on_shared_grid": 0,
      "degenerate_axes": [],
      "all_nan_axes": []
    },
    "time_grid": {
      "status": "ok",
      "warnings": [],
      "window_count": 897,
      "finite_window_bounds_fraction": 1.0,
      "dt_source": "window_start",
      "dt_sec_runtime": 4.0,
      "dt_sec_config": 4.0,
      "window_sec_config": 8.0,
      "dt_matches_runtime": true,
      "dt_matches_config_formula": true,
      "window_len_matches_config": true,
      "nonpositive_dt_count": 0,
      "nonpositive_window_len_count": 0,
      "dt_intervals_sec": {
        "n": 896,
        "mean": 4.0,
        "median": 4.0,
        "iqr": 0.0,
        "p95": 4.0,
        "max": 4.0
      },
      "window_lengths_sec": {
        "n": 897,
        "mean": 8.0,
        "median": 8.0,
        "iqr": 0.0,
        "p95": 8.0,