{
  "dataset_id": "ds004511:sub-S210215:ses-01_rest_run-01",
  "subject": "sub-S210215",
  "session": "ses-01",
  "reliability_axes": {
    "m": 0.45327492295541355,
    "d": 0.334516998718616,
    "e": 0.597127436017922
  },
  "reliability_subcoords": {
    "m_a": 0.4817092707657271,
    "m_e": 0.4147857009682445,
    "m_o": 0.5306692069128779,
    "d_n": 0.49074032336855855,
    "d_l": 0.4119048365183826,
    "d_s": 0.6004930499690204,
    "e_e": 0.726407985791949,
    "e_s": 0.4039398361988304,
    "e_m": 0.3492099544168346
  }
}