{
  "dataset_id": "ds004511:sub-S210215:ses-01_rest_run-01",
  "subject": "sub-S210215",
  "session": "ses-01",
  "coverage": {
    "epochs": 123,
    "seconds": 492.0
  },
  "artifacts": {
    "methods": [
      "ica"
    ],
    "bad_eeg_channels": [
      "Batt_0",
      "Batt_1",
      "Batt_2",
      "Batt_3",
      "Foto",
      "Gnd-Ref",
      "Gnd-Ref1",
      "Gnd-Ref2",
      "Gnd-Ref3",
      "Iz",
      "Ref",
      "Sync"
    ],
    "n_bad_eeg_channels": 12,
    "stem_collisions": {}
  },
  "ensemble": {
    "var_by_subcoord": {
      "m_a": 0.0058575882576406,
      "m_e": 0.0,
      "m_o": 0.0,
      "d_n": 0.0,
      "d_l": 0.0,
      "d_s": 0.0,
      "e_e": 0.0,
      "e_s": 0.0,
      "e_m": 0.0
    },
    "var_mean": 0.0006508431397378445,
    "var_max": 0.0058575882576406
  },
  "reliability": {
    "axes": {
      "m": 0.45327492295541355,
      "d": 0.334516998718616,
      "e": 0.597127436017922
    },
    "subcoords": {
      "m_a": 0.4817092707657271,
      "m_e": 0.4147857009682445,
      "m_o": 0.5306692069128779,
      "d_n": 0.49074032336855855,
      "d_l": 0.4119048365183826,
      "d_s": 0.6004930499690204,
      "e_e": 0.726407985791949,
      "e_s": 0.4039398361988304,
      "e_m": 0.3492099544168346
    }
  },
  "dist_summary": {
    "axes": {
      "m": {
        "n": 123,
        "nan_frac": 0.0,
        "mean": -0.014736348028650613,
        "median": -0.04567675292491913,
        "std": 1.1590786520469936,
        "iqr": 1.3185733556747437,
        "mad": 0.6958486884832382,
        "mad_sigma": 1.031665265545249,
        "skewness": -0.1274819582297407,
        "kurtosis_excess": 1.1263417704614982,
        "delta_mean_median": 0.030940404896268515
      },
      "d": {
        "n": 123,
        "nan_frac": 0.0,
        "mean": -0.08417092112642599,
        "median": 0.022555647417902946,
        "std": 0.5986115238289338,
        "iqr": 0.5605979859828949,
        "mad": 0.2791930753737688,
        "mad_sigma": 0.4139316535491496,
        "skewness": -1.2675734462007149,
        "kurtosis_excess": 2.569928826258555,
        "delta_mean_median": -0.10672656854432894
      },
      "e": {
        "n": 123,
        "nan_frac": 0.0,
        "mean": 0.20247021894873596,
        "median": 0.02429874986410141,
        "std": 0.7929442554801298,
        "iqr": 0.8014712184667587,
        "mad": 0.42227140814065933,
        "mad_sigma": 0.6260595897093415,
        "skewness": 1.1853367632555596,
        "kurtosis_excess": 2.1017883020480044,
        "delta_mean_median": 0.17817146908463455
      }
    },
    "subcoords": {
      "m_a": {
        "n": 123,
        "nan_frac": 0.0,
        "mean": -0.4598569044373869,
        "median": 0.0018711090087890625,
        "std": 1.5317245821961927,
        "iqr": 1.4407705068588257,
        "mad": 0.6130456924438477,
        "mad_sigma": 0.9089015436172485,
        "skewness": -1.4988751159376166,
        "kurtosis_excess": 2.1840243212777573,
        "delta_mean_median": -0.461728013446176
      },
      "m_e": {
        "n": 123,
        "nan_frac": 0.0,
        "mean": 0.12388193918717647,
        "median": 0.0,
        "std": 1.1807927169979735,
        "iqr": 1.3321862816810608,
        "mad": 0.674490749835968,
        "mad_sigma": 0.9999999857068061,
        "skewness": -0.06392578463961102,
        "kurtosis_excess": 0.7676756682250221,
        "delta_mean_median": 0.12388193918717647
      },
      "m_o": {
        "n": 123,
        "nan_frac": 0.0,
        "mean": 0.4291185324754172,
        "median": 0.0,
        "std": 1.5118500043142091,
        "iqr": 1.4970747530460358,
        "mad": 0.674490749835968,
        "mad_sigma": 0.9999999857068061,
        "skewness": 1.6530286160498,
        "kurtosis_excess": 2.709493098582917,
        "delta_mean_median": 0.4291185324754172
      },
      "d_n": {
        "n": 123,
        "nan_frac": 0.0,
        "mean": 0.22898567463006309,
        "median": 0.0,
        "std": 1.719130765309046,
        "iqr": 1.2913008034229279,
        "mad": 0.674490749835968,
        "mad_sigma": 0.9999999857068061,
        "skewness": 1.9784252433308087,
        "kurtosis_excess": 4.203682366731948,
        "delta_mean_median": 0.22898567463006309
      },
      "d_l": {
        "n": 123,
        "nan_frac": 0.0,
        "mean": -0.310974557452449,
        "median": 0.0,
        "std": 1.3157258005464714,
        "iqr": 1.3893995881080627,
        "mad": 0.674490749835968,
        "mad_sigma": 0.9999999857068061,
        "skewness": -1.2387041933780976,
        "kurtosis_excess": 2.078682802947715,
        "delta_mean_median": -0.310974557452449
      },
      "d_s": {
        "n": 123,
        "nan_frac": 0.0,
        "mean": 0.020831502550016572,
        "median": 0.0,
        "std": 0.8736006717169772,
        "iqr": 1.360642433166504,
        "mad": 0.674490749835968,
        "mad_sigma": 0.9999999857068061,
        "skewness": 0.3133748904957216,
        "kurtosis_excess": -0.5243163693793584,
        "delta_mean_median": 0.020831502550016572
      },
      "e_e": {
        "n": 123,
        "nan_frac": 0.0,
        "mean": -0.09335573553675558,
        "median": 0.0,
        "std": 1.0568483908609168,
        "iqr": 1.3810344636440277,
        "mad": 0.674490749835968,
        "mad_sigma": 0.9999999857068061,
        "skewness": -0.15064794539696624,
        "kurtosis_excess": 0.07708151758662085,
        "delta_mean_median": -0.09335573553675558
      },
      "e_s": {
        "n": 123,
        "nan_frac": 0.0,
        "mean": 0.6126556491433848,
        "median": 0.0,
        "std": 1.7595228385706652,
        "iqr": 1.5140985995531082,
        "mad": 0.674490749835968,
        "mad_sigma": 0.9999999857068061,
        "skewness": 1.6305121003814365,
        "kurtosis_excess": 2.203559544887116,
        "delta_mean_median": 0.6126556491433848
      },
      "e_m": {
        "n": 123,
        "nan_frac": 0.0,
        "mean": 0.10704073350785709,
        "median": 0.0,
        "std": 1.1651445554091096,
        "iqr": 1.328655183315277,
        "mad": 0.6744906306266785,
        "mad_sigma": 0.9999998089671135,
        "skewness": 0.8031477838460561,
        "kurtosis_excess": 1.3416936838307087,
        "delta_mean_median": 0.10704073350785709
      }
    }
  },
  "entropy_provisional": {},
  "geometry_contract": {
    "policy_version": "standard_invalidity_v1",
    "status": "ok",
    "primary_requires_coords_9d": true,
    "shared_time_grid": {
      "epochs_before_policy": 123,
      "epochs_retained": 123,
      "epochs_dropped": 0,
      "drop_fraction": 0.0,
      "dropped_epoch_indices_preview": [],
      "drop_reason_counts": {
        "mnps_3d_nonfinite_rows": 0,
        "coords_9d_nonfinite_rows_affecting_primary": 0
      }
    },
    "mnps_3d": {
      "finite_row_fraction_before": 1.0,
      "nonfinite_row_count": 0,
      "degenerate_axes": [],
      "all_nan_axes": []
    },
    "coords_9d": {
      "available": true,
      "shape_matches_time_grid": true,
      "finite_row_fraction_before": 1.0,
      "nonfinite_row_count": 0,
      "nonfinite_rows_retained_on_shared_grid": 0,
      "degenerate_axes": [],
      "all_nan_axes": []
    },
    "time_grid": {
      "status": "ok",
      "warnings": [],
      "window_count": 123,
      "finite_window_bounds_fraction": 1.0,
      "dt_source": "window_start",
      "dt_sec_runtime": 4.0,
      "dt_sec_config": 4.0,
      "window_sec_config": 8.0,
      "dt_matches_runtime": true,
      "dt_matches_config_formula": true,
      "window_len_matches_config": true,
      "nonpositive_dt_count": 0,
      "nonpositive_window_len_count": 0,
      "dt_intervals_sec": {
        "n": 122,
        "mean": 4.0,
        "median": 4.0,
        "iqr": 0.0,
        "p95": 4.0,
        "max": 4.0
      },
      "window_lengths_sec": {
        "n": 123,
        "mean": 8.0,
        "median": 8.0,
        "iqr": 0.0,
        "p95": 8.0,
        "max": 8.0
      }
    },