{
  "dataset_id": "ds004511:sub-S210204:ses-01_cognitive_control_run-01",
  "subject": "sub-S210204",
  "session": "ses-01",
  "reliability_axes": {
    "m": 0.5484155785585333,
    "d": 0.3777244142896675,
    "e": 0.42254144920688275
  },
  "reliability_subcoords": {
    "m_a": 0.6538269946009159,
    "m_e": 0.647026161281458,
    "m_o": 0.41429499456673524,
    "d_n": 0.7675310967575769,
    "d_l": 0.47816830444693215,
    "d_s": 0.4922692624962814,
    "e_e": 0.6371569415179666,
    "e_s": 0.3247229822901086,
    "e_m": 0.5161267026441233
  }
}