{
  "dataset_id": "ds004511:sub-S210204:ses-01_cognitive_control_run-01",
  "subject": "sub-S210204",
  "session": "ses-01",
  "coverage": {
    "epochs": 253,
    "seconds": 1012.0
  },
  "artifacts": {
    "methods": [
      "ica"
    ],
    "bad_eeg_channels": [
      "Batt_0",
      "Batt_1",
      "Batt_2",
      "Batt_3",
      "F8",
      "Gnd-Ref",
      "Gnd-Ref1",
      "Gnd-Ref2",
      "Gnd-Ref3",
      "Ref",
      "Sync"
    ],
    "n_bad_eeg_channels": 11,
    "stem_collisions": {}
  },
  "ensemble": {
    "var_by_subcoord": {
      "m_a": 0.0009369133040308952,
      "m_e": 0.0,
      "m_o": 0.0,
      "d_n": 0.0,
      "d_l": 0.0,
      "d_s": 0.0,
      "e_e": 0.0,
      "e_s": 0.0,
      "e_m": 0.0
    },
    "var_mean": 0.00010410147822565502,
    "var_max": 0.0009369133040308952
  },
  "reliability": {
    "axes": {
      "m": 0.5484155785585333,
      "d": 0.3777244142896675,
      "e": 0.42254144920688275
    },
    "subcoords": {
      "m_a": 0.6538269946009159,
      "m_e": 0.647026161281458,
      "m_o": 0.41429499456673524,
      "d_n": 0.7675310967575769,
      "d_l": 0.47816830444693215,
      "d_s": 0.4922692624962814,
      "e_e": 0.6371569415179666,
      "e_s": 0.3247229822901086,
      "e_m": 0.5161267026441233
    }
  },
  "dist_summary": {
    "axes": {
      "m": {
        "n": 253,
        "nan_frac": 0.0,
        "mean": -0.13176011522976946,
        "median": -0.05064306780695915,
        "std": 0.9519925796999626,
        "iqr": 0.970207154750824,
        "mad": 0.4946148581802845,
        "mad_sigma": 0.7333159887380898,
        "skewness": -0.9701083882161634,
        "kurtosis_excess": 1.9761772914121725,
        "delta_mean_median": -0.08111704742281031
      },
      "d": {
        "n": 253,
        "nan_frac": 0.0,
        "mean": 0.03568724517088398,
        "median": -0.0035984902642667294,
        "std": 0.6865994575027992,
        "iqr": 0.6960253119468689,
        "mad": 0.35685651609674096,
        "mad_sigma": 0.5290754707650281,
        "skewness": 0.41340263448870224,
        "kurtosis_excess": 2.945031847816743,
        "delta_mean_median": 0.03928573543515071
      },
      "e": {
        "n": 253,
        "nan_frac": 0.0,
        "mean": 0.045944680623607084,
        "median": 0.16352306306362152,
        "std": 0.8564672765009831,
        "iqr": 0.8780892491340637,
        "mad": 0.41808725893497467,
        "mad_sigma": 0.6198561700969935,
        "skewness": -1.1326837272747234,
        "kurtosis_excess": 4.068467379948971,
        "delta_mean_median": -0.11757838244001444
      }
    },
    "subcoords": {
      "m_a": {
        "n": 253,
        "nan_frac": 0.0,
        "mean": -0.32630702860565053,
        "median": 0.033607661724090576,
        "std": 1.359109683821269,
        "iqr": 1.3315520286560059,
        "mad": 0.6320783495903015,
        "mad_sigma": 0.937119361102581,
        "skewness": -1.620717604684866,
        "kurtosis_excess": 3.1773936364694864,
        "delta_mean_median": -0.3599146903297411
      },
      "m_e": {
        "n": 253,
        "nan_frac": 0.0,
        "mean": -0.14638394409267916,
        "median": 0.0,
        "std": 1.3355106848541698,
        "iqr": 1.3328419923782349,
        "mad": 0.674490749835968,
        "mad_sigma": 0.9999999857068061,
        "skewness": -1.2580221997844017,
        "kurtosis_excess": 3.0108773306634324,
        "delta_mean_median": -0.14638394409267916
      },
      "m_o": {
        "n": 253,
        "nan_frac": 0.0,
        "mean": 0.15415588150367673,
        "median": 0.0,
        "std": 1.086167533488972,
        "iqr": 1.3439534306526184,
        "mad": 0.674490749835968,
        "mad_sigma": 0.9999999857068061,
        "skewness": 1.0245015554326589,
        "kurtosis_excess": 1.6889554546513699,
        "delta_mean_median": 0.15415588150367673
      },
      "d_n": {
        "n": 253,
        "nan_frac": 0.0,
        "mean": 0.5526073548626228,
        "median": 0.0,
        "std": 1.8296607516619696,
        "iqr": 1.4624695181846619,
        "mad": 0.674490749835968,
        "mad_sigma": 0.9999999857068061,
        "skewness": 1.6636197599450009,
        "kurtosis_excess": 2.159833629820106,
        "delta_mean_median": 0.5526073548626228
      },
      "d_l": {
        "n": 253,
        "nan_frac": 0.0,
        "mean": -0.3241208761400385,
        "median": 0.0,
        "std": 1.4345235948166308,
        "iqr": 1.4593219757080078,
        "mad": 0.674490749835968,
        "mad_sigma": 0.9999999857068061,
        "skewness": -1.6719119634262407,
        "kurtosis_excess": 3.637355577639405,
        "delta_mean_median": -0.3241208761400385
      },
      "d_s": {
        "n": 253,
        "nan_frac": 0.0,
        "mean": 0.16633937674254295,
        "median": 0.0,
        "std": 1.035356448570841,
        "iqr": 1.3301752805709839,
        "mad": 0.674490749835968,
        "mad_sigma": 0.9999999857068061,
        "skewness": 1.2106459302105352,
        "kurtosis_excess": 3.4572724194314954,
        "delta_mean_median": 0.16633937674254295
      },
      "e_e": {
        "n": 253,
        "nan_frac": 0.0,
        "mean": -0.13544124240063043,
        "median": 0.0,
        "std": 1.097188603339572,
        "iqr": 1.3688215613365173,
        "mad": 0.6744906306266785,
        "mad_sigma": 0.9999998089671135,
        "skewness": -0.9666702235088495,
        "kurtosis_excess": 1.6541119657576457,
        "delta_mean_median": -0.13544124240063043
      },
      "e_s": {
        "n": 253,
        "nan_frac": 0.0,
        "mean": 0.29774207876730163,
        "median": 0.0,
        "std": 1.6793874596942742,
        "iqr": 1.3559443354606628,
        "mad": 0.674490749835968,
        "mad_sigma": 0.9999999857068061,
        "skewness": 1.1242820775584195,
        "kurtosis_excess": 3.9960884516335096,
        "delta_mean_median": 0.29774207876730163
      },
      "e_m": {
        "n": 253,
        "nan_frac": 0.0,
        "mean": -0.018599989927068294,
        "median": 0.0,
        "std": 0.9426572857350237,
        "iqr": 1.3342741131782532,
        "mad": 0.674490749835968,
        "mad_sigma": 0.9999999857068061,
        "skewness": -0.0012051345496631157,
        "kurtosis_excess": -0.31569982653448925,
        "delta_mean_median": -0.018599989927068294
      }
    }
  },
  "entropy_provisional": {},
  "geometry_contract": {
    "policy_version": "standard_invalidity_v1",
    "status": "ok",
    "primary_requires_coords_9d": true,
    "shared_time_grid": {
      "epochs_before_policy": 253,
      "epochs_retained": 253,
      "epochs_dropped": 0,
      "drop_fraction": 0.0,
      "dropped_epoch_indices_preview": [],
      "drop_reason_counts": {
        "mnps_3d_nonfinite_rows": 0,
        "coords_9d_nonfinite_rows_affecting_primary": 0
      }
    },
    "mnps_3d": {
      "finite_row_fraction_before": 1.0,
      "nonfinite_row_count": 0,
      "degenerate_axes": [],
      "all_nan_axes": []
    },
    "coords_9d": {
      "available": true,
      "shape_matches_time_grid": true,
      "finite_row_fraction_before": 1.0,
      "nonfinite_row_count": 0,
      "nonfinite_rows_retained_on_shared_grid": 0,
      "degenerate_axes": [],
      "all_nan_axes": []
    },
    "time_grid": {
      "status": "ok",
      "warnings": [],
      "window_count": 253,
      "finite_window_bounds_fraction": 1.0,
      "dt_source": "window_start",
      "dt_sec_runtime": 4.0,
      "dt_sec_config": 4.0,
      "window_sec_config": 8.0,
      "dt_matches_runtime": true,
      "dt_matches_config_formula": true,
      "window_len_matches_config": true,
      "nonpositive_dt_count": 0,
      "nonpositive_window_len_count": 0,
      "dt_intervals_sec": {
        "n": 252,
        "mean": 4.0,
        "median": 4.0,
        "iqr": 0.0,
        "p95": 4.0,
        "max": 4.0
      },
      "window_lengths_sec": {
        "n": 253,
        "mean": 8.0,
        "median": 8.0,
        "iqr": 0.0,
        "p95": 8.0,