{
  "dataset_id": "ds004511:sub-S210202:ses-01_cognitive_control_run-01",
  "subject": "sub-S210202",
  "session": "ses-01",
  "reliability_axes": {
    "m": 0.5864778593537288,
    "d": 0.5487547712086677,
    "e": 0.5690531416601792
  },
  "reliability_subcoords": {
    "m_a": 0.3848211264058771,
    "m_e": 0.7466524328469502,
    "m_o": 0.5826451752307278,
    "d_n": 0.5979118204261705,
    "d_l": 0.37979723502610235,
    "d_s": 0.7146257789097014,
    "e_e": 0.5952889119292079,
    "e_s": 0.3896516428397539,
    "e_m": 0.3830982161668511
  }
}