{
  "dataset_id": "ds004511:sub-S210202:ses-01_cognitive_control_run-01",
  "subject": "sub-S210202",
  "session": "ses-01",
  "coverage": {
    "epochs": 247,
    "seconds": 988.0
  },
  "artifacts": {
    "methods": [
      "ica"
    ],
    "bad_eeg_channels": [
      "Batt_0",
      "Batt_1",
      "Batt_2",
      "Batt_3",
      "Gnd-Ref",
      "Gnd-Ref1",
      "Gnd-Ref2",
      "Gnd-Ref3",
      "Ref",
      "Sync"
    ],
    "n_bad_eeg_channels": 10,
    "stem_collisions": {}
  },
  "ensemble": {
    "var_by_subcoord": {
      "m_a": 0.003318256698548794,
      "m_e": 0.0,
      "m_o": 0.0,
      "d_n": 0.0,
      "d_l": 0.0,
      "d_s": 0.0,
      "e_e": 0.0,
      "e_s": 0.0,
      "e_m": 0.0
    },
    "var_mean": 0.00036869518872764375,
    "var_max": 0.003318256698548794
  },
  "reliability": {
    "axes": {
      "m": 0.5864778593537288,
      "d": 0.5487547712086677,
      "e": 0.5690531416601792
    },
    "subcoords": {
      "m_a": 0.3848211264058771,
      "m_e": 0.7466524328469502,
      "m_o": 0.5826451752307278,
      "d_n": 0.5979118204261705,
      "d_l": 0.37979723502610235,
      "d_s": 0.7146257789097014,
      "e_e": 0.5952889119292079,
      "e_s": 0.3896516428397539,
      "e_m": 0.3830982161668511
    }
  },
  "dist_summary": {
    "axes": {
      "m": {
        "n": 247,
        "nan_frac": 0.0,
        "mean": -0.1866187975988893,
        "median": -0.001151400851085782,
        "std": 0.8811186563535428,
        "iqr": 1.1533068120479584,
        "mad": 0.5572132884990424,
        "mad_sigma": 0.8261244215286802,
        "skewness": -0.7115296191915598,
        "kurtosis_excess": 0.25638828119205215,
        "delta_mean_median": -0.18546739674780352
      },
      "d": {
        "n": 247,
        "nan_frac": 0.0,
        "mean": 0.09249494457452441,
        "median": 0.1504373848438263,
        "std": 0.6674368180392682,
        "iqr": 0.7960918992757797,
        "mad": 0.3934759795665741,
        "mad_sigma": 0.5833674873054028,
        "skewness": -0.5716786945022443,
        "kurtosis_excess": 2.7317147959690917,
        "delta_mean_median": -0.057942440269301884
      },
      "e": {
        "n": 247,
        "nan_frac": 0.0,
        "mean": 0.18380820075003337,
        "median": 0.14795678853988647,
        "std": 0.7781467223771036,
        "iqr": 1.020136997103691,
        "mad": 0.5118383467197418,
        "mad_sigma": 0.7588515328466892,
        "skewness": 0.2524554148875394,
        "kurtosis_excess": 0.8441288208271338,
        "delta_mean_median": 0.0358514122101469
      }
    },
    "subcoords": {
      "m_a": {
        "n": 247,
        "nan_frac": 0.0,
        "mean": -0.25414693986748155,
        "median": -0.024683836847543716,
        "std": 1.1567528097483468,
        "iqr": 1.1455420851707458,
        "mad": 0.5719365514814854,
        "mad_sigma": 0.8479531312264501,
        "skewness": -1.685324917941652,
        "kurtosis_excess": 4.0142603069907175,
        "delta_mean_median": -0.22946310301993783
      },
      "m_e": {
        "n": 247,
        "nan_frac": 0.0,
        "mean": -0.22678070182927135,
        "median": 0.0,
        "std": 1.274539991090174,
        "iqr": 1.3759635090827942,
        "mad": 0.674490749835968,
        "mad_sigma": 0.9999999857068061,
        "skewness": -1.2155715069136306,
        "kurtosis_excess": 1.5240036566662036,
        "delta_mean_median": -0.22678070182927135
      },
      "m_o": {
        "n": 247,
        "nan_frac": 0.0,
        "mean": -0.04449324182004702,
        "median": 0.0,
        "std": 1.0568636836260605,
        "iqr": 1.345414638519287,
        "mad": 0.674490749835968,
        "mad_sigma": 0.9999999857068061,
        "skewness": -0.11666299624338376,
        "kurtosis_excess": -0.4277026080426607,
        "delta_mean_median": -0.04449324182004702
      },
      "d_n": {
        "n": 247,
        "nan_frac": 0.0,
        "mean": 0.26534485869837343,
        "median": 0.0,
        "std": 1.270765370582605,
        "iqr": 1.3967646360397339,
        "mad": 0.674490749835968,
        "mad_sigma": 0.9999999857068061,
        "skewness": 1.1532712689607323,
        "kurtosis_excess": 1.4414753497724089,
        "delta_mean_median": 0.26534485869837343
      },
      "d_l": {
        "n": 247,
        "nan_frac": 0.0,
        "mean": -0.2569290647809367,
        "median": 0.0,
        "std": 1.247617582533361,
        "iqr": 1.4133433997631073,
        "mad": 0.6744908094406128,
        "mad_sigma": 1.0000000740766524,
        "skewness": -1.5291544279753633,
        "kurtosis_excess": 3.805921529028921,
        "delta_mean_median": -0.2569290647809367
      },
      "d_s": {
        "n": 247,
        "nan_frac": 0.0,
        "mean": 0.807147542829154,
        "median": 0.0,
        "std": 2.0758836131085334,
        "iqr": 1.9161593317985535,
        "mad": 0.674490749835968,
        "mad_sigma": 0.9999999857068061,
        "skewness": 1.483123565168723,
        "kurtosis_excess": 1.0918053307836901,
        "delta_mean_median": 0.807147542829154
      },
      "e_e": {
        "n": 247,
        "nan_frac": 0.0,
        "mean": -0.01670925406011402,
        "median": 0.0,
        "std": 1.1527495078151304,
        "iqr": 1.2726882994174957,
        "mad": 0.6744906902313232,
        "mad_sigma": 0.9999998973369598,
        "skewness": -0.8256158349547263,
        "kurtosis_excess": 1.9518615918062654,
        "delta_mean_median": -0.01670925406011402
      },
      "e_s": {
        "n": 247,
        "nan_frac": 0.0,
        "mean": 0.45547363541639496,
        "median": 0.0,
        "std": 1.6125140313239794,
        "iqr": 1.4090777337551117,
        "mad": 0.674490749835968,
        "mad_sigma": 0.9999999857068061,
        "skewness": 1.7637720236681431,
        "kurtosis_excess": 2.920611381152076,
        "delta_mean_median": 0.45547363541639496
      },
      "e_m": {
        "n": 247,
        "nan_frac": 0.0,
        "mean": 0.2507172791015824,
        "median": 0.0,
        "std": 1.1794427424364733,
        "iqr": 1.3401483595371246,
        "mad": 0.6744906306266785,
        "mad_sigma": 0.9999998089671135,
        "skewness": 1.2099354873739143,
        "kurtosis_excess": 2.170458911450053,
        "delta_mean_median": 0.2507172791015824
      }
    }
  },
  "entropy_provisional": {},
  "geometry_contract": {
    "policy_version": "standard_invalidity_v1",
    "status": "ok",
    "primary_requires_coords_9d": true,
    "shared_time_grid": {
      "epochs_before_policy": 247,
      "epochs_retained": 247,
      "epochs_dropped": 0,
      "drop_fraction": 0.0,
      "dropped_epoch_indices_preview": [],
      "drop_reason_counts": {
        "mnps_3d_nonfinite_rows": 0,
        "coords_9d_nonfinite_rows_affecting_primary": 0
      }
    },
    "mnps_3d": {
      "finite_row_fraction_before": 1.0,
      "nonfinite_row_count": 0,
      "degenerate_axes": [],
      "all_nan_axes": []
    },
    "coords_9d": {
      "available": true,
      "shape_matches_time_grid": true,
      "finite_row_fraction_before": 1.0,
      "nonfinite_row_count": 0,
      "nonfinite_rows_retained_on_shared_grid": 0,
      "degenerate_axes": [],
      "all_nan_axes": []
    },
    "time_grid": {
      "status": "ok",
      "warnings": [],
      "window_count": 247,
      "finite_window_bounds_fraction": 1.0,
      "dt_source": "window_start",
      "dt_sec_runtime": 4.0,
      "dt_sec_config": 4.0,
      "window_sec_config": 8.0,
      "dt_matches_runtime": true,
      "dt_matches_config_formula": true,
      "window_len_matches_config": true,
      "nonpositive_dt_count": 0,
      "nonpositive_window_len_count": 0,
      "dt_intervals_sec": {
        "n": 246,
        "mean": 4.0,
        "median": 4.0,
        "iqr": 0.0,
        "p95": 4.0,
        "max": 4.0
      },
      "window_lengths_sec": {
        "n": 247,
        "mean": 8.0,
        "median": 8.0,
        "iqr": 0.0,
        "p95": 8.0,
        "max": 8.0
      }
    },