{
  "dataset_id": "ds004511:sub-S200311:ses-01_gambling_run-01",
  "subject": "sub-S200311",
  "session": "ses-01",
  "reliability_axes": {
    "m": 0.5892173196737448,
    "d": 0.707541804310648,
    "e": 0.5715271977490444
  },
  "reliability_subcoords": {
    "m_a": 0.6633541185677477,
    "m_e": 0.6688560972677144,
    "m_o": 0.6012349655148557,
    "d_n": 0.7430985719404101,
    "d_l": 0.662534365821105,
    "d_s": 0.4463518740766596,
    "e_e": 0.5764360659118829,
    "e_s": 0.6388175769355353,
    "e_m": 0.45785432580810037
  }
}