{
  "dataset_id": "ds004511:sub-S200311:ses-01_gambling_run-01",
  "subject": "sub-S200311",
  "session": "ses-01",
  "coverage": {
    "epochs": 886,
    "seconds": 3544.0
  },
  "artifacts": {
    "methods": [
      "ica"
    ],
    "bad_eeg_channels": [
      "Batt_0",
      "Batt_1",
      "Batt_2",
      "Batt_3",
      "Gnd-Ref",
      "Gnd-Ref1",
      "Gnd-Ref2",
      "Gnd-Ref3",
      "Ref",
      "Sync"
    ],
    "n_bad_eeg_channels": 10,
    "stem_collisions": {}
  },
  "ensemble": {
    "var_by_subcoord": {
      "m_a": 0.0006688573630526662,
      "m_e": 6.991850827286041e-15,
      "m_o": 3.868279614948353e-15,
      "d_n": 8.408814763539844e-16,
      "d_l": 1.1439155388713856e-14,
      "d_s": 2.9808705129225717e-15,
      "e_e": 1.9584984675691253e-12,
      "e_s": 0.0,
      "e_m": 0.0
    },
    "var_mean": 7.431748500414285e-05,
    "var_max": 0.0006688573630526662
  },
  "reliability": {
    "axes": {
      "m": 0.5892173196737448,
      "d": 0.707541804310648,
      "e": 0.5715271977490444
    },
    "subcoords": {
      "m_a": 0.6633541185677477,
      "m_e": 0.6688560972677144,
      "m_o": 0.6012349655148557,
      "d_n": 0.7430985719404101,
      "d_l": 0.662534365821105,
      "d_s": 0.4463518740766596,
      "e_e": 0.5764360659118829,
      "e_s": 0.6388175769355353,
      "e_m": 0.45785432580810037
    }
  },
  "dist_summary": {
    "axes": {
      "m": {
        "n": 886,
        "nan_frac": 0.0,
        "mean": 0.035354099828885495,
        "median": 0.06689519807696342,
        "std": 0.7058471992200526,
        "iqr": 0.8708416074514389,
        "mad": 0.4348551332950592,
        "mad_sigma": 0.6447162206232547,
        "skewness": -0.4520957119429774,
        "kurtosis_excess": 1.5801668464191652,
        "delta_mean_median": -0.03154109824807793
      },
      "d": {
        "n": 886,
        "nan_frac": 0.0,
        "mean": 0.07242273275412485,
        "median": 0.028719003312289715,
        "std": 0.7931485619557387,
        "iqr": 1.0320624932646751,
        "mad": 0.5157542079687119,
        "mad_sigma": 0.7646571887344121,
        "skewness": 0.2881364070128293,
        "kurtosis_excess": 0.21072394184512033,
        "delta_mean_median": 0.043703729441835135
      },
      "e": {
        "n": 886,
        "nan_frac": 0.0,
        "mean": 0.0565367408346965,
        "median": 0.032853057608008385,
        "std": 0.7229531610058807,
        "iqr": 0.9114466086030006,
        "mad": 0.45523431338369846,
        "mad_sigma": 0.6749303930226713,
        "skewness": 0.49656730670022786,
        "kurtosis_excess": 1.1653557600901188,
        "delta_mean_median": 0.023683683226688117
      }
    },
    "subcoords": {
      "m_a": {
        "n": 886,
        "nan_frac": 0.0,
        "mean": -0.1412856078982084,
        "median": -0.0260578915476799,
        "std": 1.100594773306414,
        "iqr": 1.2838257104158401,
        "mad": 0.6364904120564461,
        "mad_sigma": 0.9436606849148869,
        "skewness": -0.8420973417464325,
        "kurtosis_excess": 1.876222558584418,
        "delta_mean_median": -0.1152277163505285
      },
      "m_e": {
        "n": 886,
        "nan_frac": 0.0,
        "mean": -0.00588989441186341,
        "median": 0.0,
        "std": 1.0609896231763944,
        "iqr": 1.3476887345314026,
        "mad": 0.6744907796382904,
        "mad_sigma": 1.0000000298917293,
        "skewness": -0.25390260071446463,
        "kurtosis_excess": 0.9468074557315709,
        "delta_mean_median": -0.00588989441186341
      },
      "m_o": {
        "n": 886,
        "nan_frac": 0.0,
        "mean": 0.3291337075488196,
        "median": -1.5052501112222672e-07,
        "std": 1.3882270845813889,
        "iqr": 1.4978390634059906,
        "mad": 0.6744906291132793,
        "mad_sigma": 0.9999998067233478,
        "skewness": 1.697574771555347,
        "kurtosis_excess": 3.7550857674253475,
        "delta_mean_median": 0.3291338580738307
      },
      "d_n": {
        "n": 886,
        "nan_frac": 0.0,
        "mean": 0.12521566011739,
        "median": -9.39471647143364e-08,
        "std": 1.0902329247461044,
        "iqr": 1.389468863606453,
        "mad": 0.6744906558888033,
        "mad_sigma": 0.9999998464207397,
        "skewness": 0.7932645548933954,
        "kurtosis_excess": 1.1575960504576326,
        "delta_mean_median": 0.1252157540645547
      },
      "d_l": {
        "n": 886,
        "nan_frac": 0.0,
        "mean": -0.018575432088066304,
        "median": 0.0,
        "std": 1.0534497948246504,
        "iqr": 1.3471233248710632,
        "mad": 0.6744907200336456,
        "mad_sigma": 0.999999941521883,
        "skewness": -0.2836415288195622,
        "kurtosis_excess": 0.5667748454991641,
        "delta_mean_median": -0.018575432088066304
      },
      "d_s": {
        "n": 886,
        "nan_frac": 0.0,
        "mean": 0.2446442644907273,
        "median": 9.767245501279831e-08,
        "std": 1.239777101023442,
        "iqr": 1.3993539065122604,
        "mad": 0.6744907796382904,
        "mad_sigma": 1.0000000298917293,
        "skewness": 1.391116303658419,
        "kurtosis_excess": 2.8287639594596676,
        "delta_mean_median": 0.24464416681827228
      },
      "e_e": {
        "n": 886,
        "nan_frac": 0.0,
        "mean": -0.03998589915939255,
        "median": 0.0,
        "std": 1.048099609144327,
        "iqr": 1.3410790115594864,
        "mad": 0.6744906902313232,
        "mad_sigma": 0.9999998973369598,
        "skewness": -0.3174555720796469,
        "kurtosis_excess": 0.568284945412723,
        "delta_mean_median": -0.03998589915939255
      },
      "e_s": {
        "n": 886,
        "nan_frac": 0.0,
        "mean": 0.1863806023685268,
        "median": 0.0,
        "std": 1.2451281968549186,
        "iqr": 1.3476136028766632,
        "mad": 0.674490749835968,
        "mad_sigma": 0.9999999857068061,
        "skewness": 1.7282074634131872,
        "kurtosis_excess": 4.910870232434104,
        "delta_mean_median": 0.1863806023685268
      },
      "e_m": {
        "n": 886,
        "nan_frac": 0.0,
        "mean": 0.10790513297813602,
        "median": 0.0,
        "std": 1.1311606143935253,
        "iqr": 1.346371054649353,
        "mad": 0.6744907200336456,
        "mad_sigma": 0.999999941521883,
        "skewness": 0.8879952318555117,
        "kurtosis_excess": 1.9052951979139312,
        "delta_mean_median": 0.10790513297813602
      }
    }
  },
  "entropy_provisional": {},
  "geometry_contract": {
    "policy_version": "standard_invalidity_v1",
    "status": "ok",
    "primary_requires_coords_9d": true,
    "shared_time_grid": {
      "epochs_before_policy": 886,
      "epochs_retained": 886,
      "epochs_dropped": 0,
      "drop_fraction": 0.0,
      "dropped_epoch_indices_preview": [],
      "drop_reason_counts": {
        "mnps_3d_nonfinite_rows": 0,
        "coords_9d_nonfinite_rows_affecting_primary": 0
      }
    },
    "mnps_3d": {
      "finite_row_fraction_before": 1.0,
      "nonfinite_row_count": 0,
      "degenerate_axes": [],
      "all_nan_axes": []
    },
    "coords_9d": {
      "available": true,
      "shape_matches_time_grid": true,
      "finite_row_fraction_before": 1.0,
      "nonfinite_row_count": 0,
      "nonfinite_rows_retained_on_shared_grid": 0,
      "degenerate_axes": [],
      "all_nan_axes": []
    },
    "time_grid": {
      "status": "ok",
      "warnings": [],
      "window_count": 886,
      "finite_window_bounds_fraction": 1.0,
      "dt_source": "window_start",
      "dt_sec_runtime": 4.0,
      "dt_sec_config": 4.0,
      "window_sec_config": 8.0,
      "dt_matches_runtime": true,
      "dt_matches_config_formula": true,
      "window_len_matches_config": true,
      "nonpositive_dt_count": 0,
      "nonpositive_window_len_count": 0,
      "dt_intervals_sec": {
        "n": 885,
        "mean": 4.0,
        "median": 4.0,
        "iqr": 0.0,
        "p95": 4.0,
        "max": 4.0
      },