{
  "dataset_id": "ds004511:sub-S200214:ses-01_cognitive_control_run-01",
  "subject": "sub-S200214",
  "session": "ses-01",
  "reliability_axes": {
    "m": 0.7930151297267347,
    "d": 0.7102223490345496,
    "e": 0.8314943917142413
  },
  "reliability_subcoords": {
    "m_a": 0.8995676342105086,
    "m_e": 0.8454881388412839,
    "m_o": 0.5098334535574995,
    "d_n": 0.8883472241970888,
    "d_l": 0.6685252611103125,
    "d_s": 0.43049377657771803,
    "e_e": 0.855900314931748,
    "e_s": 0.7024422953778632,
    "e_m": 0.6394102539513445
  }
}