{
  "dataset_id": "ds004511:sub-S200214:ses-01_cognitive_control_run-01",
  "subject": "sub-S200214",
  "session": "ses-01",
  "coverage": {
    "epochs": 241,
    "seconds": 964.0
  },
  "artifacts": {
    "methods": [
      "ica"
    ],
    "bad_eeg_channels": [
      "Batt_0",
      "Batt_1",
      "Batt_2",
      "Batt_3",
      "Gnd-Ref",
      "Gnd-Ref1",
      "Gnd-Ref2",
      "Gnd-Ref3",
      "Ref",
      "Sync"
    ],
    "n_bad_eeg_channels": 10,
    "stem_collisions": {}
  },
  "ensemble": {
    "var_by_subcoord": {
      "m_a": 0.0015512669924646616,
      "m_e": 0.0,
      "m_o": 0.0,
      "d_n": 0.0,
      "d_l": 0.0,
      "d_s": 0.0,
      "e_e": 0.0,
      "e_s": 0.0,
      "e_m": 0.0
    },
    "var_mean": 0.0001723629991627402,
    "var_max": 0.0015512669924646616
  },
  "reliability": {
    "axes": {
      "m": 0.7930151297267347,
      "d": 0.7102223490345496,
      "e": 0.8314943917142413
    },
    "subcoords": {
      "m_a": 0.8995676342105086,
      "m_e": 0.8454881388412839,
      "m_o": 0.5098334535574995,
      "d_n": 0.8883472241970888,
      "d_l": 0.6685252611103125,
      "d_s": 0.43049377657771803,
      "e_e": 0.855900314931748,
      "e_s": 0.7024422953778632,
      "e_m": 0.6394102539513445
    }
  },
  "dist_summary": {
    "axes": {
      "m": {
        "n": 241,
        "nan_frac": 0.0,
        "mean": -0.17798475100836597,
        "median": 0.005779130384325981,
        "std": 0.9435328713021469,
        "iqr": 0.9357724189758301,
        "mad": 0.4265239667147398,
        "mad_sigma": 0.6323644330512732,
        "skewness": -1.6521456541734283,
        "kurtosis_excess": 4.384547661750512,
        "delta_mean_median": -0.18376388139269195
      },
      "d": {
        "n": 241,
        "nan_frac": 0.0,
        "mean": 0.12553382098976198,
        "median": -0.026267055422067642,
        "std": 0.9433097981249416,
        "iqr": 1.1028456389904022,
        "mad": 0.5428017936646938,
        "mad_sigma": 0.804757939287275,
        "skewness": 0.13276492020462485,
        "kurtosis_excess": 0.6884046431922162,
        "delta_mean_median": 0.15180087641182963
      },
      "e": {
        "n": 241,
        "nan_frac": 0.0,
        "mean": -0.1418731590410754,
        "median": 0.029144287109375,
        "std": 1.076526228576884,
        "iqr": 1.2045074105262756,
        "mad": 0.5989023447036743,
        "mad_sigma": 0.8879326162576675,
        "skewness": -0.7471482159884041,
        "kurtosis_excess": 0.8690407062495664,
        "delta_mean_median": -0.1710174461504504
      }
    },
    "subcoords": {
      "m_a": {
        "n": 241,
        "nan_frac": 0.0,
        "mean": -0.25090409595813,
        "median": 0.0678369477391243,
        "std": 1.272854278461447,
        "iqr": 1.3630084991455078,
        "mad": 0.6408303305506706,
        "mad_sigma": 0.9500950480744242,
        "skewness": -1.3552915510875612,
        "kurtosis_excess": 2.5187801798653693,
        "delta_mean_median": -0.3187410436972543
      },
      "m_e": {
        "n": 241,
        "nan_frac": 0.0,
        "mean": -0.3866739129368409,
        "median": 0.0,
        "std": 1.442004468726485,
        "iqr": 1.5437496304512024,
        "mad": 0.674490749835968,
        "mad_sigma": 0.9999999857068061,
        "skewness": -1.4512633414100014,
        "kurtosis_excess": 2.5433341309917648,
        "delta_mean_median": -0.3866739129368409
      },
      "m_o": {
        "n": 241,
        "nan_frac": 0.0,
        "mean": 0.17754644162651476,
        "median": 0.0,
        "std": 1.1212372167550377,
        "iqr": 1.4442238807678223,
        "mad": 0.674490749835968,
        "mad_sigma": 0.9999999857068061,
        "skewness": 0.8865134498146994,
        "kurtosis_excess": 1.1013292929919611,
        "delta_mean_median": 0.17754644162651476
      },
      "d_n": {
        "n": 241,
        "nan_frac": 0.0,
        "mean": 0.49002434603562695,
        "median": 0.0,
        "std": 1.414310536023673,
        "iqr": 1.684838593006134,
        "mad": 0.674490749835968,
        "mad_sigma": 0.9999999857068061,
        "skewness": 1.0731676925089144,
        "kurtosis_excess": 0.3113309280814023,
        "delta_mean_median": 0.49002434603562695
      },
      "d_l": {
        "n": 241,
        "nan_frac": 0.0,
        "mean": -0.10709253319615693,
        "median": 0.0,
        "std": 1.3858752900374207,
        "iqr": 1.3952683210372925,
        "mad": 0.6744906902313232,
        "mad_sigma": 0.9999998973369598,
        "skewness": -1.0965612087765755,
        "kurtosis_excess": 3.309336855807831,
        "delta_mean_median": -0.10709253319615693
      },
      "d_s": {
        "n": 241,
        "nan_frac": 0.0,
        "mean": 0.15592076496416277,
        "median": 0.0,
        "std": 1.2129850956857224,
        "iqr": 1.2955900430679321,
        "mad": 0.674490749835968,
        "mad_sigma": 0.9999999857068061,
        "skewness": 1.0157112284597611,
        "kurtosis_excess": 2.44139276313512,
        "delta_mean_median": 0.15592076496416277
      },
      "e_e": {
        "n": 241,
        "nan_frac": 0.0,
        "mean": -0.16374250043848243,
        "median": 0.0,
        "std": 1.1767676469899082,
        "iqr": 1.3789575695991516,
        "mad": 0.674490749835968,
        "mad_sigma": 0.9999999857068061,
        "skewness": -0.9907170419710662,
        "kurtosis_excess": 0.9002819026026478,
        "delta_mean_median": -0.16374250043848243
      },
      "e_s": {
        "n": 241,
        "nan_frac": 0.0,
        "mean": -0.12615659973329066,
        "median": 0.0,
        "std": 1.193841377090835,
        "iqr": 1.323777675628662,
        "mad": 0.674490749835968,
        "mad_sigma": 0.9999999857068061,
        "skewness": 0.42015254905058436,
        "kurtosis_excess": 2.546859315554533,
        "delta_mean_median": -0.12615659973329066
      },
      "e_m": {
        "n": 241,
        "nan_frac": 0.0,
        "mean": 0.15294892240254812,
        "median": 0.0,
        "std": 1.0766939019021449,
        "iqr": 1.4088298678398132,
        "mad": 0.6744906902313232,
        "mad_sigma": 0.9999998973369598,
        "skewness": 1.060627564240931,
        "kurtosis_excess": 1.7855446193796976,
        "delta_mean_median": 0.15294892240254812
      }
    }
  },
  "entropy_provisional": {},
  "geometry_contract": {
    "policy_version": "standard_invalidity_v1",
    "status": "ok",
    "primary_requires_coords_9d": true,
    "shared_time_grid": {
      "epochs_before_policy": 241,
      "epochs_retained": 241,
      "epochs_dropped": 0,
      "drop_fraction": 0.0,
      "dropped_epoch_indices_preview": [],
      "drop_reason_counts": {
        "mnps_3d_nonfinite_rows": 0,
        "coords_9d_nonfinite_rows_affecting_primary": 0
      }
    },
    "mnps_3d": {
      "finite_row_fraction_before": 1.0,
      "nonfinite_row_count": 0,
      "degenerate_axes": [],
      "all_nan_axes": []
    },
    "coords_9d": {
      "available": true,
      "shape_matches_time_grid": true,
      "finite_row_fraction_before": 1.0,
      "nonfinite_row_count": 0,
      "nonfinite_rows_retained_on_shared_grid": 0,
      "degenerate_axes": [],
      "all_nan_axes": []
    },
    "time_grid": {
      "status": "ok",
      "warnings": [],
      "window_count": 241,
      "finite_window_bounds_fraction": 1.0,
      "dt_source": "window_start",
      "dt_sec_runtime": 4.0,
      "dt_sec_config": 4.0,
      "window_sec_config": 8.0,
      "dt_matches_runtime": true,
      "dt_matches_config_formula": true,
      "window_len_matches_config": true,
      "nonpositive_dt_count": 0,
      "nonpositive_window_len_count": 0,
      "dt_intervals_sec": {
        "n": 240,
        "mean": 4.0,
        "median": 4.0,
        "iqr": 0.0,
        "p95": 4.0,
        "max": 4.0
      },
      "window_lengths_sec": {
        "n": 241,
        "mean": 8.0,
        "median": 8.0,
        "iqr": 0.0,
        "p95": 8.0,
        "max": 8.0
      }
    },