{
  "dataset_id": "ds003969:sub-001_thinking",
  "subject": "sub-001",
  "session": null,
  "reliability_axes": {
    "m": 0.761720497546112,
    "d": 0.7206667816046838,
    "e": 0.6704580738365618
  },
  "reliability_subcoords": {
    "m_a": 0.704853177190971,
    "m_e": 0.7569698802104751,
    "m_o": 0.7546489675145316,
    "d_n": 0.6863813529478789,
    "d_l": 0.7724802235894785,
    "d_s": 0.704104791836503,
    "e_e": 0.6721615676825258,
    "e_s": 0.7592491744108942,
    "e_m": 0.773668275232567
  }
}