{
  "dataset_id": "ds003969:sub-001_thinking",
  "subject": "sub-001",
  "session": null,
  "coverage": {
    "epochs": 300,
    "seconds": 1200.0
  },
  "artifacts": {
    "methods": [],
    "bad_eeg_channels": [],
    "n_bad_eeg_channels": 0,
    "stem_collisions": {}
  },
  "ensemble": {
    "var_by_subcoord": {
      "m_a": 0.0004640950937755406,
      "m_e": 5.432036584422813e-16,
      "m_o": 5.260709877159646e-16,
      "d_n": 8.606649261008216e-15,
      "d_l": 1.9496830907551888e-13,
      "d_s": 4.397524011601206e-16,
      "e_e": 1.3339148037007365e-13,
      "e_s": 2.0051171281069285e-13,
      "e_m": 0.0
    },
    "var_mean": 5.156612159050308e-05,
    "var_max": 0.0004640950937755406
  },
  "reliability": {
    "axes": {
      "m": 0.761720497546112,
      "d": 0.7206667816046838,
      "e": 0.6704580738365618
    },
    "subcoords": {
      "m_a": 0.704853177190971,
      "m_e": 0.7569698802104751,
      "m_o": 0.7546489675145316,
      "d_n": 0.6863813529478789,
      "d_l": 0.7724802235894785,
      "d_s": 0.704104791836503,
      "e_e": 0.6721615676825258,
      "e_s": 0.7592491744108942,
      "e_m": 0.773668275232567
    }
  },
  "dist_summary": {
    "axes": {
      "m": {
        "n": 300,
        "nan_frac": 0.0,
        "mean": 0.10092449937559043,
        "median": 0.04251009412109852,
        "std": 0.7922921176967229,
        "iqr": 1.0412850230932236,
        "mad": 0.532691702246666,
        "mad_sigma": 0.7897687177509068,
        "skewness": 0.36317979673089423,
        "kurtosis_excess": -0.047941537381157584,
        "delta_mean_median": 0.058414405254491916
      },
      "d": {
        "n": 300,
        "nan_frac": 0.0,
        "mean": 0.047798866799178844,
        "median": 0.06222134456038475,
        "std": 0.6703490882380001,
        "iqr": 0.8474208414554596,
        "mad": 0.43109382316470146,
        "mad_sigma": 0.6391397022239863,
        "skewness": -0.2194908782237326,
        "kurtosis_excess": 0.7962645273257243,
        "delta_mean_median": -0.014422477761205907
      },
      "e": {
        "n": 300,
        "nan_frac": 0.0,
        "mean": 0.04944422315961371,
        "median": 0.04671056754887104,
        "std": 0.6373821868694366,
        "iqr": 0.8028924614191055,
        "mad": 0.4067588150501251,
        "mad_sigma": 0.6030606191933154,
        "skewness": 0.4481401431630964,
        "kurtosis_excess": 1.0713633202025603,
        "delta_mean_median": 0.0027336556107426663
      }
    },
    "subcoords": {
      "m_a": {
        "n": 300,
        "nan_frac": 0.0,
        "mean": -0.018388404188056786,
        "median": -0.021579261869192123,
        "std": 0.8910147610600148,
        "iqr": 1.1677649319171906,
        "mad": 0.5892206430435181,
        "mad_sigma": 0.8735785253763199,
        "skewness": -0.45897099924764573,
        "kurtosis_excess": 2.191056657035671,
        "delta_mean_median": 0.0031908576811353374
      },
      "m_e": {
        "n": 300,
        "nan_frac": 0.0,
        "mean": 0.14968558073043822,
        "median": 0.0,
        "std": 0.9599638460503738,
        "iqr": 1.5046128332614899,
        "mad": 0.6744908094406128,
        "mad_sigma": 1.0000000740766524,
        "skewness": 0.22181300423453634,
        "kurtosis_excess": -0.7269830299402935,
        "delta_mean_median": 0.14968558073043822
      },
      "m_o": {
        "n": 300,
        "nan_frac": 0.0,
        "mean": 0.20571429438889027,
        "median": 0.0,
        "std": 1.0188623014258857,
        "iqr": 1.3033365160226822,
        "mad": 0.6744907796382904,
        "mad_sigma": 1.0000000298917293,
        "skewness": 0.8665837339337173,
        "kurtosis_excess": 0.7443545526325792,
        "delta_mean_median": 0.20571429438889027
      },
      "d_n": {
        "n": 300,
        "nan_frac": 0.0,
        "mean": 0.07987306852824987,
        "median": 3.5297125577926636e-07,
        "std": 0.9695802947838135,
        "iqr": 1.3488228172063828,
        "mad": 0.6744907796382904,
        "mad_sigma": 1.0000000298917293,
        "skewness": 0.4131637997857132,
        "kurtosis_excess": 0.3055798168801185,
        "delta_mean_median": 0.07987271555699409
      },
      "d_l": {
        "n": 300,
        "nan_frac": 0.0,
        "mean": -0.036405879693726696,
        "median": 5.550682544708252e-07,
        "std": 1.0698979041368502,
        "iqr": 1.3475157469511032,
        "mad": 0.6744907796382904,
        "mad_sigma": 1.0000000298917293,
        "skewness": -0.8309665260315318,
        "kurtosis_excess": 3.7059447249638335,
        "delta_mean_median": -0.03640643476198117
      },
      "d_s": {
        "n": 300,
        "nan_frac": 0.0,
        "mean": 0.23712310815540452,
        "median": 1.0756775736808777e-07,
        "std": 1.1872135859141324,
        "iqr": 1.3915489315986633,
        "mad": 0.6744908094406128,
        "mad_sigma": 1.0000000740766524,
        "skewness": 1.6548119708181983,
        "kurtosis_excess": 4.510589515825792,
        "delta_mean_median": 0.23712300058764715
      },
      "e_e": {
        "n": 300,
        "nan_frac": 0.0,
        "mean": -0.003406362131354399,
        "median": -1.6841513570398092e-06,
        "std": 0.9402145901895665,
        "iqr": 1.3516297042369843,
        "mad": 0.6744906902313232,
        "mad_sigma": 0.9999998973369598,
        "skewness": -0.1598013094143486,
        "kurtosis_excess": -0.3352619542770041,
        "delta_mean_median": -0.0034046779799973594
      },
      "e_s": {
        "n": 300,
        "nan_frac": 0.0,
        "mean": 0.11180704055567427,
        "median": 0.0,
        "std": 1.1717520068881695,
        "iqr": 1.338023155927658,
        "mad": 0.674490749835968,
        "mad_sigma": 0.9999999857068061,
        "skewness": 1.687336647571315,
        "kurtosis_excess": 5.7285403033275095,
        "delta_mean_median": 0.11180704055567427
      },
      "e_m": {
        "n": 300,
        "nan_frac": 0.0,
        "mean": 0.2580459157967319,
        "median": 0.0,
        "std": 1.0583666117793387,
        "iqr": 1.4187506586313248,
        "mad": 0.674490749835968,
        "mad_sigma": 0.9999999857068061,
        "skewness": 0.7358715615167333,
        "kurtosis_excess": -0.17448645309079724,
        "delta_mean_median": 0.2580459157967319
      }
    }
  },
  "entropy_provisional": {},
  "geometry_contract": {
    "policy_version": "standard_invalidity_v1",
    "status": "ok",
    "primary_requires_coords_9d": true,
    "shared_time_grid": {
      "epochs_before_policy": 300,
      "epochs_retained": 300,
      "epochs_dropped": 0,
      "drop_fraction": 0.0,
      "dropped_epoch_indices_preview": [],
      "drop_reason_counts": {
        "mnps_3d_nonfinite_rows": 0,
        "coords_9d_nonfinite_rows_affecting_primary": 0
      }
    },
    "mnps_3d": {
      "finite_row_fraction_before": 1.0,
      "nonfinite_row_count": 0,
      "degenerate_axes": [],
      "all_nan_axes": []
    },
    "coords_9d": {
      "available": true,
      "shape_matches_time_grid": true,
      "finite_row_fraction_before": 1.0,
      "nonfinite_row_count": 0,
      "nonfinite_rows_retained_on_shared_grid": 0,
      "degenerate_axes": [],
      "all_nan_axes": []
    },
    "time_grid": {
      "status": "ok",
      "warnings": [],
      "window_count": 300,
      "finite_window_bounds_fraction": 1.0,
      "dt_source": "window_start",
      "dt_sec_runtime": 4.0,
      "dt_sec_config": 4.0,
      "window_sec_config": 8.0,
      "dt_matches_runtime": true,
      "dt_matches_config_formula": true,
      "window_len_matches_config": true,
      "nonpositive_dt_count": 1,
      "nonpositive_window_len_count": 0,
      "dt_intervals_sec": {
        "n": 298,
        "mean": 4.0,
        "median": 4.0,
        "iqr": 0.0,
        "p95": 4.0,
        "max": 4.0
      },
      "window_lengths_sec": {
        "n": 300,
        "mean": 8.0,
        "median": 8.0,
        "iqr": 0.0,
        "p95": 8.0,
        "max": 8.0
      }
    },