{
  "dataset_id": "ds004511:sub-S200211:ses-01_cognitive_control_run-01",
  "subject": "sub-S200211",
  "session": "ses-01",
  "reliability_axes": {
    "m": 0.5720725953090008,
    "d": 0.6751132836774485,
    "e": 0.7465729630202761
  },
  "reliability_subcoords": {
    "m_a": 0.8256472594375331,
    "m_e": 0.6740348611118161,
    "m_o": 0.3848099993630142,
    "d_n": 0.867040560363115,
    "d_l": 0.7484449350673893,
    "d_s": 0.5919366141908302,
    "e_e": 0.8881024490514892,
    "e_s": 0.7123208110122562,
    "e_m": 0.4311412485942943
  }
}