{
  "dataset_id": "ds004511:sub-S200211:ses-01_cognitive_control_run-01",
  "subject": "sub-S200211",
  "session": "ses-01",
  "coverage": {
    "epochs": 240,
    "seconds": 960.0
  },
  "artifacts": {
    "methods": [
      "ica"
    ],
    "bad_eeg_channels": [
      "Batt_0",
      "Batt_1",
      "Batt_2",
      "Batt_3",
      "Gnd-Ref",
      "Gnd-Ref1",
      "Gnd-Ref2",
      "Gnd-Ref3",
      "Ref",
      "Sync"
    ],
    "n_bad_eeg_channels": 10,
    "stem_collisions": {}
  },
  "ensemble": {
    "var_by_subcoord": {
      "m_a": 0.0019344784086570144,
      "m_e": 7.231888529593122e-15,
      "m_o": 1.582348516809568e-14,
      "d_n": 8.264468279108213e-15,
      "d_l": 3.5023579088994117e-14,
      "d_s": 1.1250661758829567e-14,
      "e_e": 1.582601237559711e-12,
      "e_s": 3.0813670842330665e-13,
      "e_m": 0.0
    },
    "var_mean": 0.00021494204562503847,
    "var_max": 0.0019344784086570144
  },
  "reliability": {
    "axes": {
      "m": 0.5720725953090008,
      "d": 0.6751132836774485,
      "e": 0.7465729630202761
    },
    "subcoords": {
      "m_a": 0.8256472594375331,
      "m_e": 0.6740348611118161,
      "m_o": 0.3848099993630142,
      "d_n": 0.867040560363115,
      "d_l": 0.7484449350673893,
      "d_s": 0.5919366141908302,
      "e_e": 0.8881024490514892,
      "e_s": 0.7123208110122562,
      "e_m": 0.4311412485942943
    }
  },
  "dist_summary": {
    "axes": {
      "m": {
        "n": 240,
        "nan_frac": 0.0,
        "mean": 0.019720004758952806,
        "median": 0.10486453399062157,
        "std": 0.7074533862134673,
        "iqr": 0.9920066520571709,
        "mad": 0.47463980689644814,
        "mad_sigma": 0.703700977704674,
        "skewness": -0.046869066897620826,
        "kurtosis_excess": -0.24343002508248324,
        "delta_mean_median": -0.08514452923166876
      },
      "d": {
        "n": 240,
        "nan_frac": 0.0,
        "mean": 0.05899314471753314,
        "median": 0.06183778494596481,
        "std": 0.5715674478552739,
        "iqr": 0.7659677937626839,
        "mad": 0.38312819600105286,
        "mad_sigma": 0.5680258633911609,
        "skewness": -0.1850640270036797,
        "kurtosis_excess": 0.0551572575196726,
        "delta_mean_median": -0.002844640228431672
      },
      "e": {
        "n": 240,
        "nan_frac": 0.0,
        "mean": 0.18573141336576857,
        "median": 0.24652303755283356,
        "std": 0.7136822293503633,
        "iqr": 0.8547244593501091,
        "mad": 0.43513163924217224,
        "mad_sigma": 0.6451261683404446,
        "skewness": 0.327769249365202,
        "kurtosis_excess": 1.0592749905793566,
        "delta_mean_median": -0.06079162418706499
      }
    },
    "subcoords": {
      "m_a": {
        "n": 240,
        "nan_frac": 0.0,
        "mean": 0.007517432689201087,
        "median": -0.04924786277115345,
        "std": 0.8342172434109661,
        "iqr": 1.3527319729328156,
        "mad": 0.6897966880351305,
        "mad_sigma": 1.0226925696808844,
        "skewness": -0.23601444093858012,
        "kurtosis_excess": -0.7152781058126152,
        "delta_mean_median": 0.05676529546035454
      },
      "m_e": {
        "n": 240,
        "nan_frac": 0.0,
        "mean": -0.04848785032906259,
        "median": 0.0,
        "std": 0.9539452084320289,
        "iqr": 1.3546880185604095,
        "mad": 0.674490749835968,
        "mad_sigma": 0.9999999857068061,
        "skewness": -0.1958738400055479,
        "kurtosis_excess": -0.46614229619787917,
        "delta_mean_median": -0.04848785032906259
      },
      "m_o": {
        "n": 240,
        "nan_frac": 0.0,
        "mean": 0.1198976062432242,
        "median": 0.0,
        "std": 1.0676452591776167,
        "iqr": 1.4472079128026962,
        "mad": 0.6744907796382904,
        "mad_sigma": 1.0000000298917293,
        "skewness": 0.8810633007773947,
        "kurtosis_excess": 1.9776413936310346,
        "delta_mean_median": 0.1198976062432242
      },
      "d_n": {
        "n": 240,
        "nan_frac": 0.0,
        "mean": 0.14615516744864485,
        "median": 0.0,
        "std": 0.8230988260400632,
        "iqr": 1.3384979665279388,
        "mad": 0.674490749835968,
        "mad_sigma": 0.9999999857068061,
        "skewness": 0.379427353498486,
        "kurtosis_excess": -0.8086852415371366,
        "delta_mean_median": 0.14615516744864485
      },
      "d_l": {
        "n": 240,
        "nan_frac": 0.0,
        "mean": -0.037167381153752406,
        "median": -4.0908344089984894e-07,
        "std": 1.0889537694047289,
        "iqr": 1.3539320528507233,
        "mad": 0.674490749835968,
        "mad_sigma": 0.9999999857068061,
        "skewness": -0.3517542156428835,
        "kurtosis_excess": 0.8944016873318419,
        "delta_mean_median": -0.037166972070311506
      },
      "d_s": {
        "n": 240,
        "nan_frac": 0.0,
        "mean": 0.18495963193126955,
        "median": -1.1431984603404999e-07,
        "std": 1.067090686744957,
        "iqr": 1.4607952684164047,
        "mad": 0.6744906057137996,
        "mad_sigma": 0.9999997720312792,
        "skewness": 0.9620966890278934,
        "kurtosis_excess": 0.8616133060896964,
        "delta_mean_median": 0.18495974625111558
      },
      "e_e": {
        "n": 240,
        "nan_frac": 0.0,
        "mean": 0.11252305800250421,
        "median": 0.0,
        "std": 1.0122718878191024,
        "iqr": 1.3631909489631653,
        "mad": 0.6744907200336456,
        "mad_sigma": 0.999999941521883,
        "skewness": 0.3414804607283717,
        "kurtosis_excess": -0.4506152474839342,
        "delta_mean_median": 0.11252305800250421
      },
      "e_s": {
        "n": 240,
        "nan_frac": 0.0,
        "mean": 0.2930661833689859,
        "median": 0.0,
        "std": 1.376403848164376,
        "iqr": 1.3855604976415634,
        "mad": 0.674490749835968,
        "mad_sigma": 0.9999999857068061,
        "skewness": 1.519716648553079,
        "kurtosis_excess": 3.4042513131027183,
        "delta_mean_median": 0.2930661833689859
      },
      "e_m": {
        "n": 240,
        "nan_frac": 0.0,
        "mean": 0.04171675677256038,
        "median": 0.0,
        "std": 1.03080465650639,
        "iqr": 1.3600317388772964,
        "mad": 0.6744906604290009,
        "mad_sigma": 0.9999998531520367,
        "skewness": 0.7321438926275486,
        "kurtosis_excess": 1.1594083610490742,
        "delta_mean_median": 0.04171675677256038
      }
    }
  },
  "entropy_provisional": {},
  "geometry_contract": {
    "policy_version": "standard_invalidity_v1",
    "status": "ok",
    "primary_requires_coords_9d": true,
    "shared_time_grid": {
      "epochs_before_policy": 240,
      "epochs_retained": 240,
      "epochs_dropped": 0,
      "drop_fraction": 0.0,
      "dropped_epoch_indices_preview": [],
      "drop_reason_counts": {
        "mnps_3d_nonfinite_rows": 0,
        "coords_9d_nonfinite_rows_affecting_primary": 0
      }
    },
    "mnps_3d": {
      "finite_row_fraction_before": 1.0,
      "nonfinite_row_count": 0,
      "degenerate_axes": [],
      "all_nan_axes": []
    },
    "coords_9d": {
      "available": true,
      "shape_matches_time_grid": true,
      "finite_row_fraction_before": 1.0,
      "nonfinite_row_count": 0,
      "nonfinite_rows_retained_on_shared_grid": 0,
      "degenerate_axes": [],
      "all_nan_axes": []
    },
    "time_grid": {
      "status": "ok",
      "warnings": [],
      "window_count": 240,
      "finite_window_bounds_fraction": 1.0,
      "dt_source": "window_start",
      "dt_sec_runtime": 4.0,
      "dt_sec_config": 4.0,
      "window_sec_config": 8.0,
      "dt_matches_runtime": true,
      "dt_matches_config_formula": true,
      "window_len_matches_config": true,
      "nonpositive_dt_count": 0,
      "nonpositive_window_len_count": 0,
      "dt_intervals_sec": {
        "n": 239,
        "mean": 4.0,
        "median": 4.0,
        "iqr": 0.0,
        "p95": 4.0,
        "max": 4.0
      },