{
  "dataset_id": "ds004511:sub-S210225:ses-01_gambling_run-01",
  "subject": "sub-S210225",
  "session": "ses-01",
  "reliability_axes": {
    "m": 0.6002958048277304,
    "d": 0.6626111694272021,
    "e": 0.5513003958962247
  },
  "reliability_subcoords": {
    "m_a": 0.662437350474474,
    "m_e": 0.6654576897230484,
    "m_o": 0.5650905379213678,
    "d_n": 0.7774956773996382,
    "d_l": 0.5564089379762872,
    "d_s": 0.4955232588835262,
    "e_e": 0.7245087492366007,
    "e_s": 0.5090910114181476,
    "e_m": 0.4920318036515304
  }
}