{
  "dataset_id": "ds004511:sub-S210225:ses-01_gambling_run-01",
  "subject": "sub-S210225",
  "session": "ses-01",
  "coverage": {
    "epochs": 908,
    "seconds": 3632.0
  },
  "artifacts": {
    "methods": [
      "ica"
    ],
    "bad_eeg_channels": [
      "Batt_0",
      "Batt_1",
      "Batt_2",
      "Batt_3",
      "Gnd-Ref",
      "Gnd-Ref1",
      "Gnd-Ref2",
      "Gnd-Ref3",
      "OPO4",
      "Ref",
      "Sync"
    ],
    "n_bad_eeg_channels": 11,
    "stem_collisions": {}
  },
  "ensemble": {
    "var_by_subcoord": {
      "m_a": 0.00021828470926266164,
      "m_e": 1.1715727739618383e-14,
      "m_o": 4.287997992840015e-15,
      "d_n": 8.879688637489745e-15,
      "d_l": 9.779483944654874e-14,
      "d_s": 5.059609432404898e-15,
      "e_e": 7.367297960927943e-13,
      "e_s": 6.47273982459437e-14,
      "e_m": 0.0
    },
    "var_mean": 2.4253856687984078e-05,
    "var_max": 0.00021828470926266164
  },
  "reliability": {
    "axes": {
      "m": 0.6002958048277304,
      "d": 0.6626111694272021,
      "e": 0.5513003958962247
    },
    "subcoords": {
      "m_a": 0.662437350474474,
      "m_e": 0.6654576897230484,
      "m_o": 0.5650905379213678,
      "d_n": 0.7774956773996382,
      "d_l": 0.5564089379762872,
      "d_s": 0.4955232588835262,
      "e_e": 0.7245087492366007,
      "e_s": 0.5090910114181476,
      "e_m": 0.4920318036515304
    }
  },
  "dist_summary": {
    "axes": {
      "m": {
        "n": 908,
        "nan_frac": 0.0,
        "mean": -0.15269902630684495,
        "median": -0.008665570057928562,
        "std": 0.9486604393033758,
        "iqr": 1.058652900159359,
        "mad": 0.5316238487139344,
        "mad_sigma": 0.7881855181032791,
        "skewness": -1.3803762409002653,
        "kurtosis_excess": 3.493142997611014,
        "delta_mean_median": -0.1440334562489164
      },
      "d": {
        "n": 908,
        "nan_frac": 0.0,
        "mean": 0.2033145694997539,
        "median": 0.11036359518766403,
        "std": 0.9485110904736497,
        "iqr": 1.1239101737737656,
        "mad": 0.5551583543419838,
        "mad_sigma": 0.8230777761474252,
        "skewness": 0.34436012934468613,
        "kurtosis_excess": 1.204729331077666,
        "delta_mean_median": 0.09295097431208987
      },
      "e": {
        "n": 908,
        "nan_frac": 0.0,
        "mean": 0.11823562593217263,
        "median": 0.0634484589099884,
        "std": 0.7392732021830009,
        "iqr": 0.778872512280941,
        "mad": 0.3894665390253067,
        "mad_sigma": 0.5774230907589197,
        "skewness": 0.25687463745652583,
        "kurtosis_excess": 2.7882065707353068,
        "delta_mean_median": 0.054787167022184224
      }
    },
    "subcoords": {
      "m_a": {
        "n": 908,
        "nan_frac": 0.0,
        "mean": -0.39780875865579274,
        "median": -0.0003477931022644043,
        "std": 1.5013338286277655,
        "iqr": 1.3135500997304916,
        "mad": 0.5970276892185211,
        "mad_sigma": 0.8851532520353793,
        "skewness": -1.6287898746491427,
        "kurtosis_excess": 2.7851427086195297,
        "delta_mean_median": -0.39746096555352833
      },
      "m_e": {
        "n": 908,
        "nan_frac": 0.0,
        "mean": -0.19199218656888256,
        "median": 0.0,
        "std": 1.2527842586778717,
        "iqr": 1.390523448586464,
        "mad": 0.674490749835968,
        "mad_sigma": 0.9999999857068061,
        "skewness": -1.5295464473502776,
        "kurtosis_excess": 3.7803937152347267,
        "delta_mean_median": -0.19199218656888256
      },
      "m_o": {
        "n": 908,
        "nan_frac": 0.0,
        "mean": 0.23303270970724035,
        "median": 0.0,
        "std": 1.3090451012279067,
        "iqr": 1.3481030762195587,
        "mad": 0.674490749835968,
        "mad_sigma": 0.9999999857068061,
        "skewness": 1.474889240729498,
        "kurtosis_excess": 3.5292346924149296,
        "delta_mean_median": 0.23303270970724035
      },
      "d_n": {
        "n": 908,
        "nan_frac": 0.0,
        "mean": 0.5053927911858209,
        "median": 0.0,
        "std": 1.6277911396211455,
        "iqr": 1.5777582079172134,
        "mad": 0.6744907796382904,
        "mad_sigma": 1.0000000298917293,
        "skewness": 1.526981502247953,
        "kurtosis_excess": 1.9150261484450022,
        "delta_mean_median": 0.5053927911858209
      },
      "d_l": {
        "n": 908,
        "nan_frac": 0.0,
        "mean": 0.0038871358077981334,
        "median": 0.0,
        "std": 1.497845218159115,
        "iqr": 1.3443021923303604,
        "mad": 0.674490749835968,
        "mad_sigma": 0.9999999857068061,
        "skewness": -0.4003070494571281,
        "kurtosis_excess": 1.926263863396792,
        "delta_mean_median": 0.0038871358077981334
      },
      "d_s": {
        "n": 908,
        "nan_frac": 0.0,
        "mean": 0.247926646997149,
        "median": -1.0116491466760635e-07,
        "std": 1.247654200497297,
        "iqr": 1.3962169885635376,
        "mad": 0.6744906784733757,
        "mad_sigma": 0.9999998799046268,
        "skewness": 1.7101530916967884,
        "kurtosis_excess": 4.632791608088037,
        "delta_mean_median": 0.24792674816206367
      },
      "e_e": {
        "n": 908,
        "nan_frac": 0.0,
        "mean": 0.06865175597042478,
        "median": 0.0,
        "std": 1.0422098894337193,
        "iqr": 1.3638939410448074,
        "mad": 0.6744906902313232,
        "mad_sigma": 0.9999998973369598,
        "skewness": -0.09203481042693865,
        "kurtosis_excess": 0.7463604893242932,
        "delta_mean_median": 0.06865175597042478
      },
      "e_s": {
        "n": 908,
        "nan_frac": 0.0,
        "mean": 0.1899689125165211,
        "median": -4.991015885025263e-07,
        "std": 1.5057349423784783,
        "iqr": 1.3508558720350266,
        "mad": 0.6744912489375565,
        "mad_sigma": 1.0000007256748213,
        "skewness": 1.4745267297308684,
        "kurtosis_excess": 3.6055898890423235,
        "delta_mean_median": 0.1899694116181096
      },
      "e_m": {
        "n": 908,
        "nan_frac": 0.0,
        "mean": 0.04062431229284599,
        "median": 0.0,
        "std": 1.0094241692982777,
        "iqr": 1.3369215577840805,
        "mad": 0.6744906902313232,
        "mad_sigma": 0.9999998973369598,
        "skewness": 0.46336445120096664,
        "kurtosis_excess": 1.2125946775868348,
        "delta_mean_median": 0.04062431229284599
      }
    }
  },
  "entropy_provisional": {},
  "geometry_contract": {
    "policy_version": "standard_invalidity_v1",
    "status": "ok",
    "primary_requires_coords_9d": true,
    "shared_time_grid": {
      "epochs_before_policy": 908,
      "epochs_retained": 908,
      "epochs_dropped": 0,
      "drop_fraction": 0.0,
      "dropped_epoch_indices_preview": [],
      "drop_reason_counts": {
        "mnps_3d_nonfinite_rows": 0,
        "coords_9d_nonfinite_rows_affecting_primary": 0
      }
    },
    "mnps_3d": {
      "finite_row_fraction_before": 1.0,
      "nonfinite_row_count": 0,
      "degenerate_axes": [],
      "all_nan_axes": []
    },
    "coords_9d": {
      "available": true,
      "shape_matches_time_grid": true,
      "finite_row_fraction_before": 1.0,
      "nonfinite_row_count": 0,
      "nonfinite_rows_retained_on_shared_grid": 0,
      "degenerate_axes": [],
      "all_nan_axes": []
    },
    "time_grid": {
      "status": "ok",
      "warnings": [],
      "window_count": 908,
      "finite_window_bounds_fraction": 1.0,
      "dt_source": "window_start",
      "dt_sec_runtime": 4.0,
      "dt_sec_config": 4.0,
      "window_sec_config": 8.0,
      "dt_matches_runtime": true,
      "dt_matches_config_formula": true,
      "window_len_matches_config": true,
      "nonpositive_dt_count": 0,
      "nonpositive_window_len_count": 0,
      "dt_intervals_sec": {
        "n": 907,
        "mean": 4.0,
        "median": 4.0,
        "iqr": 0.0,
        "p95": 4.0,
        "max": 4.0
      },