{
  "dataset_id": "ds004511:sub-S201120:ses-01_gambling_run-01",
  "subject": "sub-S201120",
  "session": "ses-01",
  "reliability_axes": {
    "m": 0.5985123244987532,
    "d": 0.7098461911091295,
    "e": 0.551880340202942
  },
  "reliability_subcoords": {
    "m_a": 0.62528691985768,
    "m_e": 0.6042856331896871,
    "m_o": 0.5320180413705441,
    "d_n": 0.6776788054471713,
    "d_l": 0.6882602706326718,
    "d_s": 0.5595760737081497,
    "e_e": 0.6643116306336069,
    "e_s": 0.6595406630726466,
    "e_m": 0.6289605647914737
  }
}