{
  "dataset_id": "ds004511:sub-S201120:ses-01_gambling_run-01",
  "subject": "sub-S201120",
  "session": "ses-01",
  "coverage": {
    "epochs": 909,
    "seconds": 3636.0
  },
  "artifacts": {
    "methods": [
      "ica"
    ],
    "bad_eeg_channels": [
      "Batt_0",
      "Batt_1",
      "Batt_2",
      "Batt_3",
      "Gnd-Ref",
      "Gnd-Ref1",
      "Gnd-Ref2",
      "Gnd-Ref3",
      "I2",
      "P10",
      "Ref",
      "Sync"
    ],
    "n_bad_eeg_channels": 12,
    "stem_collisions": {}
  },
  "ensemble": {
    "var_by_subcoord": {
      "m_a": 9.706270066089928e-05,
      "m_e": 0.0,
      "m_o": 0.0,
      "d_n": 0.0,
      "d_l": 0.0,
      "d_s": 0.0,
      "e_e": 0.0,
      "e_s": 0.0,
      "e_m": 0.0
    },
    "var_mean": 1.0784744517877698e-05,
    "var_max": 9.706270066089928e-05
  },
  "reliability": {
    "axes": {
      "m": 0.5985123244987532,
      "d": 0.7098461911091295,
      "e": 0.551880340202942
    },
    "subcoords": {
      "m_a": 0.62528691985768,
      "m_e": 0.6042856331896871,
      "m_o": 0.5320180413705441,
      "d_n": 0.6776788054471713,
      "d_l": 0.6882602706326718,
      "d_s": 0.5595760737081497,
      "e_e": 0.6643116306336069,
      "e_s": 0.6595406630726466,
      "e_m": 0.6289605647914737
    }
  },
  "dist_summary": {
    "axes": {
      "m": {
        "n": 909,
        "nan_frac": 0.0,
        "mean": -0.2884272586346048,
        "median": -0.010537199676036835,
        "std": 1.1350124954109408,
        "iqr": 1.1059107780456543,
        "mad": 0.5216655060648918,
        "mad_sigma": 0.7734212792918086,
        "skewness": -1.337936403078065,
        "kurtosis_excess": 1.8057160793872136,
        "delta_mean_median": -0.27789005895856794
      },
      "d": {
        "n": 909,
        "nan_frac": 0.0,
        "mean": 0.1701971058580974,
        "median": 0.08600146323442459,
        "std": 0.9175007931520777,
        "iqr": 1.022098869085312,
        "mad": 0.48620324581861496,
        "mad_sigma": 0.7208449322506785,
        "skewness": 0.03663162998571812,
        "kurtosis_excess": 1.8699675444373822,
        "delta_mean_median": 0.08419564262367282
      },
      "e": {
        "n": 909,
        "nan_frac": 0.0,
        "mean": 0.08876123864499404,
        "median": 0.04786327853798866,
        "std": 0.7376904435024898,
        "iqr": 0.7801148891448975,
        "mad": 0.3899262808263302,
        "mad_sigma": 0.5781047039531171,
        "skewness": 0.7558118727509396,
        "kurtosis_excess": 2.4483439026965534,
        "delta_mean_median": 0.040897960107005374
      }
    },
    "subcoords": {
      "m_a": {
        "n": 909,
        "nan_frac": 0.0,
        "mean": -0.5810299768923025,
        "median": 0.04816117137670517,
        "std": 1.9524777303272194,
        "iqr": 1.1726906895637512,
        "mad": 0.5678693428635597,
        "mad_sigma": 0.8419230877295136,
        "skewness": -1.7203485812941561,
        "kurtosis_excess": 1.9221937704918588,
        "delta_mean_median": -0.6291911482690077
      },
      "m_e": {
        "n": 909,
        "nan_frac": 0.0,
        "mean": -0.3133085749201206,
        "median": 0.0,
        "std": 1.279772254702216,
        "iqr": 1.4315319657325745,
        "mad": 0.6744908094406128,
        "mad_sigma": 1.0000000740766524,
        "skewness": -1.2291951399874828,
        "kurtosis_excess": 1.6334592457820118,
        "delta_mean_median": -0.3133085749201206
      },
      "m_o": {
        "n": 909,
        "nan_frac": 0.0,
        "mean": 0.14512476130394825,
        "median": 0.0,
        "std": 1.1851272298971163,
        "iqr": 1.3835184574127197,
        "mad": 0.6744908094406128,
        "mad_sigma": 1.0000000740766524,
        "skewness": 1.119879339788802,
        "kurtosis_excess": 2.8668208475604935,
        "delta_mean_median": 0.14512476130394825
      },
      "d_n": {
        "n": 909,
        "nan_frac": 0.0,
        "mean": 0.7285138237127692,
        "median": 0.0,
        "std": 2.1272604782587243,
        "iqr": 1.4626126289367676,
        "mad": 0.674490749835968,
        "mad_sigma": 0.9999999857068061,
        "skewness": 1.6337925346615823,
        "kurtosis_excess": 1.4561860577527161,
        "delta_mean_median": 0.7285138237127692
      },
      "d_l": {
        "n": 909,
        "nan_frac": 0.0,
        "mean": -0.22680889921482755,
        "median": 0.0,
        "std": 1.5485467076628974,
        "iqr": 1.3347634673118591,
        "mad": 0.674490749835968,
        "mad_sigma": 0.9999999857068061,
        "skewness": -1.6360944292633761,
        "kurtosis_excess": 4.01691897656077,
        "delta_mean_median": -0.22680889921482755
      },
      "d_s": {
        "n": 909,
        "nan_frac": 0.0,
        "mean": 0.33586335113186006,
        "median": 0.0,
        "std": 1.411878813442079,
        "iqr": 1.534738540649414,
        "mad": 0.6744908094406128,
        "mad_sigma": 1.0000000740766524,
        "skewness": 1.5450659896320675,
        "kurtosis_excess": 2.907004030845056,
        "delta_mean_median": 0.33586335113186006
      },
      "e_e": {
        "n": 909,
        "nan_frac": 0.0,
        "mean": -0.0816643624804705,
        "median": 0.0,
        "std": 1.017680097733737,
        "iqr": 1.3434308767318726,
        "mad": 0.6744906902313232,
        "mad_sigma": 0.9999998973369598,
        "skewness": -0.6763672958513453,
        "kurtosis_excess": 1.9428727708387141,
        "delta_mean_median": -0.0816643624804705
      },
      "e_s": {
        "n": 909,
        "nan_frac": 0.0,
        "mean": 0.3272492255616218,
        "median": 0.0,
        "std": 1.722479894166751,
        "iqr": 1.3387283682823181,
        "mad": 0.674490749835968,
        "mad_sigma": 0.9999999857068061,
        "skewness": 1.8376266051853725,
        "kurtosis_excess": 3.9144524843654747,
        "delta_mean_median": 0.3272492255616218
      },
      "e_m": {
        "n": 909,
        "nan_frac": 0.0,
        "mean": -0.011264866275025882,
        "median": 0.0,
        "std": 1.0527908429952697,
        "iqr": 1.357691466808319,
        "mad": 0.6744906902313232,
        "mad_sigma": 0.9999998973369598,
        "skewness": 0.26124141649069105,
        "kurtosis_excess": 1.0554736135954554,
        "delta_mean_median": -0.011264866275025882
      }
    }
  },
  "entropy_provisional": {},
  "geometry_contract": {
    "policy_version": "standard_invalidity_v1",
    "status": "ok",
    "primary_requires_coords_9d": true,
    "shared_time_grid": {
      "epochs_before_policy": 909,
      "epochs_retained": 909,
      "epochs_dropped": 0,
      "drop_fraction": 0.0,
      "dropped_epoch_indices_preview": [],
      "drop_reason_counts": {
        "mnps_3d_nonfinite_rows": 0,
        "coords_9d_nonfinite_rows_affecting_primary": 0
      }
    },
    "mnps_3d": {
      "finite_row_fraction_before": 1.0,
      "nonfinite_row_count": 0,
      "degenerate_axes": [],
      "all_nan_axes": []
    },
    "coords_9d": {
      "available": true,
      "shape_matches_time_grid": true,
      "finite_row_fraction_before": 1.0,
      "nonfinite_row_count": 0,
      "nonfinite_rows_retained_on_shared_grid": 0,
      "degenerate_axes": [],
      "all_nan_axes": []
    },
    "time_grid": {
      "status": "ok",
      "warnings": [],
      "window_count": 909,
      "finite_window_bounds_fraction": 1.0,
      "dt_source": "window_start",
      "dt_sec_runtime": 4.0,
      "dt_sec_config": 4.0,
      "window_sec_config": 8.0,
      "dt_matches_runtime": true,
      "dt_matches_config_formula": true,
      "window_len_matches_config": true,
      "nonpositive_dt_count": 0,
      "nonpositive_window_len_count": 0,
      "dt_intervals_sec": {
        "n": 908,
        "mean": 4.0,
        "median": 4.0,
        "iqr": 0.0,
        "p95": 4.0,
        "max": 4.0
      },
      "window_lengths_sec": {
        "n": 909,
        "mean": 8.0,
        "median": 8.0,
        "iqr": 0.0,
        "p95": 8.0,
        "max": 8.0
      }
    },