{
  "dataset_id": "ds004511:sub-S200131:ses-01_rest_run-01",
  "subject": "sub-S200131",
  "session": "ses-01",
  "reliability_axes": {
    "m": 0.7307351154696664,
    "d": 0.6667833764157054,
    "e": 0.3760030063095519
  },
  "reliability_subcoords": {
    "m_a": 0.8001169614226628,
    "m_e": 0.6965750670182129,
    "m_o": 0.7426827008027743,
    "d_n": 0.7944708795911073,
    "d_l": 0.6422310905968008,
    "d_s": 0.28728081020966506,
    "e_e": 0.563753538416617,
    "e_s": 0.5448847530353645,
    "e_m": 0.7598123664714793
  }
}