{
  "dataset_id": "ds004511:sub-S200131:ses-01_rest_run-01",
  "subject": "sub-S200131",
  "session": "ses-01",
  "coverage": {
    "epochs": 126,
    "seconds": 504.0
  },
  "artifacts": {
    "methods": [
      "ica"
    ],
    "bad_eeg_channels": [
      "Batt_0",
      "Batt_1",
      "Batt_2",
      "Batt_3",
      "Foto",
      "Gnd-Ref",
      "Gnd-Ref1",
      "Gnd-Ref2",
      "Gnd-Ref3",
      "Ref",
      "Sync"
    ],
    "n_bad_eeg_channels": 11,
    "stem_collisions": {}
  },
  "ensemble": {
    "var_by_subcoord": {
      "m_a": 0.0021906637120991945,
      "m_e": 2.0434227277795055e-15,
      "m_o": 2.1105018079714153e-15,
      "d_n": 2.8313890606548008e-14,
      "d_l": 2.2129745410291723e-13,
      "d_s": 9.860031018114716e-16,
      "e_e": 1.2584606750784544e-12,
      "e_s": 2.4552731267384054e-13,
      "e_m": 0.0
    },
    "var_mean": 0.00024340707931754823,
    "var_max": 0.0021906637120991945
  },
  "reliability": {
    "axes": {
      "m": 0.7307351154696664,
      "d": 0.6667833764157054,
      "e": 0.3760030063095519
    },
    "subcoords": {
      "m_a": 0.8001169614226628,
      "m_e": 0.6965750670182129,
      "m_o": 0.7426827008027743,
      "d_n": 0.7944708795911073,
      "d_l": 0.6422310905968008,
      "d_s": 0.28728081020966506,
      "e_e": 0.563753538416617,
      "e_s": 0.5448847530353645,
      "e_m": 0.7598123664714793
    }
  },
  "dist_summary": {
    "axes": {
      "m": {
        "n": 126,
        "nan_frac": 0.0,
        "mean": 0.017636414281913034,
        "median": -0.036777399480342865,
        "std": 0.7798441215896924,
        "iqr": 1.256867840886116,
        "mad": 0.6129842698574066,
        "mad_sigma": 0.908810478490591,
        "skewness": 0.007534651616579305,
        "kurtosis_excess": -0.6734423813088064,
        "delta_mean_median": 0.0544138137622559
      },
      "d": {
        "n": 126,
        "nan_frac": 0.0,
        "mean": 0.1445682424966926,
        "median": 0.11415551230311394,
        "std": 0.4470822641217982,
        "iqr": 0.6029186025261879,
        "mad": 0.3025457374751568,
        "mad_sigma": 0.4485543103806674,
        "skewness": 0.8484152002522509,
        "kurtosis_excess": 0.9181444536877219,
        "delta_mean_median": 0.030412730193578652
      },
      "e": {
        "n": 126,
        "nan_frac": 0.0,
        "mean": 0.04675075129628004,
        "median": 0.041141847148537636,
        "std": 0.5538684806881929,
        "iqr": 0.707104429602623,
        "mad": 0.38334381580352783,
        "mad_sigma": 0.5683455413103103,
        "skewness": 0.381856052449591,
        "kurtosis_excess": -0.07480889733480689,
        "delta_mean_median": 0.0056089041477424065
      }
    },
    "subcoords": {
      "m_a": {
        "n": 126,
        "nan_frac": 0.0,
        "mean": -0.044018237629816645,
        "median": 0.10769091919064522,
        "std": 0.9828942177086899,
        "iqr": 1.0912389904260635,
        "mad": 0.5363102369010448,
        "mad_sigma": 0.7951335572294891,
        "skewness": -1.1078951371654826,
        "kurtosis_excess": 2.972095989410736,
        "delta_mean_median": -0.15170915682046188
      },
      "m_e": {
        "n": 126,
        "nan_frac": 0.0,
        "mean": -0.0149734029842038,
        "median": 0.0,
        "std": 0.8325989135361131,
        "iqr": 1.3337085843086243,
        "mad": 0.6744907796382904,
        "mad_sigma": 1.0000000298917293,
        "skewness": -0.07609151316416594,
        "kurtosis_excess": -0.9304465972405946,
        "delta_mean_median": -0.0149734029842038
      },
      "m_o": {
        "n": 126,
        "nan_frac": 0.0,
        "mean": 0.14243929044506143,
        "median": -8.707866072654724e-08,
        "std": 1.023093249332176,
        "iqr": 1.3941148668527603,
        "mad": 0.674490749835968,
        "mad_sigma": 0.9999999857068061,
        "skewness": 1.3105471747217268,
        "kurtosis_excess": 2.8088123229461424,
        "delta_mean_median": 0.14243937752372215
      },
      "d_n": {
        "n": 126,
        "nan_frac": 0.0,
        "mean": 0.22398198381184586,
        "median": -3.557652235031128e-07,
        "std": 1.5442510369974962,
        "iqr": 1.3748083859682083,
        "mad": 0.6744907200336456,
        "mad_sigma": 0.999999941521883,
        "skewness": 1.629857567759713,
        "kurtosis_excess": 4.093693318198109,
        "delta_mean_median": 0.22398233957706937
      },
      "d_l": {
        "n": 126,
        "nan_frac": 0.0,
        "mean": 0.055715259157180314,
        "median": -4.3446198105812073e-07,
        "std": 0.7686439232588579,
        "iqr": 1.307594582438469,
        "mad": 0.6744903451763093,
        "mad_sigma": 0.9999993857583962,
        "skewness": 0.12704052464576668,
        "kurtosis_excess": -1.0515668300805423,
        "delta_mean_median": 0.05571569361916137
      },
      "d_s": {
        "n": 126,
        "nan_frac": 0.0,
        "mean": 0.26297029271899236,
        "median": 0.0,
        "std": 1.2099298744308014,
        "iqr": 1.415995106101036,
        "mad": 0.6744908094406128,
        "mad_sigma": 1.0000000740766524,
        "skewness": 1.5181253465394522,
        "kurtosis_excess": 2.8421631571345625,
        "delta_mean_median": 0.26297029271899236
      },
      "e_e": {
        "n": 126,
        "nan_frac": 0.0,
        "mean": 0.08003374202812594,
        "median": -2.8226058930158615e-06,
        "std": 1.0835529637848935,
        "iqr": 1.3997366279363632,
        "mad": 0.6744878974277526,
        "mad_sigma": 0.999995756726386,
        "skewness": 0.12084230502810166,
        "kurtosis_excess": -0.18834897975393528,
        "delta_mean_median": 0.08003656463401895
      },
      "e_s": {
        "n": 126,
        "nan_frac": 0.0,
        "mean": 0.0023807163150714977,
        "median": 0.0,
        "std": 0.9273503486135765,
        "iqr": 1.3704326301813126,
        "mad": 0.6744907796382904,
        "mad_sigma": 1.0000000298917293,
        "skewness": 0.262912008170533,
        "kurtosis_excess": -0.4887773619318172,
        "delta_mean_median": 0.0023807163150714977
      },
      "e_m": {
        "n": 126,
        "nan_frac": 0.0,
        "mean": 0.020713464223912785,
        "median": 0.0,
        "std": 0.8972913234775163,
        "iqr": 1.3285029828548431,
        "mad": 0.6744906604290009,
        "mad_sigma": 0.9999998531520367,
        "skewness": 0.3948526847838922,
        "kurtosis_excess": -0.36058450616821114,
        "delta_mean_median": 0.020713464223912785
      }
    }
  },
  "entropy_provisional": {},
  "geometry_contract": {
    "policy_version": "standard_invalidity_v1",
    "status": "ok",
    "primary_requires_coords_9d": true,
    "shared_time_grid": {
      "epochs_before_policy": 126,
      "epochs_retained": 126,
      "epochs_dropped": 0,
      "drop_fraction": 0.0,
      "dropped_epoch_indices_preview": [],
      "drop_reason_counts": {
        "mnps_3d_nonfinite_rows": 0,
        "coords_9d_nonfinite_rows_affecting_primary": 0
      }
    },
    "mnps_3d": {
      "finite_row_fraction_before": 1.0,
      "nonfinite_row_count": 0,
      "degenerate_axes": [],
      "all_nan_axes": []
    },
    "coords_9d": {
      "available": true,
      "shape_matches_time_grid": true,
      "finite_row_fraction_before": 1.0,
      "nonfinite_row_count": 0,
      "nonfinite_rows_retained_on_shared_grid": 0,
      "degenerate_axes": [],
      "all_nan_axes": []
    },
    "time_grid": {
      "status": "ok",
      "warnings": [],
      "window_count": 126,
      "finite_window_bounds_fraction": 1.0,
      "dt_source": "window_start",
      "dt_sec_runtime": 4.0,
      "dt_sec_config": 4.0,
      "window_sec_config": 8.0,
      "dt_matches_runtime": true,
      "dt_matches_config_formula": true,
      "window_len_matches_config": true,
      "nonpositive_dt_count": 0,
      "nonpositive_window_len_count": 0,
      "dt_intervals_sec": {
        "n": 125,
        "mean": 4.0,
        "median": 4.0,
        "iqr": 0.0,