{
  "dataset_id": "ds004511:sub-S200131:ses-01_cognitive_control_run-01",
  "subject": "sub-S200131",
  "session": "ses-01",
  "reliability_axes": {
    "m": 0.6449649853596798,
    "d": 0.7536216256751135,
    "e": 0.808653247528098
  },
  "reliability_subcoords": {
    "m_a": 0.735190819519827,
    "m_e": 0.6918111449054467,
    "m_o": 0.3600753456506825,
    "d_n": 0.771047687643688,
    "d_l": 0.7178129391241684,
    "d_s": 0.45547484399885174,
    "e_e": 0.8337971265324683,
    "e_s": 0.6957028903377946,
    "e_m": 0.6051097299859263
  }
}