{
  "dataset_id": "ds004511:sub-S200131:ses-01_cognitive_control_run-01",
  "subject": "sub-S200131",
  "session": "ses-01",
  "coverage": {
    "epochs": 266,
    "seconds": 1064.0
  },
  "artifacts": {
    "methods": [
      "ica"
    ],
    "bad_eeg_channels": [
      "Batt_0",
      "Batt_1",
      "Batt_2",
      "Batt_3",
      "FT9",
      "Gnd-Ref",
      "Gnd-Ref1",
      "Gnd-Ref2",
      "Gnd-Ref3",
      "Ref",
      "Sync"
    ],
    "n_bad_eeg_channels": 11,
    "stem_collisions": {}
  },
  "ensemble": {
    "var_by_subcoord": {
      "m_a": 0.0004861254128627479,
      "m_e": 3.3967769460900576e-14,
      "m_o": 1.187074069819655e-14,
      "d_n": 3.001979632759333e-15,
      "d_l": 1.2840640009614823e-13,
      "d_s": 0.0,
      "e_e": 3.565565269252058e-13,
      "e_s": 1.6827517027376282e-13,
      "e_m": 0.0
    },
    "var_mean": 5.401393484053628e-05,
    "var_max": 0.0004861254128627479
  },
  "reliability": {
    "axes": {
      "m": 0.6449649853596798,
      "d": 0.7536216256751135,
      "e": 0.808653247528098
    },
    "subcoords": {
      "m_a": 0.735190819519827,
      "m_e": 0.6918111449054467,
      "m_o": 0.3600753456506825,
      "d_n": 0.771047687643688,
      "d_l": 0.7178129391241684,
      "d_s": 0.45547484399885174,
      "e_e": 0.8337971265324683,
      "e_s": 0.6957028903377946,
      "e_m": 0.6051097299859263
    }
  },
  "dist_summary": {
    "axes": {
      "m": {
        "n": 266,
        "nan_frac": 0.0,
        "mean": -0.1301005283174546,
        "median": 0.0538360271602869,
        "std": 0.9784105470118164,
        "iqr": 1.050173670053482,
        "mad": 0.4843814764171839,
        "mad_sigma": 0.7181439769361168,
        "skewness": -1.4115255323197182,
        "kurtosis_excess": 4.293429553936299,
        "delta_mean_median": -0.18393655547774151
      },
      "d": {
        "n": 266,
        "nan_frac": 0.0,
        "mean": 0.04386655213766472,
        "median": -0.006597887026146054,
        "std": 0.8023536498165991,
        "iqr": 0.6560451090335846,
        "mad": 0.3203745826613158,
        "mad_sigma": 0.4749873562536668,
        "skewness": -0.5509570372377803,
        "kurtosis_excess": 2.564680935079047,
        "delta_mean_median": 0.05046443916381078
      },
      "e": {
        "n": 266,
        "nan_frac": 0.0,
        "mean": 0.006892132365382872,
        "median": -0.002193621010519564,
        "std": 0.7715678780322971,
        "iqr": 0.9493249729275703,
        "mad": 0.46674581489060074,
        "mad_sigma": 0.6919973451568047,
        "skewness": 0.158636940337527,
        "kurtosis_excess": 0.9971707158202752,
        "delta_mean_median": 0.009085753375902436
      }
    },
    "subcoords": {
      "m_a": {
        "n": 266,
        "nan_frac": 0.0,
        "mean": -0.23861511081765244,
        "median": -0.0021013058722019196,
        "std": 1.2925170659193623,
        "iqr": 1.3522568196058273,
        "mad": 0.683425959199667,
        "mad_sigma": 1.0132473271094262,
        "skewness": -1.717050643475639,
        "kurtosis_excess": 4.324992054879486,
        "delta_mean_median": -0.23651380494545052
      },
      "m_e": {
        "n": 266,
        "nan_frac": 0.0,
        "mean": -0.2548537349251372,
        "median": -1.9790604710578918e-07,
        "std": 1.2828687106313854,
        "iqr": 1.4242251515388489,
        "mad": 0.674490749835968,
        "mad_sigma": 0.9999999857068061,
        "skewness": -1.3864343339683203,
        "kurtosis_excess": 3.5771864770304242,
        "delta_mean_median": -0.2548535370190901
      },
      "m_o": {
        "n": 266,
        "nan_frac": 0.0,
        "mean": 0.17188460499580419,
        "median": 0.0,
        "std": 1.1728093867700622,
        "iqr": 1.312425583600998,
        "mad": 0.674490749835968,
        "mad_sigma": 0.9999999857068061,
        "skewness": 1.0874009608664572,
        "kurtosis_excess": 2.285986130947699,
        "delta_mean_median": 0.17188460499580419
      },
      "d_n": {
        "n": 266,
        "nan_frac": 0.0,
        "mean": 0.3246362337762056,
        "median": 0.0,
        "std": 1.1538447485550543,
        "iqr": 1.4876470118761063,
        "mad": 0.6744907200336456,
        "mad_sigma": 0.999999941521883,
        "skewness": 1.059769252590001,
        "kurtosis_excess": 0.9430897777949028,
        "delta_mean_median": 0.3246362337762056
      },
      "d_l": {
        "n": 266,
        "nan_frac": 0.0,
        "mean": -0.14930426129104948,
        "median": -6.398186087608337e-07,
        "std": 1.6023062281978464,
        "iqr": 1.341975450515747,
        "mad": 0.674490749835968,
        "mad_sigma": 0.9999999857068061,
        "skewness": -1.4122625183015127,
        "kurtosis_excess": 3.549107752757412,
        "delta_mean_median": -0.14930362147244072
      },
      "d_s": {
        "n": 266,
        "nan_frac": 0.0,
        "mean": 0.10820662194256377,
        "median": 1.2628152035176754e-07,
        "std": 0.9869054528970523,
        "iqr": 1.350594237446785,
        "mad": 0.6744909059198108,
        "mad_sigma": 1.0000002171167113,
        "skewness": 0.25513227925710025,
        "kurtosis_excess": -0.2888213257353973,
        "delta_mean_median": 0.10820649566104341
      },
      "e_e": {
        "n": 266,
        "nan_frac": 0.0,
        "mean": -0.17825175376601965,
        "median": 0.0,
        "std": 1.1827018124446609,
        "iqr": 1.3331639915704727,
        "mad": 0.6744907200336456,
        "mad_sigma": 0.999999941521883,
        "skewness": -0.7354765612254721,
        "kurtosis_excess": 0.3785020364186842,
        "delta_mean_median": -0.17825175376601965
      },
      "e_s": {
        "n": 266,
        "nan_frac": 0.0,
        "mean": 0.25462572800548733,
        "median": -6.754416972398758e-07,
        "std": 1.5754256955077006,
        "iqr": 1.3333844244480133,
        "mad": 0.6744901041965932,
        "mad_sigma": 0.999999028481869,
        "skewness": 1.761757290043411,
        "kurtosis_excess": 4.643349060582091,
        "delta_mean_median": 0.25462640344718457
      },
      "e_m": {
        "n": 266,
        "nan_frac": 0.0,
        "mean": 0.13280788695009046,
        "median": 0.0,
        "std": 1.037314170458856,
        "iqr": 1.4822410345077515,
        "mad": 0.6744906604290009,
        "mad_sigma": 0.9999998531520367,
        "skewness": 0.6069497580749036,
        "kurtosis_excess": 0.016492406804997195,
        "delta_mean_median": 0.13280788695009046
      }
    }
  },
  "entropy_provisional": {},
  "geometry_contract": {
    "policy_version": "standard_invalidity_v1",
    "status": "ok",
    "primary_requires_coords_9d": true,
    "shared_time_grid": {
      "epochs_before_policy": 266,
      "epochs_retained": 266,
      "epochs_dropped": 0,
      "drop_fraction": 0.0,
      "dropped_epoch_indices_preview": [],
      "drop_reason_counts": {
        "mnps_3d_nonfinite_rows": 0,
        "coords_9d_nonfinite_rows_affecting_primary": 0
      }
    },
    "mnps_3d": {
      "finite_row_fraction_before": 1.0,
      "nonfinite_row_count": 0,
      "degenerate_axes": [],
      "all_nan_axes": []
    },
    "coords_9d": {
      "available": true,
      "shape_matches_time_grid": true,
      "finite_row_fraction_before": 1.0,
      "nonfinite_row_count": 0,
      "nonfinite_rows_retained_on_shared_grid": 0,
      "degenerate_axes": [],
      "all_nan_axes": []
    },
    "time_grid": {
      "status": "ok",
      "warnings": [],
      "window_count": 266,
      "finite_window_bounds_fraction": 1.0,
      "dt_source": "window_start",
      "dt_sec_runtime": 4.0,
      "dt_sec_config": 4.0,
      "window_sec_config": 8.0,
      "dt_matches_runtime": true,
      "dt_matches_config_formula": true,
      "window_len_matches_config": true,
      "nonpositive_dt_count": 0,
      "nonpositive_window_len_count": 0,
      "dt_intervals_sec": {
        "n": 265,
        "mean": 4.0,
        "median": 4.0,
        "iqr": 0.0,
        "p95": 4.0,