{
  "dataset_id": "ds004511:sub-S200217:ses-01_gambling_run-01",
  "subject": "sub-S200217",
  "session": "ses-01",
  "reliability_axes": {
    "m": 0.671918909570405,
    "d": 0.7300027274945721,
    "e": 0.6371203726420592
  },
  "reliability_subcoords": {
    "m_a": 0.687909812659395,
    "m_e": 0.685426693579967,
    "m_o": 0.5652004350118217,
    "d_n": 0.7729630422283574,
    "d_l": 0.6891035334656356,
    "d_s": 0.44902502905862385,
    "e_e": 0.8417488101042299,
    "e_s": 0.6031645505605048,
    "e_m": 0.7956219525479984
  }
}