{
  "dataset_id": "ds004511:sub-S200217:ses-01_gambling_run-01",
  "subject": "sub-S200217",
  "session": "ses-01",
  "coverage": {
    "epochs": 600,
    "seconds": 2400.0
  },
  "artifacts": {
    "methods": [
      "ica"
    ],
    "bad_eeg_channels": [
      "AF8",
      "Batt_0",
      "Batt_1",
      "Batt_2",
      "Batt_3",
      "Gnd-Ref",
      "Gnd-Ref1",
      "Gnd-Ref2",
      "Gnd-Ref3",
      "Ref",
      "Sync"
    ],
    "n_bad_eeg_channels": 11,
    "stem_collisions": {}
  },
  "ensemble": {
    "var_by_subcoord": {
      "m_a": 0.0010682782158255577,
      "m_e": 1.4293680984916318e-15,
      "m_o": 1.8576067807997247e-15,
      "d_n": 1.7417267443847056e-15,
      "d_l": 7.0360384185619296e-15,
      "d_s": 9.42451886388855e-15,
      "e_e": 2.6220318234335127e-13,
      "e_s": 8.401291543957273e-14,
      "e_m": 0.0
    },
    "var_mean": 0.00011869757957702924,
    "var_max": 0.0010682782158255577
  },
  "reliability": {
    "axes": {
      "m": 0.671918909570405,
      "d": 0.7300027274945721,
      "e": 0.6371203726420592
    },
    "subcoords": {
      "m_a": 0.687909812659395,
      "m_e": 0.685426693579967,
      "m_o": 0.5652004350118217,
      "d_n": 0.7729630422283574,
      "d_l": 0.6891035334656356,
      "d_s": 0.44902502905862385,
      "e_e": 0.8417488101042299,
      "e_s": 0.6031645505605048,
      "e_m": 0.7956219525479984
    }
  },
  "dist_summary": {
    "axes": {
      "m": {
        "n": 600,
        "nan_frac": 0.0,
        "mean": -0.014112402093002553,
        "median": 0.043689120560884476,
        "std": 0.8815025769093703,
        "iqr": 0.958620011806488,
        "mad": 0.4760442525148392,
        "mad_sigma": 0.7057832087785005,
        "skewness": -0.9793630772394046,
        "kurtosis_excess": 3.1153992052361383,
        "delta_mean_median": -0.05780152265388703
      },
      "d": {
        "n": 600,
        "nan_frac": 0.0,
        "mean": 0.060718352830929995,
        "median": 0.03247807361185551,
        "std": 0.853422390647024,
        "iqr": 1.077057845890522,
        "mad": 0.5305642280727625,
        "mad_sigma": 0.7866145245406776,
        "skewness": -0.025134504044194726,
        "kurtosis_excess": 0.3511720252028865,
        "delta_mean_median": 0.028240279219074488
      },
      "e": {
        "n": 600,
        "nan_frac": 0.0,
        "mean": 0.20484861063606027,
        "median": 0.15090633183717728,
        "std": 0.7717897356281851,
        "iqr": 0.5796024687588215,
        "mad": 0.29020895808935165,
        "mad_sigma": 0.43026380126327274,
        "skewness": 1.377766934868078,
        "kurtosis_excess": 4.279762546175264,
        "delta_mean_median": 0.053942278798883
      }
    },
    "subcoords": {
      "m_a": {
        "n": 600,
        "nan_frac": 0.0,
        "mean": -0.10877532583506157,
        "median": -0.022941526025533676,
        "std": 1.2126883697147037,
        "iqr": 1.2578568905591965,
        "mad": 0.648756381124258,
        "mad_sigma": 0.9618462106548249,
        "skewness": -1.374435387232432,
        "kurtosis_excess": 3.599341820385459,
        "delta_mean_median": -0.08583379980952789
      },
      "m_e": {
        "n": 600,
        "nan_frac": 0.0,
        "mean": -0.0677728204751232,
        "median": -3.7194695323705673e-07,
        "std": 1.1451892738811402,
        "iqr": 1.347757339477539,
        "mad": 0.6744911515852436,
        "mad_sigma": 1.0000005813402821,
        "skewness": -1.2902949221335314,
        "kurtosis_excess": 4.011612553941466,
        "delta_mean_median": -0.06777244852816997
      },
      "m_o": {
        "n": 600,
        "nan_frac": 0.0,
        "mean": 0.18189704068587162,
        "median": 1.4563556760549545e-07,
        "std": 1.080543358210446,
        "iqr": 1.360799327492714,
        "mad": 0.6744906042004004,
        "mad_sigma": 0.9999997697875136,
        "skewness": 0.9546179244779436,
        "kurtosis_excess": 0.9641115364823007,
        "delta_mean_median": 0.181896895050304
      },
      "d_n": {
        "n": 600,
        "nan_frac": 0.0,
        "mean": 0.07781078168462652,
        "median": 0.0,
        "std": 1.0585707184194921,
        "iqr": 1.3263577073812485,
        "mad": 0.6744907796382904,
        "mad_sigma": 1.0000000298917293,
        "skewness": 0.7675241966554691,
        "kurtosis_excess": 1.2556329039262124,
        "delta_mean_median": 0.07781078168462652
      },
      "d_l": {
        "n": 600,
        "nan_frac": 0.0,
        "mean": 0.03414264661182339,
        "median": 0.0,
        "std": 1.428332285052234,
        "iqr": 1.4118201732635498,
        "mad": 0.674490749835968,
        "mad_sigma": 0.9999999857068061,
        "skewness": -0.772252364551326,
        "kurtosis_excess": 2.120568786380102,
        "delta_mean_median": 0.03414264661182339
      },
      "d_s": {
        "n": 600,
        "nan_frac": 0.0,
        "mean": 0.1080250072729541,
        "median": 0.0,
        "std": 1.0634078036186423,
        "iqr": 1.3427170664072037,
        "mad": 0.674490749835968,
        "mad_sigma": 0.9999999857068061,
        "skewness": 1.0341171205407704,
        "kurtosis_excess": 2.96852854498053,
        "delta_mean_median": 0.1080250072729541
      },
      "e_e": {
        "n": 600,
        "nan_frac": 0.0,
        "mean": 0.10876010964779805,
        "median": 0.0,
        "std": 0.9372198703448034,
        "iqr": 1.387323945760727,
        "mad": 0.6744906902313232,
        "mad_sigma": 0.9999998973369598,
        "skewness": 0.13544745428675853,
        "kurtosis_excess": -0.2524136158211423,
        "delta_mean_median": 0.10876010964779805
      },
      "e_s": {
        "n": 600,
        "nan_frac": 0.0,
        "mean": 0.28540714915662346,
        "median": -4.7155481297522783e-07,
        "std": 1.6627146625920899,
        "iqr": 1.335053876042366,
        "mad": 0.674491221390781,
        "mad_sigma": 1.0000006848339718,
        "skewness": 2.042626614036527,
        "kurtosis_excess": 4.713085821902772,
        "delta_mean_median": 0.28540762071143644
      },
      "e_m": {
        "n": 600,
        "nan_frac": 0.0,
        "mean": 1.2624801812150206,
        "median": 0.0,
        "std": 2.4090381086343395,
        "iqr": 3.852512165904045,
        "mad": 0.6744907796382904,
        "mad_sigma": 1.0000000298917293,
        "skewness": 0.984554650964578,
        "kurtosis_excess": -0.5774559855337893,
        "delta_mean_median": 1.2624801812150206
      }
    }
  },
  "entropy_provisional": {},
  "geometry_contract": {
    "policy_version": "standard_invalidity_v1",
    "status": "ok",
    "primary_requires_coords_9d": true,
    "shared_time_grid": {
      "epochs_before_policy": 600,
      "epochs_retained": 600,
      "epochs_dropped": 0,
      "drop_fraction": 0.0,
      "dropped_epoch_indices_preview": [],
      "drop_reason_counts": {
        "mnps_3d_nonfinite_rows": 0,
        "coords_9d_nonfinite_rows_affecting_primary": 0
      }
    },
    "mnps_3d": {
      "finite_row_fraction_before": 1.0,
      "nonfinite_row_count": 0,
      "degenerate_axes": [],
      "all_nan_axes": []
    },
    "coords_9d": {
      "available": true,
      "shape_matches_time_grid": true,
      "finite_row_fraction_before": 1.0,
      "nonfinite_row_count": 0,
      "nonfinite_rows_retained_on_shared_grid": 0,
      "degenerate_axes": [],
      "all_nan_axes": []
    },
    "time_grid": {
      "status": "ok",
      "warnings": [],
      "window_count": 600,
      "finite_window_bounds_fraction": 1.0,
      "dt_source": "window_start",
      "dt_sec_runtime": 4.0,
      "dt_sec_config": 4.0,
      "window_sec_config": 8.0,
      "dt_matches_runtime": true,
      "dt_matches_config_formula": true,
      "window_len_matches_config": true,
      "nonpositive_dt_count": 0,
      "nonpositive_window_len_count": 0,
      "dt_intervals_sec": {
        "n": 599,
        "mean": 4.0,
        "median": 4.0,
        "iqr": 0.0,
        "p95": 4.0,
        "max": 4.0
      },