{
  "dataset_id": "ds004511:sub-S201126:ses-01_cognitive_control_run-01",
  "subject": "sub-S201126",
  "session": "ses-01",
  "reliability_axes": {
    "m": 0.7183436080684112,
    "d": 0.7093287814679622,
    "e": 0.6103621983676907
  },
  "reliability_subcoords": {
    "m_a": 0.7286016452551625,
    "m_e": 0.7416258373203073,
    "m_o": 0.6955477469941397,
    "d_n": 0.8353812321655832,
    "d_l": 0.65858293070013,
    "d_s": 0.5529390750977538,
    "e_e": 0.716929929453898,
    "e_s": 0.6323767286080003,
    "e_m": 0.611100071400135
  }
}