{
  "dataset_id": "ds004511:sub-S201126:ses-01_cognitive_control_run-01",
  "subject": "sub-S201126",
  "session": "ses-01",
  "coverage": {
    "epochs": 332,
    "seconds": 1328.0
  },
  "artifacts": {
    "methods": [
      "ica"
    ],
    "bad_eeg_channels": [
      "Batt_0",
      "Batt_1",
      "Batt_2",
      "Batt_3",
      "FT9",
      "Gnd-Ref",
      "Gnd-Ref1",
      "Gnd-Ref2",
      "Gnd-Ref3",
      "Ref",
      "Sync"
    ],
    "n_bad_eeg_channels": 11,
    "stem_collisions": {}
  },
  "ensemble": {
    "var_by_subcoord": {
      "m_a": 0.00011353666195645928,
      "m_e": 1.6466574604507775e-14,
      "m_o": 0.0,
      "d_n": 2.504489230749623e-15,
      "d_l": 1.3854642632530733e-14,
      "d_s": 7.74517440200323e-15,
      "e_e": 2.5182896132985855e-12,
      "e_s": 4.690179654701608e-14,
      "e_m": 0.0
    },
    "var_mean": 1.2615184951357954e-05,
    "var_max": 0.00011353666195645928
  },
  "reliability": {
    "axes": {
      "m": 0.7183436080684112,
      "d": 0.7093287814679622,
      "e": 0.6103621983676907
    },
    "subcoords": {
      "m_a": 0.7286016452551625,
      "m_e": 0.7416258373203073,
      "m_o": 0.6955477469941397,
      "d_n": 0.8353812321655832,
      "d_l": 0.65858293070013,
      "d_s": 0.5529390750977538,
      "e_e": 0.716929929453898,
      "e_s": 0.6323767286080003,
      "e_m": 0.611100071400135
    }
  },
  "dist_summary": {
    "axes": {
      "m": {
        "n": 332,
        "nan_frac": 0.0,
        "mean": -0.08230428225697434,
        "median": 0.053249942138791084,
        "std": 0.9106329792282192,
        "iqr": 0.974452368915081,
        "mad": 0.49267125129699707,
        "mad_sigma": 0.7304343971729278,
        "skewness": -1.62596333852299,
        "kurtosis_excess": 5.1829821068964606,
        "delta_mean_median": -0.13555422439576542
      },
      "d": {
        "n": 332,
        "nan_frac": 0.0,
        "mean": -0.006537689786926487,
        "median": 0.03776617348194122,
        "std": 0.7257979321359163,
        "iqr": 0.9149300381541252,
        "mad": 0.45422182977199554,
        "mad_sigma": 0.6734292848199606,
        "skewness": -0.5734254936946168,
        "kurtosis_excess": 0.4143492827734261,
        "delta_mean_median": -0.04430386326886771
      },
      "e": {
        "n": 332,
        "nan_frac": 0.0,
        "mean": 0.19375255923642473,
        "median": 0.16656094044446945,
        "std": 0.8820693256389313,
        "iqr": 0.993516743183136,
        "mad": 0.4915802329778671,
        "mad_sigma": 0.7288168534129857,
        "skewness": 0.07279107985975529,
        "kurtosis_excess": 1.024107375417099,
        "delta_mean_median": 0.02719161879195528
      }
    },
    "subcoords": {
      "m_a": {
        "n": 332,
        "nan_frac": 0.0,
        "mean": -0.15208494512038867,
        "median": 0.04270775429904461,
        "std": 1.1160205265483056,
        "iqr": 1.2992940694093704,
        "mad": 0.6137837171554565,
        "mad_sigma": 0.9099957390546798,
        "skewness": -1.2472855939805059,
        "kurtosis_excess": 3.3278819957191397,
        "delta_mean_median": -0.19479269941943328
      },
      "m_e": {
        "n": 332,
        "nan_frac": 0.0,
        "mean": -0.1958970319288951,
        "median": 0.0,
        "std": 1.266942727124182,
        "iqr": 1.3445430845022202,
        "mad": 0.674490749835968,
        "mad_sigma": 0.9999999857068061,
        "skewness": -1.4838285390221702,
        "kurtosis_excess": 4.893624093385282,
        "delta_mean_median": -0.1958970319288951
      },
      "m_o": {
        "n": 332,
        "nan_frac": 0.0,
        "mean": 0.15267353445601492,
        "median": -1.3032695278525352e-07,
        "std": 1.2003371888631977,
        "iqr": 1.3653325736522675,
        "mad": 0.6744907796382904,
        "mad_sigma": 1.0000000298917293,
        "skewness": 1.2006023822513079,
        "kurtosis_excess": 2.8096581526963886,
        "delta_mean_median": 0.1526736647829677
      },
      "d_n": {
        "n": 332,
        "nan_frac": 0.0,
        "mean": 0.1522669933346403,
        "median": 0.0,
        "std": 1.1038360179079953,
        "iqr": 1.3579035997390747,
        "mad": 0.6744907796382904,
        "mad_sigma": 1.0000000298917293,
        "skewness": 0.4144213480579554,
        "kurtosis_excess": 0.01747327437987245,
        "delta_mean_median": 0.1522669933346403
      },
      "d_l": {
        "n": 332,
        "nan_frac": 0.0,
        "mean": -0.1662075260390404,
        "median": 0.0,
        "std": 1.053054626470924,
        "iqr": 1.3533292263746262,
        "mad": 0.6744907796382904,
        "mad_sigma": 1.0000000298917293,
        "skewness": -0.8775942066377708,
        "kurtosis_excess": 0.2335093875198364,
        "delta_mean_median": -0.1662075260390404
      },
      "d_s": {
        "n": 332,
        "nan_frac": 0.0,
        "mean": 0.17748700816542645,
        "median": 0.0,
        "std": 1.0681489272701574,
        "iqr": 1.4120845049619675,
        "mad": 0.674490749835968,
        "mad_sigma": 0.9999999857068061,
        "skewness": 0.8511899869920114,
        "kurtosis_excess": 1.4837671386865088,
        "delta_mean_median": 0.17748700816542645
      },
      "e_e": {
        "n": 332,
        "nan_frac": 0.0,
        "mean": -0.10000262790673738,
        "median": -2.948567271232605e-06,
        "std": 1.1315465820589383,
        "iqr": 1.3614949584007263,
        "mad": 0.6744936387985945,
        "mad_sigma": 1.0000042688827961,
        "skewness": -0.7861344018833534,
        "kurtosis_excess": 2.021111174817263,
        "delta_mean_median": -0.09999967933946614
      },
      "e_s": {
        "n": 332,
        "nan_frac": 0.0,
        "mean": 0.5958158720318626,
        "median": 2.5086774257943034e-07,
        "std": 1.721084867669242,
        "iqr": 1.5245157778263092,
        "mad": 0.674490749835968,
        "mad_sigma": 0.9999999857068061,
        "skewness": 1.7476931151256476,
        "kurtosis_excess": 2.514635753615172,
        "delta_mean_median": 0.59581562116412
      },
      "e_m": {
        "n": 332,
        "nan_frac": 0.0,
        "mean": 0.20750816171800898,
        "median": 0.0,
        "std": 1.1790147511601683,
        "iqr": 1.3895038068294525,
        "mad": 0.6744906306266785,
        "mad_sigma": 0.9999998089671135,
        "skewness": 1.1939532204472625,
        "kurtosis_excess": 2.7127450973561738,
        "delta_mean_median": 0.20750816171800898
      }
    }
  },
  "entropy_provisional": {},
  "geometry_contract": {
    "policy_version": "standard_invalidity_v1",
    "status": "ok",
    "primary_requires_coords_9d": true,
    "shared_time_grid": {
      "epochs_before_policy": 332,
      "epochs_retained": 332,
      "epochs_dropped": 0,
      "drop_fraction": 0.0,
      "dropped_epoch_indices_preview": [],
      "drop_reason_counts": {
        "mnps_3d_nonfinite_rows": 0,
        "coords_9d_nonfinite_rows_affecting_primary": 0
      }
    },
    "mnps_3d": {
      "finite_row_fraction_before": 1.0,
      "nonfinite_row_count": 0,
      "degenerate_axes": [],
      "all_nan_axes": []
    },
    "coords_9d": {
      "available": true,
      "shape_matches_time_grid": true,
      "finite_row_fraction_before": 1.0,
      "nonfinite_row_count": 0,
      "nonfinite_rows_retained_on_shared_grid": 0,
      "degenerate_axes": [],
      "all_nan_axes": []
    },
    "time_grid": {
      "status": "ok",
      "warnings": [],
      "window_count": 332,
      "finite_window_bounds_fraction": 1.0,
      "dt_source": "window_start",
      "dt_sec_runtime": 4.0,
      "dt_sec_config": 4.0,
      "window_sec_config": 8.0,
      "dt_matches_runtime": true,
      "dt_matches_config_formula": true,
      "window_len_matches_config": true,
      "nonpositive_dt_count": 0,
      "nonpositive_window_len_count": 0,
      "dt_intervals_sec": {
        "n": 331,
        "mean": 4.0,
        "median": 4.0,
        "iqr": 0.0,
        "p95": 4.0,
        "max": 4.0
      },