{
  "dataset_id": "ds004511:sub-S210217:ses-01_rest_run-01",
  "subject": "sub-S210217",
  "session": "ses-01",
  "reliability_axes": {
    "m": 0.7666642923454225,
    "d": 0.4781393002701904,
    "e": 0.4513438324461243
  },
  "reliability_subcoords": {
    "m_a": 0.7119254647020108,
    "m_e": 0.8050641171028105,
    "m_o": 0.6405511662265477,
    "d_n": 0.7529979796586994,
    "d_l": 0.7055855485080831,
    "d_s": 0.7650140967125273,
    "e_e": 0.7555208984108048,
    "e_s": 0.5911477195232117,
    "e_m": 0.22228454704696404
  }
}