{
  "dataset_id": "ds004511:sub-S210217:ses-01_rest_run-01",
  "subject": "sub-S210217",
  "session": "ses-01",
  "coverage": {
    "epochs": 122,
    "seconds": 488.0
  },
  "artifacts": {
    "methods": [
      "ica"
    ],
    "bad_eeg_channels": [
      "Batt_0",
      "Batt_1",
      "Batt_2",
      "Batt_3",
      "Foto",
      "Gnd-Ref",
      "Gnd-Ref1",
      "Gnd-Ref2",
      "Gnd-Ref3",
      "Ref",
      "Sync"
    ],
    "n_bad_eeg_channels": 11,
    "stem_collisions": {}
  },
  "ensemble": {
    "var_by_subcoord": {
      "m_a": 0.004974024370312691,
      "m_e": 1.259409243559162e-15,
      "m_o": 1.1013822029414845e-14,
      "d_n": 8.897445836195984e-15,
      "d_l": 2.8161248832002383e-13,
      "d_s": 4.396737965026154e-15,
      "e_e": 9.945741062319935e-13,
      "e_s": 2.9431914804617376e-14,
      "e_m": 0.0
    },
    "var_mean": 0.0005526693746270975,
    "var_max": 0.004974024370312691
  },
  "reliability": {
    "axes": {
      "m": 0.7666642923454225,
      "d": 0.4781393002701904,
      "e": 0.4513438324461243
    },
    "subcoords": {
      "m_a": 0.7119254647020108,
      "m_e": 0.8050641171028105,
      "m_o": 0.6405511662265477,
      "d_n": 0.7529979796586994,
      "d_l": 0.7055855485080831,
      "d_s": 0.7650140967125273,
      "e_e": 0.7555208984108048,
      "e_s": 0.5911477195232117,
      "e_m": 0.22228454704696404
    }
  },
  "dist_summary": {
    "axes": {
      "m": {
        "n": 122,
        "nan_frac": 0.0,
        "mean": -0.2807791749822724,
        "median": -0.019330298528075218,
        "std": 1.0388846875912243,
        "iqr": 1.4295229986310005,
        "mad": 0.6596874296665192,
        "mad_sigma": 0.9780525832235812,
        "skewness": -0.7961974278030011,
        "kurtosis_excess": 0.2583578644570932,
        "delta_mean_median": -0.2614488764541972
      },
      "d": {
        "n": 122,
        "nan_frac": 0.0,
        "mean": 0.08089542801522451,
        "median": 0.053790681064128876,
        "std": 0.4775909672487653,
        "iqr": 0.6545619703829288,
        "mad": 0.32611458003520966,
        "mad_sigma": 0.4834974763602018,
        "skewness": -0.08238206533654159,
        "kurtosis_excess": -0.1905193401311429,
        "delta_mean_median": 0.027104746951095632
      },
      "e": {
        "n": 122,
        "nan_frac": 0.0,
        "mean": -0.010687342547185596,
        "median": -0.034413017332553864,
        "std": 0.6094281169267675,
        "iqr": 0.6606058478355408,
        "mad": 0.34020501375198364,
        "mad_sigma": 0.5043879533886909,
        "skewness": 0.17067775233708973,
        "kurtosis_excess": 1.644063888473525,
        "delta_mean_median": 0.023725674785368266
      }
    },
    "subcoords": {
      "m_a": {
        "n": 122,
        "nan_frac": 0.0,
        "mean": -0.1445614288820595,
        "median": 0.0510240588337183,
        "std": 1.2991365130323975,
        "iqr": 1.4165353029966354,
        "mad": 0.7232811450958252,
        "mad_sigma": 1.0723366257190703,
        "skewness": -1.3678901742187473,
        "kurtosis_excess": 2.9575547579084907,
        "delta_mean_median": -0.1955854877157778
      },
      "m_e": {
        "n": 122,
        "nan_frac": 0.0,
        "mean": -0.6063982876395563,
        "median": -1.2654345482587814e-07,
        "std": 1.4378301177557986,
        "iqr": 1.852596491575241,
        "mad": 0.6744907796382904,
        "mad_sigma": 1.0000000298917293,
        "skewness": -0.9749813338616832,
        "kurtosis_excess": 0.11188198735210753,
        "delta_mean_median": -0.6063981610961015
      },
      "m_o": {
        "n": 122,
        "nan_frac": 0.0,
        "mean": -0.07047806682492622,
        "median": -1.4295801520347595e-07,
        "std": 0.9890855531328835,
        "iqr": 1.3306097984313965,
        "mad": 0.6744907200336456,
        "mad_sigma": 0.999999941521883,
        "skewness": -0.08183341321720652,
        "kurtosis_excess": -0.5633311345580405,
        "delta_mean_median": -0.07047792386691101
      },
      "d_n": {
        "n": 122,
        "nan_frac": 0.0,
        "mean": 0.00326733193198051,
        "median": -4.928151611238718e-07,
        "std": 1.143585313334011,
        "iqr": 1.325149953365326,
        "mad": 0.6744912724534515,
        "mad_sigma": 1.0000007605394872,
        "skewness": 0.6895974207845207,
        "kurtosis_excess": 1.5347798696571155,
        "delta_mean_median": 0.003267824747141634
      },
      "d_l": {
        "n": 122,
        "nan_frac": 0.0,
        "mean": -0.13780563459044598,
        "median": -4.917383193969727e-07,
        "std": 1.0560331849744358,
        "iqr": 1.3071898967027664,
        "mad": 0.6744902580976486,
        "mad_sigma": 0.9999992566555738,
        "skewness": -1.1074476836425011,
        "kurtosis_excess": 1.8516803940554984,
        "delta_mean_median": -0.13780514285212658
      },
      "d_s": {
        "n": 122,
        "nan_frac": 0.0,
        "mean": 0.8599987018922131,
        "median": -1.0873191058635712e-07,
        "std": 2.2097852184020152,
        "iqr": 1.8786019086837769,
        "mad": 0.6744907796382904,
        "mad_sigma": 1.0000000298917293,
        "skewness": 1.4265194740692642,
        "kurtosis_excess": 0.7041621133788887,
        "delta_mean_median": 0.8599988106241236
      },
      "e_e": {
        "n": 122,
        "nan_frac": 0.0,
        "mean": -0.2068834354123864,
        "median": 2.2435560822486877e-06,
        "std": 1.1604910997960969,
        "iqr": 1.4682621657848358,
        "mad": 0.6744884764775634,
        "mad_sigma": 0.9999966152256354,
        "skewness": -0.702550691584981,
        "kurtosis_excess": 0.6916064854338959,
        "delta_mean_median": -0.20688567896846866
      },
      "e_s": {
        "n": 122,
        "nan_frac": 0.0,
        "mean": 0.2554670635603185,
        "median": -7.294584065675735e-07,
        "std": 1.375825061891314,
        "iqr": 1.403277039527893,
        "mad": 0.674490749835968,
        "mad_sigma": 0.9999999857068061,
        "skewness": 2.278170001422997,
        "kurtosis_excess": 7.031100958025641,
        "delta_mean_median": 0.2554677930187251
      },
      "e_m": {
        "n": 122,
        "nan_frac": 0.0,
        "mean": 0.04767762463478768,
        "median": 0.0,
        "std": 1.1294853544608918,
        "iqr": 1.3202866613864899,
        "mad": 0.674490749835968,
        "mad_sigma": 0.9999999857068061,
        "skewness": 1.3205733392552268,
        "kurtosis_excess": 2.7772334539576704,
        "delta_mean_median": 0.04767762463478768
      }
    }
  },
  "entropy_provisional": {},
  "geometry_contract": {
    "policy_version": "standard_invalidity_v1",
    "status": "ok",
    "primary_requires_coords_9d": true,
    "shared_time_grid": {
      "epochs_before_policy": 122,
      "epochs_retained": 122,
      "epochs_dropped": 0,
      "drop_fraction": 0.0,
      "dropped_epoch_indices_preview": [],
      "drop_reason_counts": {
        "mnps_3d_nonfinite_rows": 0,
        "coords_9d_nonfinite_rows_affecting_primary": 0
      }
    },
    "mnps_3d": {
      "finite_row_fraction_before": 1.0,
      "nonfinite_row_count": 0,
      "degenerate_axes": [],
      "all_nan_axes": []
    },
    "coords_9d": {
      "available": true,
      "shape_matches_time_grid": true,
      "finite_row_fraction_before": 1.0,
      "nonfinite_row_count": 0,
      "nonfinite_rows_retained_on_shared_grid": 0,
      "degenerate_axes": [],
      "all_nan_axes": []
    },
    "time_grid": {
      "status": "ok",
      "warnings": [],
      "window_count": 122,
      "finite_window_bounds_fraction": 1.0,
      "dt_source": "window_start",
      "dt_sec_runtime": 4.0,
      "dt_sec_config": 4.0,
      "window_sec_config": 8.0,
      "dt_matches_runtime": true,
      "dt_matches_config_formula": true,
      "window_len_matches_config": true,
      "nonpositive_dt_count": 0,
      "nonpositive_window_len_count": 0,
      "dt_intervals_sec": {
        "n": 121,
        "mean": 4.0,