{
  "dataset_id": "ds004511:sub-S200306:ses-01_cognitive_control_run-01",
  "subject": "sub-S200306",
  "session": "ses-01",
  "reliability_axes": {
    "m": 0.6193377769874476,
    "d": 0.5892590246190981,
    "e": 0.6523818488252799
  },
  "reliability_subcoords": {
    "m_a": 0.6690974909264614,
    "m_e": 0.6398217443284016,
    "m_o": 0.5213653898089334,
    "d_n": 0.6913056809049788,
    "d_l": 0.601108865692679,
    "d_s": 0.6119188751664616,
    "e_e": 0.6245583873493228,
    "e_s": 0.6778507433652095,
    "e_m": 0.6151853858553112
  }
}