{
  "dataset_id": "ds004511:sub-S200306:ses-01_cognitive_control_run-01",
  "subject": "sub-S200306",
  "session": "ses-01",
  "coverage": {
    "epochs": 247,
    "seconds": 988.0
  },
  "artifacts": {
    "methods": [
      "ica"
    ],
    "bad_eeg_channels": [
      "Batt_0",
      "Batt_1",
      "Batt_2",
      "Batt_3",
      "Gnd-Ref",
      "Gnd-Ref1",
      "Gnd-Ref2",
      "Gnd-Ref3",
      "Ref",
      "Sync"
    ],
    "n_bad_eeg_channels": 10,
    "stem_collisions": {}
  },
  "ensemble": {
    "var_by_subcoord": {
      "m_a": 0.0016820812597870827,
      "m_e": 0.0,
      "m_o": 0.0,
      "d_n": 0.0,
      "d_l": 0.0,
      "d_s": 0.0,
      "e_e": 0.0,
      "e_s": 0.0,
      "e_m": 0.0
    },
    "var_mean": 0.0001868979177541203,
    "var_max": 0.0016820812597870827
  },
  "reliability": {
    "axes": {
      "m": 0.6193377769874476,
      "d": 0.5892590246190981,
      "e": 0.6523818488252799
    },
    "subcoords": {
      "m_a": 0.6690974909264614,
      "m_e": 0.6398217443284016,
      "m_o": 0.5213653898089334,
      "d_n": 0.6913056809049788,
      "d_l": 0.601108865692679,
      "d_s": 0.6119188751664616,
      "e_e": 0.6245583873493228,
      "e_s": 0.6778507433652095,
      "e_m": 0.6151853858553112
    }
  },
  "dist_summary": {
    "axes": {
      "m": {
        "n": 247,
        "nan_frac": 0.0,
        "mean": -0.01049795358532263,
        "median": 0.047724224627017975,
        "std": 0.8948850912237719,
        "iqr": 1.1372031569480896,
        "mad": 0.5701450482010841,
        "mad_sigma": 0.8452970484629273,
        "skewness": -0.6572287339560465,
        "kurtosis_excess": 1.0543254797471189,
        "delta_mean_median": -0.0582221782123406
      },
      "d": {
        "n": 247,
        "nan_frac": 0.0,
        "mean": 0.12639122571502076,
        "median": 0.05282139405608177,
        "std": 0.7199544690868073,
        "iqr": 0.7797197252511978,
        "mad": 0.39150479808449745,
        "mad_sigma": 0.5804450136400758,
        "skewness": 0.6896579211833497,
        "kurtosis_excess": 0.5800738219675194,
        "delta_mean_median": 0.07356983165893899
      },
      "e": {
        "n": 247,
        "nan_frac": 0.0,
        "mean": 0.003742770451170049,
        "median": -0.07926931977272034,
        "std": 0.6436856027952599,
        "iqr": 0.8296349495649338,
        "mad": 0.43714639544487,
        "mad_sigma": 0.6481132458865643,
        "skewness": 1.0594486196297823,
        "kurtosis_excess": 2.643125738679614,
        "delta_mean_median": 0.08301209022389039
      }
    },
    "subcoords": {
      "m_a": {
        "n": 247,
        "nan_frac": 0.0,
        "mean": -0.08675249668992,
        "median": 0.023796021938323975,
        "std": 0.9634673642025919,
        "iqr": 1.2573915123939514,
        "mad": 0.6235331892967224,
        "mad_sigma": 0.9244503064513206,
        "skewness": -0.6077976753183776,
        "kurtosis_excess": 0.19379956121433262,
        "delta_mean_median": -0.11054851862824397
      },
      "m_e": {
        "n": 247,
        "nan_frac": 0.0,
        "mean": -0.05705446542546093,
        "median": 0.0,
        "std": 1.1414880337547342,
        "iqr": 1.3404115736484528,
        "mad": 0.674490749835968,
        "mad_sigma": 0.9999999857068061,
        "skewness": -1.297151088212974,
        "kurtosis_excess": 3.127319505962297,
        "delta_mean_median": -0.05705446542546093
      },
      "m_o": {
        "n": 247,
        "nan_frac": 0.0,
        "mean": 0.15146628622463357,
        "median": 0.0,
        "std": 1.2166598366818686,
        "iqr": 1.4104286432266235,
        "mad": 0.674490749835968,
        "mad_sigma": 0.9999999857068061,
        "skewness": 0.7870557706956814,
        "kurtosis_excess": 1.7487625282206816,
        "delta_mean_median": 0.15146628622463357
      },
      "d_n": {
        "n": 247,
        "nan_frac": 0.0,
        "mean": 0.27698455515095155,
        "median": 0.0,
        "std": 1.8908740549849705,
        "iqr": 1.3326358497142792,
        "mad": 0.674490749835968,
        "mad_sigma": 0.9999999857068061,
        "skewness": 1.4012303135809694,
        "kurtosis_excess": 2.146529115133191,
        "delta_mean_median": 0.27698455515095155
      },
      "d_l": {
        "n": 247,
        "nan_frac": 0.0,
        "mean": -0.07760020968530644,
        "median": 0.0,
        "std": 1.2660629120361069,
        "iqr": 1.3447608351707458,
        "mad": 0.674490749835968,
        "mad_sigma": 0.9999999857068061,
        "skewness": -0.7409835424196983,
        "kurtosis_excess": 1.189216808622092,
        "delta_mean_median": -0.07760020968530644
      },
      "d_s": {
        "n": 247,
        "nan_frac": 0.0,
        "mean": 0.4548780298772973,
        "median": 0.0,
        "std": 1.615137191680521,
        "iqr": 1.5098921060562134,
        "mad": 0.674490749835968,
        "mad_sigma": 0.9999999857068061,
        "skewness": 1.9302275203417558,
        "kurtosis_excess": 3.7548060763831517,
        "delta_mean_median": 0.4548780298772973
      },
      "e_e": {
        "n": 247,
        "nan_frac": 0.0,
        "mean": -0.10791868310297277,
        "median": 0.0,
        "std": 1.0089778570903287,
        "iqr": 1.38947394490242,
        "mad": 0.674490749835968,
        "mad_sigma": 0.9999999857068061,
        "skewness": -0.645496032596099,
        "kurtosis_excess": 0.6865365849718685,
        "delta_mean_median": -0.10791868310297277
      },
      "e_s": {
        "n": 247,
        "nan_frac": 0.0,
        "mean": 0.1576879708622375,
        "median": 0.0,
        "std": 1.2650568372216668,
        "iqr": 1.3247255980968475,
        "mad": 0.674490749835968,
        "mad_sigma": 0.9999999857068061,
        "skewness": 1.298918456239038,
        "kurtosis_excess": 3.2881681011427704,
        "delta_mean_median": 0.1576879708622375
      },
      "e_m": {
        "n": 247,
        "nan_frac": 0.0,
        "mean": -0.014050290096920692,
        "median": 0.0,
        "std": 1.1100507439494496,
        "iqr": 1.3220950961112976,
        "mad": 0.674490749835968,
        "mad_sigma": 0.9999999857068061,
        "skewness": -0.2421108081597447,
        "kurtosis_excess": 0.3694248138855736,
        "delta_mean_median": -0.014050290096920692
      }
    }
  },
  "entropy_provisional": {},
  "geometry_contract": {
    "policy_version": "standard_invalidity_v1",
    "status": "ok",
    "primary_requires_coords_9d": true,
    "shared_time_grid": {
      "epochs_before_policy": 247,
      "epochs_retained": 247,
      "epochs_dropped": 0,
      "drop_fraction": 0.0,
      "dropped_epoch_indices_preview": [],
      "drop_reason_counts": {
        "mnps_3d_nonfinite_rows": 0,
        "coords_9d_nonfinite_rows_affecting_primary": 0
      }
    },
    "mnps_3d": {
      "finite_row_fraction_before": 1.0,
      "nonfinite_row_count": 0,
      "degenerate_axes": [],
      "all_nan_axes": []
    },
    "coords_9d": {
      "available": true,
      "shape_matches_time_grid": true,
      "finite_row_fraction_before": 1.0,
      "nonfinite_row_count": 0,
      "nonfinite_rows_retained_on_shared_grid": 0,
      "degenerate_axes": [],
      "all_nan_axes": []
    },
    "time_grid": {
      "status": "ok",
      "warnings": [],
      "window_count": 247,
      "finite_window_bounds_fraction": 1.0,
      "dt_source": "window_start",
      "dt_sec_runtime": 4.0,
      "dt_sec_config": 4.0,
      "window_sec_config": 8.0,
      "dt_matches_runtime": true,
      "dt_matches_config_formula": true,
      "window_len_matches_config": true,
      "nonpositive_dt_count": 0,
      "nonpositive_window_len_count": 0,
      "dt_intervals_sec": {
        "n": 246,
        "mean": 4.0,
        "median": 4.0,
        "iqr": 0.0,
        "p95": 4.0,
        "max": 4.0
      },
      "window_lengths_sec": {
        "n": 247,
        "mean": 8.0,
        "median": 8.0,
        "iqr": 0.0,
        "p95": 8.0,
        "max": 8.0
      }
    },