{
  "dataset_id": "ds004511:sub-S210127:ses-01_gambling_run-01",
  "subject": "sub-S210127",
  "session": "ses-01",
  "reliability_axes": {
    "m": 0.5877587553509971,
    "d": 0.76277908207902,
    "e": 0.6690475878651309
  },
  "reliability_subcoords": {
    "m_a": 0.8363732375490354,
    "m_e": 0.537922296058791,
    "m_o": 0.5088616837815039,
    "d_n": 0.8573612155914796,
    "d_l": 0.7315133094534315,
    "d_s": 0.49027918425195566,
    "e_e": 0.7973337568778676,
    "e_s": 0.6866390251664531,
    "e_m": 0.6565651161361961
  }
}