{
  "dataset_id": "ds004511:sub-S210127:ses-01_gambling_run-01",
  "subject": "sub-S210127",
  "session": "ses-01",
  "coverage": {
    "epochs": 891,
    "seconds": 3564.0
  },
  "artifacts": {
    "methods": [
      "ica"
    ],
    "bad_eeg_channels": [
      "Batt_0",
      "Batt_1",
      "Batt_2",
      "Batt_3",
      "Gnd-Ref",
      "Gnd-Ref1",
      "Gnd-Ref2",
      "Gnd-Ref3",
      "Ref",
      "Sync"
    ],
    "n_bad_eeg_channels": 10,
    "stem_collisions": {}
  },
  "ensemble": {
    "var_by_subcoord": {
      "m_a": 0.0010281982831656933,
      "m_e": 0.0,
      "m_o": 0.0,
      "d_n": 0.0,
      "d_l": 0.0,
      "d_s": 0.0,
      "e_e": 0.0,
      "e_s": 0.0,
      "e_m": 0.0
    },
    "var_mean": 0.00011424425368507703,
    "var_max": 0.0010281982831656933
  },
  "reliability": {
    "axes": {
      "m": 0.5877587553509971,
      "d": 0.76277908207902,
      "e": 0.6690475878651309
    },
    "subcoords": {
      "m_a": 0.8363732375490354,
      "m_e": 0.537922296058791,
      "m_o": 0.5088616837815039,
      "d_n": 0.8573612155914796,
      "d_l": 0.7315133094534315,
      "d_s": 0.49027918425195566,
      "e_e": 0.7973337568778676,
      "e_s": 0.6866390251664531,
      "e_m": 0.6565651161361961
    }
  },
  "dist_summary": {
    "axes": {
      "m": {
        "n": 891,
        "nan_frac": 0.0,
        "mean": -0.15617494706370721,
        "median": -0.02359921857714653,
        "std": 0.8957552761655672,
        "iqr": 1.0732648521661758,
        "mad": 0.5343235842883587,
        "mad_sigma": 0.7921881460659206,
        "skewness": -0.8635922363000185,
        "kurtosis_excess": 1.2359962046363187,
        "delta_mean_median": -0.13257572848656068
      },
      "d": {
        "n": 891,
        "nan_frac": 0.0,
        "mean": 0.05282971735557125,
        "median": 0.06897246092557907,
        "std": 0.6176667080869562,
        "iqr": 0.8244493305683136,
        "mad": 0.4100330099463463,
        "mad_sigma": 0.607914940546453,
        "skewness": -0.17067072478124706,
        "kurtosis_excess": 0.3857360081615173,
        "delta_mean_median": -0.01614274357000782
      },
      "e": {
        "n": 891,
        "nan_frac": 0.0,
        "mean": 0.003777342135354241,
        "median": 0.03768244385719299,
        "std": 0.7242693038250697,
        "iqr": 0.7276230752468109,
        "mad": 0.3636588454246521,
        "mad_sigma": 0.5391606042265892,
        "skewness": -1.1596275430417424,
        "kurtosis_excess": 6.046647374706845,
        "delta_mean_median": -0.03390510172183875
      }
    },
    "subcoords": {
      "m_a": {
        "n": 891,
        "nan_frac": 0.0,
        "mean": -0.2814914243991929,
        "median": 0.004368744790554047,
        "std": 1.4340324681254617,
        "iqr": 1.1524272859096527,
        "mad": 0.5770075097680092,
        "mad_sigma": 0.8554713339820503,
        "skewness": -2.032179350987431,
        "kurtosis_excess": 4.64805374531308,
        "delta_mean_median": -0.28586016918974694
      },
      "m_e": {
        "n": 891,
        "nan_frac": 0.0,
        "mean": -0.21081671341297276,
        "median": 0.0,
        "std": 1.146987720131807,
        "iqr": 1.377249002456665,
        "mad": 0.674490749835968,
        "mad_sigma": 0.9999999857068061,
        "skewness": -0.9811588538680063,
        "kurtosis_excess": 1.262301708096107,
        "delta_mean_median": -0.21081671341297276
      },
      "m_o": {
        "n": 891,
        "nan_frac": 0.0,
        "mean": 0.08326769424456054,
        "median": 0.0,
        "std": 1.171586696230769,
        "iqr": 1.3691096305847168,
        "mad": 0.674490749835968,
        "mad_sigma": 0.9999999857068061,
        "skewness": 1.063471271895048,
        "kurtosis_excess": 3.1107612659173487,
        "delta_mean_median": 0.08326769424456054
      },
      "d_n": {
        "n": 891,
        "nan_frac": 0.0,
        "mean": 0.3465068396256649,
        "median": 0.0,
        "std": 1.678213182186862,
        "iqr": 1.3474299311637878,
        "mad": 0.674490749835968,
        "mad_sigma": 0.9999999857068061,
        "skewness": 1.9089849410887803,
        "kurtosis_excess": 4.060870477790149,
        "delta_mean_median": 0.3465068396256649
      },
      "d_l": {
        "n": 891,
        "nan_frac": 0.0,
        "mean": -0.23372323071277976,
        "median": 0.0,
        "std": 1.1631892087123756,
        "iqr": 1.426257073879242,
        "mad": 0.674490749835968,
        "mad_sigma": 0.9999999857068061,
        "skewness": -1.2575087862239442,
        "kurtosis_excess": 2.627930447405764,
        "delta_mean_median": -0.23372323071277976
      },
      "d_s": {
        "n": 891,
        "nan_frac": 0.0,
        "mean": 0.3675970273414659,
        "median": 0.0,
        "std": 1.4565684510420194,
        "iqr": 1.4700908958911896,
        "mad": 0.674490749835968,
        "mad_sigma": 0.9999999857068061,
        "skewness": 1.7092651382585287,
        "kurtosis_excess": 3.187463826499309,
        "delta_mean_median": 0.3675970273414659
      },
      "e_e": {
        "n": 891,
        "nan_frac": 0.0,
        "mean": -0.24353956976643107,
        "median": 0.0,
        "std": 1.3148663205506501,
        "iqr": 1.376280277967453,
        "mad": 0.6744906902313232,
        "mad_sigma": 0.9999998973369598,
        "skewness": -1.4100750094009575,
        "kurtosis_excess": 2.677252589060174,
        "delta_mean_median": -0.24353956976643107
      },
      "e_s": {
        "n": 891,
        "nan_frac": 0.0,
        "mean": 0.33304729038853653,
        "median": 0.0,
        "std": 1.4116839306502367,
        "iqr": 1.4329206943511963,
        "mad": 0.674490749835968,
        "mad_sigma": 0.9999999857068061,
        "skewness": 1.7090785536431323,
        "kurtosis_excess": 3.914743477913907,
        "delta_mean_median": 0.33304729038853653
      },
      "e_m": {
        "n": 891,
        "nan_frac": 0.0,
        "mean": 0.20617772958750444,
        "median": 0.0,
        "std": 1.1277501521503939,
        "iqr": 1.363782525062561,
        "mad": 0.6744906306266785,
        "mad_sigma": 0.9999998089671135,
        "skewness": 1.358715741820009,
        "kurtosis_excess": 3.5699836675888994,
        "delta_mean_median": 0.20617772958750444
      }
    }
  },
  "entropy_provisional": {},
  "geometry_contract": {
    "policy_version": "standard_invalidity_v1",
    "status": "ok",
    "primary_requires_coords_9d": true,
    "shared_time_grid": {
      "epochs_before_policy": 891,
      "epochs_retained": 891,
      "epochs_dropped": 0,
      "drop_fraction": 0.0,
      "dropped_epoch_indices_preview": [],
      "drop_reason_counts": {
        "mnps_3d_nonfinite_rows": 0,
        "coords_9d_nonfinite_rows_affecting_primary": 0
      }
    },
    "mnps_3d": {
      "finite_row_fraction_before": 1.0,
      "nonfinite_row_count": 0,
      "degenerate_axes": [],
      "all_nan_axes": []
    },
    "coords_9d": {
      "available": true,
      "shape_matches_time_grid": true,
      "finite_row_fraction_before": 1.0,
      "nonfinite_row_count": 0,
      "nonfinite_rows_retained_on_shared_grid": 0,
      "degenerate_axes": [],
      "all_nan_axes": []
    },
    "time_grid": {
      "status": "ok",
      "warnings": [],
      "window_count": 891,
      "finite_window_bounds_fraction": 1.0,
      "dt_source": "window_start",
      "dt_sec_runtime": 4.0,
      "dt_sec_config": 4.0,
      "window_sec_config": 8.0,
      "dt_matches_runtime": true,
      "dt_matches_config_formula": true,
      "window_len_matches_config": true,
      "nonpositive_dt_count": 0,
      "nonpositive_window_len_count": 0,
      "dt_intervals_sec": {
        "n": 890,
        "mean": 4.0,
        "median": 4.0,
        "iqr": 0.0,
        "p95": 4.0,
        "max": 4.0
      },
      "window_lengths_sec": {
        "n": 891,
        "mean": 8.0,
        "median": 8.0,
        "iqr": 0.0,
        "p95": 8.0,
        "max": 8.0
      }
    },