{
  "dataset_id": "ds004511:sub-S210315:ses-01_cognitive_control_run-01",
  "subject": "sub-S210315",
  "session": "ses-01",
  "reliability_axes": {
    "m": 0.48754141446382726,
    "d": 0.6918274468208275,
    "e": 0.6238174377334426
  },
  "reliability_subcoords": {
    "m_a": 0.6145439933213253,
    "m_e": 0.5468823500719908,
    "m_o": 0.48391967821705417,
    "d_n": 0.6079284100678509,
    "d_l": 0.7431498447419989,
    "d_s": 0.6464388817470774,
    "e_e": 0.7048540303622679,
    "e_s": 0.6608831304858618,
    "e_m": 0.61403504693503
  }
}