{
  "dataset_id": "ds004511:sub-S210315:ses-01_cognitive_control_run-01",
  "subject": "sub-S210315",
  "session": "ses-01",
  "coverage": {
    "epochs": 268,
    "seconds": 1072.0
  },
  "artifacts": {
    "methods": [
      "ica"
    ],
    "bad_eeg_channels": [
      "Batt_0",
      "Batt_1",
      "Batt_2",
      "Batt_3",
      "Gnd-Ref",
      "Gnd-Ref1",
      "Gnd-Ref2",
      "Gnd-Ref3",
      "Ref",
      "Sync"
    ],
    "n_bad_eeg_channels": 10,
    "stem_collisions": {}
  },
  "ensemble": {
    "var_by_subcoord": {
      "m_a": 0.0017614568350836635,
      "m_e": 0.0,
      "m_o": 1.8721095095160234e-14,
      "d_n": 4.835034485956534e-14,
      "d_l": 3.260413450724767e-14,
      "d_s": 1.417580787997641e-14,
      "e_e": 5.05482483127706e-13,
      "e_s": 8.360646159763507e-14,
      "e_m": 0.0
    },
    "var_mean": 0.00019571742619851152,
    "var_max": 0.0017614568350836635
  },
  "reliability": {
    "axes": {
      "m": 0.48754141446382726,
      "d": 0.6918274468208275,
      "e": 0.6238174377334426
    },
    "subcoords": {
      "m_a": 0.6145439933213253,
      "m_e": 0.5468823500719908,
      "m_o": 0.48391967821705417,
      "d_n": 0.6079284100678509,
      "d_l": 0.7431498447419989,
      "d_s": 0.6464388817470774,
      "e_e": 0.7048540303622679,
      "e_s": 0.6608831304858618,
      "e_m": 0.61403504693503
    }
  },
  "dist_summary": {
    "axes": {
      "m": {
        "n": 268,
        "nan_frac": 0.0,
        "mean": 0.01898594396605865,
        "median": 0.004909608047455549,
        "std": 0.7650817660595816,
        "iqr": 1.0497208833694458,
        "mad": 0.5136089324951172,
        "mad_sigma": 0.7614766033172607,
        "skewness": -0.04021193514657629,
        "kurtosis_excess": 0.3937406555068206,
        "delta_mean_median": 0.014076335918603102
      },
      "d": {
        "n": 268,
        "nan_frac": 0.0,
        "mean": 0.12473435790118163,
        "median": -0.03270765393972397,
        "std": 0.8622410993679768,
        "iqr": 0.794846884906292,
        "mad": 0.3887002542614937,
        "mad_sigma": 0.5762869969680905,
        "skewness": 2.0712585036321345,
        "kurtosis_excess": 6.39388487900597,
        "delta_mean_median": 0.15744201184090562
      },
      "e": {
        "n": 268,
        "nan_frac": 0.0,
        "mean": -0.039908502883375135,
        "median": 0.019670503214001656,
        "std": 0.632221390658516,
        "iqr": 0.7487072423100471,
        "mad": 0.4013504087924957,
        "mad_sigma": 0.5950421160757541,
        "skewness": -0.10301287167049454,
        "kurtosis_excess": 0.28157520986094164,
        "delta_mean_median": -0.05957900609737679
      }
    },
    "subcoords": {
      "m_a": {
        "n": 268,
        "nan_frac": 0.0,
        "mean": -0.05292521962034168,
        "median": 0.07646259665489197,
        "std": 1.01125658217034,
        "iqr": 1.097233608365059,
        "mad": 0.5468618720769882,
        "mad_sigma": 0.8107774115413426,
        "skewness": -1.2085178784286645,
        "kurtosis_excess": 2.7894541409070808,
        "delta_mean_median": -0.12938781627523366
      },
      "m_e": {
        "n": 268,
        "nan_frac": 0.0,
        "mean": -0.052870233004579124,
        "median": 0.0,
        "std": 1.0314966008863264,
        "iqr": 1.3403632044792175,
        "mad": 0.6744907200336456,
        "mad_sigma": 0.999999941521883,
        "skewness": -0.31630953366304365,
        "kurtosis_excess": 0.5829510469892454,
        "delta_mean_median": -0.052870233004579124
      },
      "m_o": {
        "n": 268,
        "nan_frac": 0.0,
        "mean": 0.20588776637750517,
        "median": -2.2517633624374866e-07,
        "std": 1.2161617759204695,
        "iqr": 1.4390745609998703,
        "mad": 0.674490749835968,
        "mad_sigma": 0.9999999857068061,
        "skewness": 1.1150895748606993,
        "kurtosis_excess": 2.370570725439844,
        "delta_mean_median": 0.2058879915538414
      },
      "d_n": {
        "n": 268,
        "nan_frac": 0.0,
        "mean": 0.23629088766191766,
        "median": 8.349306881427765e-07,
        "std": 1.5085289857429005,
        "iqr": 1.338014379143715,
        "mad": 0.6744907200336456,
        "mad_sigma": 0.999999941521883,
        "skewness": 2.386896522315697,
        "kurtosis_excess": 6.834101827632976,
        "delta_mean_median": 0.23629005273122952
      },
      "d_l": {
        "n": 268,
        "nan_frac": 0.0,
        "mean": 0.058367495895050636,
        "median": 7.624039426445961e-07,
        "std": 1.0392708445524321,
        "iqr": 1.3422324061393738,
        "mad": 0.6744907796382904,
        "mad_sigma": 1.0000000298917293,
        "skewness": 0.9752980753059999,
        "kurtosis_excess": 2.697015488541937,
        "delta_mean_median": 0.05836673349110799
      },
      "d_s": {
        "n": 268,
        "nan_frac": 0.0,
        "mean": 0.11988633416189964,
        "median": 0.0,
        "std": 1.0616030672472299,
        "iqr": 1.2776425927877426,
        "mad": 0.674490749835968,
        "mad_sigma": 0.9999999857068061,
        "skewness": 0.6779638378316493,
        "kurtosis_excess": 0.5183978538284224,
        "delta_mean_median": 0.11988633416189964
      },
      "e_e": {
        "n": 268,
        "nan_frac": 0.0,
        "mean": -0.07266448800618858,
        "median": -3.6030542105436325e-06,
        "std": 1.0599729123274846,
        "iqr": 1.3095954656600952,
        "mad": 0.6744906902313232,
        "mad_sigma": 0.9999998973369598,
        "skewness": -0.22728026608956511,
        "kurtosis_excess": 0.2506701297270242,
        "delta_mean_median": -0.07266088495197803
      },
      "e_s": {
        "n": 268,
        "nan_frac": 0.0,
        "mean": -4.258209756061212e-05,
        "median": 0.0,
        "std": 1.0403343833821237,
        "iqr": 1.3424400389194489,
        "mad": 0.6744907796382904,
        "mad_sigma": 1.0000000298917293,
        "skewness": -0.3601297274163372,
        "kurtosis_excess": 1.236082416609186,
        "delta_mean_median": -4.258209756061212e-05
      },
      "e_m": {
        "n": 268,
        "nan_frac": 0.0,
        "mean": 0.0642818845600001,
        "median": -2.0582228899002075e-07,
        "std": 0.9810821340503134,
        "iqr": 1.3502970039844513,
        "mad": 0.674490749835968,
        "mad_sigma": 0.9999999857068061,
        "skewness": 0.4980332319546756,
        "kurtosis_excess": 0.6673213649521363,
        "delta_mean_median": 0.06428209038228909
      }
    }
  },
  "entropy_provisional": {},
  "geometry_contract": {
    "policy_version": "standard_invalidity_v1",
    "status": "ok",
    "primary_requires_coords_9d": true,
    "shared_time_grid": {
      "epochs_before_policy": 268,
      "epochs_retained": 268,
      "epochs_dropped": 0,
      "drop_fraction": 0.0,
      "dropped_epoch_indices_preview": [],
      "drop_reason_counts": {
        "mnps_3d_nonfinite_rows": 0,
        "coords_9d_nonfinite_rows_affecting_primary": 0
      }
    },
    "mnps_3d": {
      "finite_row_fraction_before": 1.0,
      "nonfinite_row_count": 0,
      "degenerate_axes": [],
      "all_nan_axes": []
    },
    "coords_9d": {
      "available": true,
      "shape_matches_time_grid": true,
      "finite_row_fraction_before": 1.0,
      "nonfinite_row_count": 0,
      "nonfinite_rows_retained_on_shared_grid": 0,
      "degenerate_axes": [],
      "all_nan_axes": []
    },
    "time_grid": {
      "status": "ok",
      "warnings": [],
      "window_count": 268,
      "finite_window_bounds_fraction": 1.0,
      "dt_source": "window_start",
      "dt_sec_runtime": 4.0,
      "dt_sec_config": 4.0,
      "window_sec_config": 8.0,
      "dt_matches_runtime": true,
      "dt_matches_config_formula": true,
      "window_len_matches_config": true,
      "nonpositive_dt_count": 0,
      "nonpositive_window_len_count": 0,
      "dt_intervals_sec": {
        "n": 267,
        "mean": 4.0,
        "median": 4.0,
        "iqr": 0.0,
        "p95": 4.0,