{
  "dataset_id": "ds004511:sub-S210317:ses-01_cognitive_control_run-01",
  "subject": "sub-S210317",
  "session": "ses-01",
  "reliability_axes": {
    "m": 0.8013716533459407,
    "d": 0.6898088545418982,
    "e": 0.47295366520293913
  },
  "reliability_subcoords": {
    "m_a": 0.6571480257263959,
    "m_e": 0.8495985041715478,
    "m_o": 0.7558480960642482,
    "d_n": 0.6781059828992132,
    "d_l": 0.8030009901934638,
    "d_s": 0.7581473343990632,
    "e_e": 0.7940297712860921,
    "e_s": 0.7600223581065223,
    "e_m": 0.42633848751493447
  }
}