{
  "dataset_id": "ds004511:sub-S210317:ses-01_cognitive_control_run-01",
  "subject": "sub-S210317",
  "session": "ses-01",
  "coverage": {
    "epochs": 263,
    "seconds": 1052.0
  },
  "artifacts": {
    "methods": [
      "ica"
    ],
    "bad_eeg_channels": [
      "Batt_0",
      "Batt_1",
      "Batt_2",
      "Batt_3",
      "Gnd-Ref",
      "Gnd-Ref1",
      "Gnd-Ref2",
      "Gnd-Ref3",
      "Ref",
      "Sync"
    ],
    "n_bad_eeg_channels": 10,
    "stem_collisions": {}
  },
  "ensemble": {
    "var_by_subcoord": {
      "m_a": 0.0007199274259619415,
      "m_e": 0.0,
      "m_o": 0.0,
      "d_n": 0.0,
      "d_l": 0.0,
      "d_s": 0.0,
      "e_e": 0.0,
      "e_s": 0.0,
      "e_m": 0.0
    },
    "var_mean": 7.99919362179935e-05,
    "var_max": 0.0007199274259619415
  },
  "reliability": {
    "axes": {
      "m": 0.8013716533459407,
      "d": 0.6898088545418982,
      "e": 0.47295366520293913
    },
    "subcoords": {
      "m_a": 0.6571480257263959,
      "m_e": 0.8495985041715478,
      "m_o": 0.7558480960642482,
      "d_n": 0.6781059828992132,
      "d_l": 0.8030009901934638,
      "d_s": 0.7581473343990632,
      "e_e": 0.7940297712860921,
      "e_s": 0.7600223581065223,
      "e_m": 0.42633848751493447
    }
  },
  "dist_summary": {
    "axes": {
      "m": {
        "n": 263,
        "nan_frac": 0.0,
        "mean": 0.16025992679788587,
        "median": -0.013350234366953373,
        "std": 0.8598101909595681,
        "iqr": 1.4477307498455048,
        "mad": 0.6423850199207664,
        "mad_sigma": 0.9524000305345282,
        "skewness": 0.43774454600921403,
        "kurtosis_excess": -0.6872180096960139,
        "delta_mean_median": 0.17361016116483924
      },
      "d": {
        "n": 263,
        "nan_frac": 0.0,
        "mean": 0.11886425394504667,
        "median": 0.022568874061107635,
        "std": 0.5459421403718088,
        "iqr": 0.5728999525308609,
        "mad": 0.29145384579896927,
        "mad_sigma": 0.4321094717815518,
        "skewness": 1.6264732152558588,
        "kurtosis_excess": 4.352991128411972,
        "delta_mean_median": 0.09629537988393903
      },
      "e": {
        "n": 263,
        "nan_frac": 0.0,
        "mean": 0.0012799455313288214,
        "median": -0.01403442956507206,
        "std": 0.3495313474811769,
        "iqr": 0.44192351400852203,
        "mad": 0.22381973825395107,
        "mad_sigma": 0.33183514393530783,
        "skewness": 0.3953385269447375,
        "kurtosis_excess": 0.6252869334040803,
        "delta_mean_median": 0.015314375096400882
      }
    },
    "subcoords": {
      "m_a": {
        "n": 263,
        "nan_frac": 0.0,
        "mean": 0.043093606355129085,
        "median": 0.02752150595188141,
        "std": 0.8788928434381781,
        "iqr": 1.309959590435028,
        "mad": 0.6517211049795151,
        "mad_sigma": 0.966241710242629,
        "skewness": 0.03521353045492666,
        "kurtosis_excess": -0.5021538448367289,
        "delta_mean_median": 0.015572100403247677
      },
      "m_e": {
        "n": 263,
        "nan_frac": 0.0,
        "mean": 0.09894942788729451,
        "median": 0.0,
        "std": 0.7994757229188305,
        "iqr": 1.372359722852707,
        "mad": 0.674490749835968,
        "mad_sigma": 0.9999999857068061,
        "skewness": 0.2542712321317661,
        "kurtosis_excess": -1.0720113974384458,
        "delta_mean_median": 0.09894942788729451
      },
      "m_o": {
        "n": 263,
        "nan_frac": 0.0,
        "mean": 0.3966241741159881,
        "median": 0.0,
        "std": 1.1876288435648732,
        "iqr": 1.7920027673244476,
        "mad": 0.674490749835968,
        "mad_sigma": 0.9999999857068061,
        "skewness": 1.0216066392572958,
        "kurtosis_excess": 0.3583641098363035,
        "delta_mean_median": 0.3966241741159881
      },
      "d_n": {
        "n": 263,
        "nan_frac": 0.0,
        "mean": 0.033204237613101054,
        "median": 0.0,
        "std": 0.952226171784197,
        "iqr": 1.3302500247955322,
        "mad": 0.674490749835968,
        "mad_sigma": 0.9999999857068061,
        "skewness": 0.7888825745062115,
        "kurtosis_excess": 1.8592774867215276,
        "delta_mean_median": 0.033204237613101054
      },
      "d_l": {
        "n": 263,
        "nan_frac": 0.0,
        "mean": 0.15950822873667816,
        "median": 0.0,
        "std": 1.007018727650499,
        "iqr": 1.3520237505435944,
        "mad": 0.674490749835968,
        "mad_sigma": 0.9999999857068061,
        "skewness": 0.5871229891845524,
        "kurtosis_excess": 0.0847007507577282,
        "delta_mean_median": 0.15950822873667816
      },
      "d_s": {
        "n": 263,
        "nan_frac": 0.0,
        "mean": 0.15279981121376596,
        "median": 0.0,
        "std": 1.0289257341572327,
        "iqr": 1.3395053148269653,
        "mad": 0.6744908094406128,
        "mad_sigma": 1.0000000740766524,
        "skewness": 0.9551786541203597,
        "kurtosis_excess": 0.4264930989221032,
        "delta_mean_median": 0.15279981121376596
      },
      "e_e": {
        "n": 263,
        "nan_frac": 0.0,
        "mean": 0.030349500273697844,
        "median": 0.0,
        "std": 0.8529303750778379,
        "iqr": 1.3379011452198029,
        "mad": 0.674490749835968,
        "mad_sigma": 0.9999999857068061,
        "skewness": 0.009570125597589452,
        "kurtosis_excess": -0.6520915636505009,
        "delta_mean_median": 0.030349500273697844
      },
      "e_s": {
        "n": 263,
        "nan_frac": 0.0,
        "mean": -0.04186018127523108,
        "median": 0.0,
        "std": 1.0130730183063084,
        "iqr": 1.30321803689003,
        "mad": 0.674490749835968,
        "mad_sigma": 0.9999999857068061,
        "skewness": 0.3791051733022878,
        "kurtosis_excess": 1.932657869892589,
        "delta_mean_median": -0.04186018127523108
      },
      "e_m": {
        "n": 263,
        "nan_frac": 0.0,
        "mean": 0.06920513658370016,
        "median": 0.0,
        "std": 1.0132580573188155,
        "iqr": 1.3691607415676117,
        "mad": 0.6744906306266785,
        "mad_sigma": 0.9999998089671135,
        "skewness": 0.2833811423583102,
        "kurtosis_excess": 0.0831594250333656,
        "delta_mean_median": 0.06920513658370016
      }
    }
  },
  "entropy_provisional": {},
  "geometry_contract": {
    "policy_version": "standard_invalidity_v1",
    "status": "ok",
    "primary_requires_coords_9d": true,
    "shared_time_grid": {
      "epochs_before_policy": 263,
      "epochs_retained": 263,
      "epochs_dropped": 0,
      "drop_fraction": 0.0,
      "dropped_epoch_indices_preview": [],
      "drop_reason_counts": {
        "mnps_3d_nonfinite_rows": 0,
        "coords_9d_nonfinite_rows_affecting_primary": 0
      }
    },
    "mnps_3d": {
      "finite_row_fraction_before": 1.0,
      "nonfinite_row_count": 0,
      "degenerate_axes": [],
      "all_nan_axes": []
    },
    "coords_9d": {
      "available": true,
      "shape_matches_time_grid": true,
      "finite_row_fraction_before": 1.0,
      "nonfinite_row_count": 0,
      "nonfinite_rows_retained_on_shared_grid": 0,
      "degenerate_axes": [],
      "all_nan_axes": []
    },
    "time_grid": {
      "status": "ok",
      "warnings": [],
      "window_count": 263,
      "finite_window_bounds_fraction": 1.0,
      "dt_source": "window_start",
      "dt_sec_runtime": 4.0,
      "dt_sec_config": 4.0,
      "window_sec_config": 8.0,
      "dt_matches_runtime": true,
      "dt_matches_config_formula": true,
      "window_len_matches_config": true,
      "nonpositive_dt_count": 0,
      "nonpositive_window_len_count": 0,
      "dt_intervals_sec": {
        "n": 262,
        "mean": 4.0,
        "median": 4.0,
        "iqr": 0.0,
        "p95": 4.0,
        "max": 4.0
      },
      "window_lengths_sec": {
        "n": 263,
        "mean": 8.0,
        "median": 8.0,
        "iqr": 0.0,
        "p95": 8.0,
        "max": 8.0
      }
    },