{
  "dataset_id": "ds004511:sub-S200211:ses-01_rest_run-01",
  "subject": "sub-S200211",
  "session": "ses-01",
  "reliability_axes": {
    "m": 0.6648061219633199,
    "d": 0.7537077073066043,
    "e": 0.755224496898316
  },
  "reliability_subcoords": {
    "m_a": 0.6707132685166677,
    "m_e": 0.7590919670263819,
    "m_o": 0.7500989008366715,
    "d_n": 0.8071966601057264,
    "d_l": 0.7149239474558398,
    "d_s": 0.7085453153573504,
    "e_e": 0.6739928297981795,
    "e_s": 0.7360227021487035,
    "e_m": 0.5060957298709022
  }
}