{
  "dataset_id": "ds004511:sub-S200211:ses-01_rest_run-01",
  "subject": "sub-S200211",
  "session": "ses-01",
  "coverage": {
    "epochs": 125,
    "seconds": 500.0
  },
  "artifacts": {
    "methods": [
      "ica"
    ],
    "bad_eeg_channels": [
      "Batt_0",
      "Batt_1",
      "Batt_2",
      "Batt_3",
      "Foto",
      "Gnd-Ref",
      "Gnd-Ref1",
      "Gnd-Ref2",
      "Gnd-Ref3",
      "Ref",
      "Sync"
    ],
    "n_bad_eeg_channels": 11,
    "stem_collisions": {}
  },
  "ensemble": {
    "var_by_subcoord": {
      "m_a": 0.004218959715217352,
      "m_e": 0.0,
      "m_o": 0.0,
      "d_n": 0.0,
      "d_l": 0.0,
      "d_s": 0.0,
      "e_e": 0.0,
      "e_s": 0.0,
      "e_m": 0.0
    },
    "var_mean": 0.0004687733016908169,
    "var_max": 0.004218959715217352
  },
  "reliability": {
    "axes": {
      "m": 0.6648061219633199,
      "d": 0.7537077073066043,
      "e": 0.755224496898316
    },
    "subcoords": {
      "m_a": 0.6707132685166677,
      "m_e": 0.7590919670263819,
      "m_o": 0.7500989008366715,
      "d_n": 0.8071966601057264,
      "d_l": 0.7149239474558398,
      "d_s": 0.7085453153573504,
      "e_e": 0.6739928297981795,
      "e_s": 0.7360227021487035,
      "e_m": 0.5060957298709022
    }
  },
  "dist_summary": {
    "axes": {
      "m": {
        "n": 125,
        "nan_frac": 0.0,
        "mean": -0.07098779267445207,
        "median": 0.02445506677031517,
        "std": 0.8550542770889744,
        "iqr": 1.1485260725021362,
        "mad": 0.5479930080473423,
        "mad_sigma": 0.8124544337309897,
        "skewness": -0.6877898668266441,
        "kurtosis_excess": 0.6507207787935432,
        "delta_mean_median": -0.09544285944476724
      },
      "d": {
        "n": 125,
        "nan_frac": 0.0,
        "mean": 0.05439477329701185,
        "median": 0.07502192258834839,
        "std": 1.0719384217063224,
        "iqr": 0.8044421970844269,
        "mad": 0.40400561690330505,
        "mad_sigma": 0.59897872762084,
        "skewness": -1.068450083736459,
        "kurtosis_excess": 3.2002413591441865,
        "delta_mean_median": -0.020627149291336536
      },
      "e": {
        "n": 125,
        "nan_frac": 0.0,
        "mean": 0.15138277304172515,
        "median": 0.07454173266887665,
        "std": 0.8183987460958879,
        "iqr": 0.6517241895198822,
        "mad": 0.3287670165300369,
        "mad_sigma": 0.4874299787074327,
        "skewness": 1.2501460729321319,
        "kurtosis_excess": 3.661355331687732,
        "delta_mean_median": 0.0768410403728485
      }
    },
    "subcoords": {
      "m_a": {
        "n": 125,
        "nan_frac": 0.0,
        "mean": -0.3372956890463829,
        "median": 0.026094399392604828,
        "std": 1.3827075821763453,
        "iqr": 1.2316284775733948,
        "mad": 0.5502291098237038,
        "mad_sigma": 0.8157696782246232,
        "skewness": -1.8182384698465706,
        "kurtosis_excess": 3.6425515297256883,
        "delta_mean_median": -0.36339008843898774
      },
      "m_e": {
        "n": 125,
        "nan_frac": 0.0,
        "mean": -0.09827639657445252,
        "median": 0.0,
        "std": 0.8929277360338985,
        "iqr": 1.3177914023399353,
        "mad": 0.674490749835968,
        "mad_sigma": 0.9999999857068061,
        "skewness": -0.3799686838876982,
        "kurtosis_excess": -0.49250380270336214,
        "delta_mean_median": -0.09827639657445252
      },
      "m_o": {
        "n": 125,
        "nan_frac": 0.0,
        "mean": 0.32927806693315503,
        "median": 0.0,
        "std": 1.0705489089037856,
        "iqr": 1.5170204043388367,
        "mad": 0.674490749835968,
        "mad_sigma": 0.9999999857068061,
        "skewness": 0.8671963119226903,
        "kurtosis_excess": 0.4492932086847685,
        "delta_mean_median": 0.32927806693315503
      },
      "d_n": {
        "n": 125,
        "nan_frac": 0.0,
        "mean": 0.4791430388092995,
        "median": 0.0,
        "std": 1.9674036539348578,
        "iqr": 1.3838652968406677,
        "mad": 0.674490749835968,
        "mad_sigma": 0.9999999857068061,
        "skewness": 1.6965852415272833,
        "kurtosis_excess": 2.5054733212014746,
        "delta_mean_median": 0.4791430388092995
      },
      "d_l": {
        "n": 125,
        "nan_frac": 0.0,
        "mean": -0.29770503610372545,
        "median": 0.0,
        "std": 1.5974440540372803,
        "iqr": 1.337624967098236,
        "mad": 0.674490749835968,
        "mad_sigma": 0.9999999857068061,
        "skewness": -2.1096296941391235,
        "kurtosis_excess": 5.148290940578178,
        "delta_mean_median": -0.29770503610372545
      },
      "d_s": {
        "n": 125,
        "nan_frac": 0.0,
        "mean": 0.32706512171775104,
        "median": 0.0,
        "std": 1.2221737898224445,
        "iqr": 1.376400113105774,
        "mad": 0.6744908094406128,
        "mad_sigma": 1.0000000740766524,
        "skewness": 1.8140475064380504,
        "kurtosis_excess": 4.569706426286603,
        "delta_mean_median": 0.32706512171775104
      },
      "e_e": {
        "n": 125,
        "nan_frac": 0.0,
        "mean": -0.037059278499335054,
        "median": 0.0,
        "std": 0.9298768286444418,
        "iqr": 1.3333909511566162,
        "mad": 0.6744906902313232,
        "mad_sigma": 0.9999998973369598,
        "skewness": -0.5206432809759571,
        "kurtosis_excess": 0.22430390003314216,
        "delta_mean_median": -0.037059278499335054
      },
      "e_s": {
        "n": 125,
        "nan_frac": 0.0,
        "mean": 0.3999724337309599,
        "median": 0.0,
        "std": 1.720284809694686,
        "iqr": 1.3028636574745178,
        "mad": 0.674490749835968,
        "mad_sigma": 0.9999999857068061,
        "skewness": 1.9508911426182491,
        "kurtosis_excess": 4.058599361239162,
        "delta_mean_median": 0.3999724337309599
      },
      "e_m": {
        "n": 125,
        "nan_frac": 0.0,
        "mean": 0.35305540103837846,
        "median": 0.0,
        "std": 1.5661381943876718,
        "iqr": 1.488956093788147,
        "mad": 0.6744906306266785,
        "mad_sigma": 0.9999998089671135,
        "skewness": 1.7829595725005507,
        "kurtosis_excess": 4.085126615262512,
        "delta_mean_median": 0.35305540103837846
      }
    }
  },
  "entropy_provisional": {},
  "geometry_contract": {
    "policy_version": "standard_invalidity_v1",
    "status": "ok",
    "primary_requires_coords_9d": true,
    "shared_time_grid": {
      "epochs_before_policy": 125,
      "epochs_retained": 125,
      "epochs_dropped": 0,
      "drop_fraction": 0.0,
      "dropped_epoch_indices_preview": [],
      "drop_reason_counts": {
        "mnps_3d_nonfinite_rows": 0,
        "coords_9d_nonfinite_rows_affecting_primary": 0
      }
    },
    "mnps_3d": {
      "finite_row_fraction_before": 1.0,
      "nonfinite_row_count": 0,
      "degenerate_axes": [],
      "all_nan_axes": []
    },
    "coords_9d": {
      "available": true,
      "shape_matches_time_grid": true,
      "finite_row_fraction_before": 1.0,
      "nonfinite_row_count": 0,
      "nonfinite_rows_retained_on_shared_grid": 0,
      "degenerate_axes": [],
      "all_nan_axes": []
    },
    "time_grid": {
      "status": "ok",
      "warnings": [],
      "window_count": 125,
      "finite_window_bounds_fraction": 1.0,
      "dt_source": "window_start",
      "dt_sec_runtime": 4.0,
      "dt_sec_config": 4.0,
      "window_sec_config": 8.0,
      "dt_matches_runtime": true,
      "dt_matches_config_formula": true,
      "window_len_matches_config": true,
      "nonpositive_dt_count": 0,
      "nonpositive_window_len_count": 0,
      "dt_intervals_sec": {
        "n": 124,
        "mean": 4.0,
        "median": 4.0,
        "iqr": 0.0,
        "p95": 4.0,
        "max": 4.0
      },
      "window_lengths_sec": {
        "n": 125,
        "mean": 8.0,
        "median": 8.0,
        "iqr": 0.0,
        "p95": 8.0,
        "max": 8.0
      }
    },