{
  "dataset_id": "ds004511:sub-S200207:ses-01_rest_run-01",
  "subject": "sub-S200207",
  "session": "ses-01",
  "reliability_axes": {
    "m": 0.7270258327720368,
    "d": 0.42259882783519925,
    "e": 0.43069048189260495
  },
  "reliability_subcoords": {
    "m_a": 0.7371216787256823,
    "m_e": 0.7580640989620849,
    "m_o": 0.5685951631277135,
    "d_n": 0.715330787121821,
    "d_l": 0.6982493532293776,
    "d_s": 0.6090456455716117,
    "e_e": 0.5965753133519235,
    "e_s": 0.6529559036528565,
    "e_m": 0.62534045569363
  }
}