{
  "dataset_id": "ds004511:sub-S200207:ses-01_rest_run-01",
  "subject": "sub-S200207",
  "session": "ses-01",
  "coverage": {
    "epochs": 139,
    "seconds": 556.0
  },
  "artifacts": {
    "methods": [
      "ica"
    ],
    "bad_eeg_channels": [
      "Batt_0",
      "Batt_1",
      "Batt_2",
      "Batt_3",
      "Foto",
      "Gnd-Ref",
      "Gnd-Ref1",
      "Gnd-Ref2",
      "Gnd-Ref3",
      "Ref",
      "Sync"
    ],
    "n_bad_eeg_channels": 11,
    "stem_collisions": {}
  },
  "ensemble": {
    "var_by_subcoord": {
      "m_a": 0.0022619571536779404,
      "m_e": 0.0,
      "m_o": 0.0,
      "d_n": 0.0,
      "d_l": 0.0,
      "d_s": 0.0,
      "e_e": 0.0,
      "e_s": 0.0,
      "e_m": 0.0
    },
    "var_mean": 0.00025132857263088226,
    "var_max": 0.0022619571536779404
  },
  "reliability": {
    "axes": {
      "m": 0.7270258327720368,
      "d": 0.42259882783519925,
      "e": 0.43069048189260495
    },
    "subcoords": {
      "m_a": 0.7371216787256823,
      "m_e": 0.7580640989620849,
      "m_o": 0.5685951631277135,
      "d_n": 0.715330787121821,
      "d_l": 0.6982493532293776,
      "d_s": 0.6090456455716117,
      "e_e": 0.5965753133519235,
      "e_s": 0.6529559036528565,
      "e_m": 0.62534045569363
    }
  },
  "dist_summary": {
    "axes": {
      "m": {
        "n": 139,
        "nan_frac": 0.0,
        "mean": -0.13568049007122196,
        "median": 0.029604364186525345,
        "std": 1.0677331619579606,
        "iqr": 1.1063731610774994,
        "mad": 0.5293343178927898,
        "mad_sigma": 0.7847910597078501,
        "skewness": -1.070288594875,
        "kurtosis_excess": 1.6065507839170747,
        "delta_mean_median": -0.1652848542577473
      },
      "d": {
        "n": 139,
        "nan_frac": 0.0,
        "mean": -0.06935201412428627,
        "median": -0.06495878100395203,
        "std": 0.6015150273093133,
        "iqr": 0.8209811300039291,
        "mad": 0.4013438820838928,
        "mad_sigma": 0.5950324395775795,
        "skewness": -0.13713953957334524,
        "kurtosis_excess": -0.29274458234526834,
        "delta_mean_median": -0.004393233120334239
      },
      "e": {
        "n": 139,
        "nan_frac": 0.0,
        "mean": 0.22928968394885388,
        "median": 0.18405915796756744,
        "std": 0.6498973157006646,
        "iqr": 0.913801021873951,
        "mad": 0.4555882066488266,
        "mad_sigma": 0.6754550751775503,
        "skewness": 0.33889967131230975,
        "kurtosis_excess": 0.7006366733023279,
        "delta_mean_median": 0.045230525981286435
      }
    },
    "subcoords": {
      "m_a": {
        "n": 139,
        "nan_frac": 0.0,
        "mean": -0.3683303499178921,
        "median": 0.03084021806716919,
        "std": 1.5846571827008982,
        "iqr": 1.2667737007141113,
        "mad": 0.6184176206588745,
        "mad_sigma": 0.9168659643888473,
        "skewness": -1.8585426981898845,
        "kurtosis_excess": 3.4990937345059354,
        "delta_mean_median": -0.3991705679850613
      },
      "m_e": {
        "n": 139,
        "nan_frac": 0.0,
        "mean": -0.11794399289856497,
        "median": 0.0,
        "std": 1.2038830043694215,
        "iqr": 1.298545926809311,
        "mad": 0.674490749835968,
        "mad_sigma": 0.9999999857068061,
        "skewness": -0.9871677140270986,
        "kurtosis_excess": 2.248422434305719,
        "delta_mean_median": -0.11794399289856497
      },
      "m_o": {
        "n": 139,
        "nan_frac": 0.0,
        "mean": 0.16318139341398538,
        "median": 0.0,
        "std": 1.120720406813523,
        "iqr": 1.4119534194469452,
        "mad": 0.674490749835968,
        "mad_sigma": 0.9999999857068061,
        "skewness": 0.7888137475069906,
        "kurtosis_excess": 0.972867349663399,
        "delta_mean_median": 0.16318139341398538
      },
      "d_n": {
        "n": 139,
        "nan_frac": 0.0,
        "mean": 0.4314251868837352,
        "median": 0.0,
        "std": 1.8209636630770885,
        "iqr": 1.5154817700386047,
        "mad": 0.6744908094406128,
        "mad_sigma": 1.0000000740766524,
        "skewness": 1.5149079046836853,
        "kurtosis_excess": 2.408183516217668,
        "delta_mean_median": 0.4314251868837352
      },
      "d_l": {
        "n": 139,
        "nan_frac": 0.0,
        "mean": -0.39843275640980613,
        "median": 0.0,
        "std": 1.5383941861109809,
        "iqr": 1.421257495880127,
        "mad": 0.674490749835968,
        "mad_sigma": 0.9999999857068061,
        "skewness": -1.5072662972446806,
        "kurtosis_excess": 2.122091958140783,
        "delta_mean_median": -0.39843275640980613
      },
      "d_s": {
        "n": 139,
        "nan_frac": 0.0,
        "mean": 0.00013941340148448944,
        "median": 0.0,
        "std": 0.9471122849179032,
        "iqr": 1.3378614783287048,
        "mad": 0.674490749835968,
        "mad_sigma": 0.9999999857068061,
        "skewness": 0.216004109815875,
        "kurtosis_excess": -0.32714452225100166,
        "delta_mean_median": 0.00013941340148448944
      },
      "e_e": {
        "n": 139,
        "nan_frac": 0.0,
        "mean": -0.0016967644780981454,
        "median": 0.0,
        "std": 1.1381870942914059,
        "iqr": 1.3243473768234253,
        "mad": 0.6744906902313232,
        "mad_sigma": 0.9999998973369598,
        "skewness": -0.6742910589479424,
        "kurtosis_excess": 0.8849425480560797,
        "delta_mean_median": -0.0016967644780981454
      },
      "e_s": {
        "n": 139,
        "nan_frac": 0.0,
        "mean": 0.557609127201274,
        "median": 0.0,
        "std": 1.7723622872366596,
        "iqr": 1.369806945323944,
        "mad": 0.674490749835968,
        "mad_sigma": 0.9999999857068061,
        "skewness": 1.6945102668669956,
        "kurtosis_excess": 2.3719630348189256,
        "delta_mean_median": 0.557609127201274
      },
      "e_m": {
        "n": 139,
        "nan_frac": 0.0,
        "mean": -0.01136230107852452,
        "median": 0.0,
        "std": 0.9084286782673419,
        "iqr": 1.3521789014339447,
        "mad": 0.6744906902313232,
        "mad_sigma": 0.9999998973369598,
        "skewness": 0.040401870038610066,
        "kurtosis_excess": 0.04626553520668786,
        "delta_mean_median": -0.01136230107852452
      }
    }
  },
  "entropy_provisional": {},
  "geometry_contract": {
    "policy_version": "standard_invalidity_v1",
    "status": "ok",
    "primary_requires_coords_9d": true,
    "shared_time_grid": {
      "epochs_before_policy": 139,
      "epochs_retained": 139,
      "epochs_dropped": 0,
      "drop_fraction": 0.0,
      "dropped_epoch_indices_preview": [],
      "drop_reason_counts": {
        "mnps_3d_nonfinite_rows": 0,
        "coords_9d_nonfinite_rows_affecting_primary": 0
      }
    },
    "mnps_3d": {
      "finite_row_fraction_before": 1.0,
      "nonfinite_row_count": 0,
      "degenerate_axes": [],
      "all_nan_axes": []
    },
    "coords_9d": {
      "available": true,
      "shape_matches_time_grid": true,
      "finite_row_fraction_before": 1.0,
      "nonfinite_row_count": 0,
      "nonfinite_rows_retained_on_shared_grid": 0,
      "degenerate_axes": [],
      "all_nan_axes": []
    },
    "time_grid": {
      "status": "ok",
      "warnings": [],
      "window_count": 139,
      "finite_window_bounds_fraction": 1.0,
      "dt_source": "window_start",
      "dt_sec_runtime": 4.0,
      "dt_sec_config": 4.0,
      "window_sec_config": 8.0,
      "dt_matches_runtime": true,
      "dt_matches_config_formula": true,
      "window_len_matches_config": true,
      "nonpositive_dt_count": 0,
      "nonpositive_window_len_count": 0,
      "dt_intervals_sec": {
        "n": 138,
        "mean": 4.0,
        "median": 4.0,
        "iqr": 0.0,
        "p95": 4.0,
        "max": 4.0
      },
      "window_lengths_sec": {
        "n": 139,
        "mean": 8.0,
        "median": 8.0,
        "iqr": 0.0,
        "p95": 8.0,
        "max": 8.0
      }
    },