{
  "dataset_id": "ds004511:sub-S210118:ses-01_cognitive_control_run-01",
  "subject": "sub-S210118",
  "session": "ses-01",
  "reliability_axes": {
    "m": 0.6887417944539713,
    "d": 0.6256719549650351,
    "e": 0.5859545474777363
  },
  "reliability_subcoords": {
    "m_a": 0.7160671192956134,
    "m_e": 0.7075802711626007,
    "m_o": 0.7493734857331169,
    "d_n": 0.8154222345464844,
    "d_l": 0.5878894174621518,
    "d_s": 0.728038290997889,
    "e_e": 0.6810532489465076,
    "e_s": 0.5392693695087574,
    "e_m": 0.5254635163732845
  }
}