{
  "dataset_id": "ds004511:sub-S210118:ses-01_cognitive_control_run-01",
  "subject": "sub-S210118",
  "session": "ses-01",
  "coverage": {
    "epochs": 270,
    "seconds": 1080.0
  },
  "artifacts": {
    "methods": [
      "ica"
    ],
    "bad_eeg_channels": [
      "Batt_0",
      "Batt_1",
      "Batt_2",
      "Batt_3",
      "Gnd-Ref",
      "Gnd-Ref1",
      "Gnd-Ref2",
      "Gnd-Ref3",
      "Ref",
      "Sync"
    ],
    "n_bad_eeg_channels": 10,
    "stem_collisions": {}
  },
  "ensemble": {
    "var_by_subcoord": {
      "m_a": 0.0007162271067500114,
      "m_e": 5.4109180413445136e-15,
      "m_o": 1.9811431480249754e-15,
      "d_n": 1.2235111402215774e-15,
      "d_l": 3.2565360727054155e-14,
      "d_s": 5.5533940652703704e-15,
      "e_e": 2.3856277738855403e-13,
      "e_s": 4.40598485430474e-14,
      "e_m": 0.0
    },
    "var_mean": 7.958078967548538e-05,
    "var_max": 0.0007162271067500114
  },
  "reliability": {
    "axes": {
      "m": 0.6887417944539713,
      "d": 0.6256719549650351,
      "e": 0.5859545474777363
    },
    "subcoords": {
      "m_a": 0.7160671192956134,
      "m_e": 0.7075802711626007,
      "m_o": 0.7493734857331169,
      "d_n": 0.8154222345464844,
      "d_l": 0.5878894174621518,
      "d_s": 0.728038290997889,
      "e_e": 0.6810532489465076,
      "e_s": 0.5392693695087574,
      "e_m": 0.5254635163732845
    }
  },
  "dist_summary": {
    "axes": {
      "m": {
        "n": 270,
        "nan_frac": 0.0,
        "mean": -0.13295464420053005,
        "median": -0.06843356788158417,
        "std": 0.730933419397784,
        "iqr": 0.9994732588529587,
        "mad": 0.5001692324876785,
        "mad_sigma": 0.7415509040862321,
        "skewness": -0.6871758418268556,
        "kurtosis_excess": 0.8623814654362429,
        "delta_mean_median": -0.06452107631894588
      },
      "d": {
        "n": 270,
        "nan_frac": 0.0,
        "mean": 0.1474066923889849,
        "median": 0.10140901803970337,
        "std": 0.6384490227135982,
        "iqr": 0.7316852658987045,
        "mad": 0.34645918011665344,
        "mad_sigma": 0.5136603804409504,
        "skewness": 0.059450655019290574,
        "kurtosis_excess": 0.8271883380709841,
        "delta_mean_median": 0.04599767434928154
      },
      "e": {
        "n": 270,
        "nan_frac": 0.0,
        "mean": 0.05481317750430511,
        "median": 0.0772879384458065,
        "std": 0.7522853282120137,
        "iqr": 0.846489705145359,
        "mad": 0.43327752873301506,
        "mad_sigma": 0.6423772640995681,
        "skewness": 0.3694095431515149,
        "kurtosis_excess": 2.2625044628462225,
        "delta_mean_median": -0.022474760941501394
      }
    },
    "subcoords": {
      "m_a": {
        "n": 270,
        "nan_frac": 0.0,
        "mean": -0.39141268489226977,
        "median": -0.0020643274765461683,
        "std": 1.3616078762252921,
        "iqr": 1.2983663082122803,
        "mad": 0.5570557415485382,
        "mad_sigma": 0.8258908424198627,
        "skewness": -1.6506163117792507,
        "kurtosis_excess": 2.880739948156302,
        "delta_mean_median": -0.3893483574157236
      },
      "m_e": {
        "n": 270,
        "nan_frac": 0.0,
        "mean": -0.11924280858926337,
        "median": 1.1373776942491531e-07,
        "std": 0.9441795581464243,
        "iqr": 1.367502585053444,
        "mad": 0.6744906062958762,
        "mad_sigma": 0.999999772894266,
        "skewness": -0.48987256450410027,
        "kurtosis_excess": -0.3530009448237519,
        "delta_mean_median": -0.11924292232703279
      },
      "m_o": {
        "n": 270,
        "nan_frac": 0.0,
        "mean": 0.2063842033777662,
        "median": -8.393544703722e-08,
        "std": 1.0696747336146508,
        "iqr": 1.3747148364782333,
        "mad": 0.674490749835968,
        "mad_sigma": 0.9999999857068061,
        "skewness": 1.0332298243238276,
        "kurtosis_excess": 1.0107680440714768,
        "delta_mean_median": 0.20638428731321323
      },
      "d_n": {
        "n": 270,
        "nan_frac": 0.0,
        "mean": 0.45228877067246587,
        "median": 2.5684676074888557e-07,
        "std": 1.3444579535466965,
        "iqr": 1.8301645368337631,
        "mad": 0.6744910066827288,
        "mad_sigma": 1.0000003665078137,
        "skewness": 1.143320206063457,
        "kurtosis_excess": 0.9194727295751135,
        "delta_mean_median": 0.4522885138257051
      },
      "d_l": {
        "n": 270,
        "nan_frac": 0.0,
        "mean": -0.12650190403693598,
        "median": 3.827153705060482e-07,
        "std": 1.0920212818417223,
        "iqr": 1.3643865287303925,
        "mad": 0.6744903373182751,
        "mad_sigma": 0.9999993741080746,
        "skewness": -1.2675265316646658,
        "kurtosis_excess": 2.8977642910121464,
        "delta_mean_median": -0.1265022867523065
      },
      "d_s": {
        "n": 270,
        "nan_frac": 0.0,
        "mean": 0.40513526406829004,
        "median": 0.0,
        "std": 1.4778383582336507,
        "iqr": 1.4631752371788025,
        "mad": 0.6744907200336456,
        "mad_sigma": 0.999999941521883,
        "skewness": 1.7437112824525525,
        "kurtosis_excess": 2.9801390510810526,
        "delta_mean_median": 0.40513526406829004
      },
      "e_e": {
        "n": 270,
        "nan_frac": 0.0,
        "mean": -0.07444980711639396,
        "median": -2.2715857994626276e-06,
        "std": 1.0355795277155875,
        "iqr": 1.3359016478061676,
        "mad": 0.6744929916194451,
        "mad_sigma": 1.0000033093749892,
        "skewness": -0.7391089466068105,
        "kurtosis_excess": 0.8452126484168283,
        "delta_mean_median": -0.0744475355305945
      },
      "e_s": {
        "n": 270,
        "nan_frac": 0.0,
        "mean": 0.2276326117200639,
        "median": -5.398178473114967e-07,
        "std": 1.499263117534176,
        "iqr": 1.3792600482702255,
        "mad": 0.6744907796382904,
        "mad_sigma": 1.0000000298917293,
        "skewness": 1.7591072964468437,
        "kurtosis_excess": 4.464076417204579,
        "delta_mean_median": 0.22763315153791122
      },
      "e_m": {
        "n": 270,
        "nan_frac": 0.0,
        "mean": 0.14566295581904273,
        "median": 1.2386590242385864e-07,
        "std": 1.135158211486593,
        "iqr": 1.381827250123024,
        "mad": 0.6744907842949033,
        "mad_sigma": 1.0000000367956234,
        "skewness": 0.5265796568610587,
        "kurtosis_excess": 0.12513725358375538,
        "delta_mean_median": 0.1456628319531403
      }
    }
  },
  "entropy_provisional": {},
  "geometry_contract": {
    "policy_version": "standard_invalidity_v1",
    "status": "ok",
    "primary_requires_coords_9d": true,
    "shared_time_grid": {
      "epochs_before_policy": 270,
      "epochs_retained": 270,
      "epochs_dropped": 0,
      "drop_fraction": 0.0,
      "dropped_epoch_indices_preview": [],
      "drop_reason_counts": {
        "mnps_3d_nonfinite_rows": 0,
        "coords_9d_nonfinite_rows_affecting_primary": 0
      }
    },
    "mnps_3d": {
      "finite_row_fraction_before": 1.0,
      "nonfinite_row_count": 0,
      "degenerate_axes": [],
      "all_nan_axes": []
    },
    "coords_9d": {
      "available": true,
      "shape_matches_time_grid": true,
      "finite_row_fraction_before": 1.0,
      "nonfinite_row_count": 0,
      "nonfinite_rows_retained_on_shared_grid": 0,
      "degenerate_axes": [],
      "all_nan_axes": []
    },
    "time_grid": {
      "status": "ok",
      "warnings": [],
      "window_count": 270,
      "finite_window_bounds_fraction": 1.0,
      "dt_source": "window_start",
      "dt_sec_runtime": 4.0,
      "dt_sec_config": 4.0,
      "window_sec_config": 8.0,
      "dt_matches_runtime": true,
      "dt_matches_config_formula": true,
      "window_len_matches_config": true,
      "nonpositive_dt_count": 0,
      "nonpositive_window_len_count": 0,
      "dt_intervals_sec": {
        "n": 269,
        "mean": 4.0,