{
  "dataset_id": "ds004511:sub-S200303:ses-01_rest_run-01",
  "subject": "sub-S200303",
  "session": "ses-01",
  "reliability_axes": {
    "m": 0.663276367231743,
    "d": 0.5059849177682079,
    "e": 0.5524791124682615
  },
  "reliability_subcoords": {
    "m_a": 0.5927080246159708,
    "m_e": 0.8173807648577759,
    "m_o": 0.712078526348973,
    "d_n": 0.860885368635554,
    "d_l": 0.29359362773590547,
    "d_s": 0.6533140955237922,
    "e_e": 0.5302391889289522,
    "e_s": 0.2724082112488435,
    "e_m": 0.7591725700140727
  }
}