{
  "dataset_id": "ds004511:sub-S200303:ses-01_rest_run-01",
  "subject": "sub-S200303",
  "session": "ses-01",
  "coverage": {
    "epochs": 124,
    "seconds": 496.0
  },
  "artifacts": {
    "methods": [
      "ica"
    ],
    "bad_eeg_channels": [
      "Batt_0",
      "Batt_1",
      "Batt_2",
      "Batt_3",
      "Foto",
      "Gnd-Ref",
      "Gnd-Ref1",
      "Gnd-Ref2",
      "Gnd-Ref3",
      "Ref",
      "Sync"
    ],
    "n_bad_eeg_channels": 11,
    "stem_collisions": {}
  },
  "ensemble": {
    "var_by_subcoord": {
      "m_a": 0.0027702574152499437,
      "m_e": 5.176616446156239e-16,
      "m_o": 2.8136537153986008e-15,
      "d_n": 0.0,
      "d_l": 0.0,
      "d_s": 2.2039013782080685e-16,
      "e_e": 4.3512876678544754e-13,
      "e_s": 2.810661859503627e-13,
      "e_m": 0.0
    },
    "var_mean": 0.00030780637955218784,
    "var_max": 0.0027702574152499437
  },
  "reliability": {
    "axes": {
      "m": 0.663276367231743,
      "d": 0.5059849177682079,
      "e": 0.5524791124682615
    },
    "subcoords": {
      "m_a": 0.5927080246159708,
      "m_e": 0.8173807648577759,
      "m_o": 0.712078526348973,
      "d_n": 0.860885368635554,
      "d_l": 0.29359362773590547,
      "d_s": 0.6533140955237922,
      "e_e": 0.5302391889289522,
      "e_s": 0.2724082112488435,
      "e_m": 0.7591725700140727
    }
  },
  "dist_summary": {
    "axes": {
      "m": {
        "n": 124,
        "nan_frac": 0.0,
        "mean": 0.08216577512963165,
        "median": 0.06106678768992424,
        "std": 0.668802271663529,
        "iqr": 0.9610563442111015,
        "mad": 0.4877794086933136,
        "mad_sigma": 0.7231817513287067,
        "skewness": -0.22556562723025536,
        "kurtosis_excess": -0.13131314804531558,
        "delta_mean_median": 0.02109898743970741
      },
      "d": {
        "n": 124,
        "nan_frac": 0.0,
        "mean": 0.01887599774260795,
        "median": 0.05798126012086868,
        "std": 0.48591069747369464,
        "iqr": 0.6100820675492287,
        "mad": 0.3059037774801254,
        "mad_sigma": 0.4535329404920339,
        "skewness": -0.41588265846781225,
        "kurtosis_excess": -0.24135194387917247,
        "delta_mean_median": -0.03910526237826073
      },
      "e": {
        "n": 124,
        "nan_frac": 0.0,
        "mean": 0.1203727560141781,
        "median": 0.11725341528654099,
        "std": 0.5809803881331401,
        "iqr": 0.809404082596302,
        "mad": 0.412141352891922,
        "mad_sigma": 0.6110407697975635,
        "skewness": 0.13149361109768518,
        "kurtosis_excess": 0.05441758211346226,
        "delta_mean_median": 0.0031193407276371155
      }
    },
    "subcoords": {
      "m_a": {
        "n": 124,
        "nan_frac": 0.0,
        "mean": -0.09881971710016049,
        "median": 0.01957031339406967,
        "std": 0.9725279211458321,
        "iqr": 1.1308752000331879,
        "mad": 0.57220658659935,
        "mad_sigma": 0.8483534852921962,
        "skewness": -1.4254341384440654,
        "kurtosis_excess": 3.9357137461068934,
        "delta_mean_median": -0.11839003049423016
      },
      "m_e": {
        "n": 124,
        "nan_frac": 0.0,
        "mean": 0.11707588228877754,
        "median": -5.727633833885193e-08,
        "std": 0.8068664036790084,
        "iqr": 1.3641664236783981,
        "mad": 0.674490777309984,
        "mad_sigma": 1.0000000264397821,
        "skewness": -0.13436894348059278,
        "kurtosis_excess": -0.9298647810601142,
        "delta_mean_median": 0.11707593956511587
      },
      "m_o": {
        "n": 124,
        "nan_frac": 0.0,
        "mean": 0.288855675780665,
        "median": 0.0,
        "std": 0.9940908207139622,
        "iqr": 1.5721334666013718,
        "mad": 0.6744907796382904,
        "mad_sigma": 1.0000000298917293,
        "skewness": 0.6992851969450512,
        "kurtosis_excess": -0.5593869520584009,
        "delta_mean_median": 0.288855675780665
      },
      "d_n": {
        "n": 124,
        "nan_frac": 0.0,
        "mean": -0.035552912744723504,
        "median": 0.0,
        "std": 0.8255145277967044,
        "iqr": 1.361756056547165,
        "mad": 0.6744907796382904,
        "mad_sigma": 1.0000000298917293,
        "skewness": 0.15404052883080527,
        "kurtosis_excess": -0.9183615959180682,
        "delta_mean_median": -0.035552912744723504
      },
      "d_l": {
        "n": 124,
        "nan_frac": 0.0,
        "mean": -0.04951795797434545,
        "median": 0.0,
        "std": 0.8792670420287666,
        "iqr": 1.262302652001381,
        "mad": 0.674490749835968,
        "mad_sigma": 0.9999999857068061,
        "skewness": -0.2712480142094793,
        "kurtosis_excess": -0.36928707808570005,
        "delta_mean_median": -0.04951795797434545
      },
      "d_s": {
        "n": 124,
        "nan_frac": 0.0,
        "mean": 0.31636706647282886,
        "median": 0.0,
        "std": 1.2004390361503594,
        "iqr": 1.3924608379602432,
        "mad": 0.674490749835968,
        "mad_sigma": 0.9999999857068061,
        "skewness": 1.808809049886374,
        "kurtosis_excess": 3.920804081964673,
        "delta_mean_median": 0.31636706647282886
      },
      "e_e": {
        "n": 124,
        "nan_frac": 0.0,
        "mean": 0.07672732179203341,
        "median": 2.4172477424144745e-06,
        "std": 0.9697324783570038,
        "iqr": 1.3341276198625565,
        "mad": 0.6744883027859032,
        "mad_sigma": 0.9999963577103801,
        "skewness": -0.24838315617812864,
        "kurtosis_excess": -0.3465577526315249,
        "delta_mean_median": 0.076724904544291
      },
      "e_s": {
        "n": 124,
        "nan_frac": 0.0,
        "mean": 0.1722486936412151,
        "median": 9.783543646335602e-07,
        "std": 1.0596822108593433,
        "iqr": 1.421904444694519,
        "mad": 0.6744898012839258,
        "mad_sigma": 0.9999985793835483,
        "skewness": 0.5335974580874884,
        "kurtosis_excess": -0.06402129209472962,
        "delta_mean_median": 0.17224771528685046
      },
      "e_m": {
        "n": 124,
        "nan_frac": 0.0,
        "mean": 0.2848908132347729,
        "median": 2.8219074010849e-07,
        "std": 1.4970635501504572,
        "iqr": 1.309468924999237,
        "mad": 0.6744906604290009,
        "mad_sigma": 0.9999998531520367,
        "skewness": 1.6650331533119458,
        "kurtosis_excess": 3.706446240503788,
        "delta_mean_median": 0.2848905310440328
      }
    }
  },
  "entropy_provisional": {},
  "geometry_contract": {
    "policy_version": "standard_invalidity_v1",
    "status": "ok",
    "primary_requires_coords_9d": true,
    "shared_time_grid": {
      "epochs_before_policy": 124,
      "epochs_retained": 124,
      "epochs_dropped": 0,
      "drop_fraction": 0.0,
      "dropped_epoch_indices_preview": [],
      "drop_reason_counts": {
        "mnps_3d_nonfinite_rows": 0,
        "coords_9d_nonfinite_rows_affecting_primary": 0
      }
    },
    "mnps_3d": {
      "finite_row_fraction_before": 1.0,
      "nonfinite_row_count": 0,
      "degenerate_axes": [],
      "all_nan_axes": []
    },
    "coords_9d": {
      "available": true,
      "shape_matches_time_grid": true,
      "finite_row_fraction_before": 1.0,
      "nonfinite_row_count": 0,
      "nonfinite_rows_retained_on_shared_grid": 0,
      "degenerate_axes": [],
      "all_nan_axes": []
    },
    "time_grid": {
      "status": "ok",
      "warnings": [],
      "window_count": 124,
      "finite_window_bounds_fraction": 1.0,
      "dt_source": "window_start",
      "dt_sec_runtime": 4.0,
      "dt_sec_config": 4.0,
      "window_sec_config": 8.0,
      "dt_matches_runtime": true,
      "dt_matches_config_formula": true,
      "window_len_matches_config": true,
      "nonpositive_dt_count": 0,
      "nonpositive_window_len_count": 0,
      "dt_intervals_sec": {
        "n": 123,
        "mean": 4.0,
        "median": 4.0,
        "iqr": 0.0,
        "p95": 4.0,
        "max": 4.0
      },