{
  "dataset_id": "ds004511:sub-S200311:ses-01_cognitive_control_run-01",
  "subject": "sub-S200311",
  "session": "ses-01",
  "reliability_axes": {
    "m": 0.6728607702279639,
    "d": 0.5937122803480516,
    "e": 0.6756272257926443
  },
  "reliability_subcoords": {
    "m_a": 0.6853268618243165,
    "m_e": 0.6928951021221689,
    "m_o": 0.6583239625174987,
    "d_n": 0.7355531485234176,
    "d_l": 0.5646871572719891,
    "d_s": 0.4588086271714168,
    "e_e": 0.7554541444011669,
    "e_s": 0.5877190356486739,
    "e_m": 0.4046615133246338
  }
}