{
  "dataset_id": "ds004511:sub-S200311:ses-01_cognitive_control_run-01",
  "subject": "sub-S200311",
  "session": "ses-01",
  "coverage": {
    "epochs": 263,
    "seconds": 1052.0
  },
  "artifacts": {
    "methods": [
      "ica"
    ],
    "bad_eeg_channels": [
      "Batt_0",
      "Batt_1",
      "Batt_2",
      "Batt_3",
      "Gnd-Ref",
      "Gnd-Ref1",
      "Gnd-Ref2",
      "Gnd-Ref3",
      "Ref",
      "Sync",
      "TTP8"
    ],
    "n_bad_eeg_channels": 11,
    "stem_collisions": {}
  },
  "ensemble": {
    "var_by_subcoord": {
      "m_a": 0.0010486624669283628,
      "m_e": 0.0,
      "m_o": 0.0,
      "d_n": 0.0,
      "d_l": 0.0,
      "d_s": 0.0,
      "e_e": 0.0,
      "e_s": 0.0,
      "e_m": 0.0
    },
    "var_mean": 0.00011651805188092921,
    "var_max": 0.0010486624669283628
  },
  "reliability": {
    "axes": {
      "m": 0.6728607702279639,
      "d": 0.5937122803480516,
      "e": 0.6756272257926443
    },
    "subcoords": {
      "m_a": 0.6853268618243165,
      "m_e": 0.6928951021221689,
      "m_o": 0.6583239625174987,
      "d_n": 0.7355531485234176,
      "d_l": 0.5646871572719891,
      "d_s": 0.4588086271714168,
      "e_e": 0.7554541444011669,
      "e_s": 0.5877190356486739,
      "e_m": 0.4046615133246338
    }
  },
  "dist_summary": {
    "axes": {
      "m": {
        "n": 263,
        "nan_frac": 0.0,
        "mean": -0.10242085491781594,
        "median": -0.030115442350506783,
        "std": 0.8054518214404942,
        "iqr": 0.988225057721138,
        "mad": 0.49825032241642475,
        "mad_sigma": 0.7387059280145913,
        "skewness": -0.6887945450801408,
        "kurtosis_excess": 0.7266155083706143,
        "delta_mean_median": -0.07230541256730916
      },
      "d": {
        "n": 263,
        "nan_frac": 0.0,
        "mean": -0.12727951963464004,
        "median": -0.011210526339709759,
        "std": 0.9054680433277679,
        "iqr": 0.8431661128997803,
        "mad": 0.43123128544539213,
        "mad_sigma": 0.6393435038013383,
        "skewness": -0.9873292736028293,
        "kurtosis_excess": 2.4762043380380137,
        "delta_mean_median": -0.11606899329493028
      },
      "e": {
        "n": 263,
        "nan_frac": 0.0,
        "mean": 0.1482077305348583,
        "median": 0.05816115066409111,
        "std": 0.987240955275544,
        "iqr": 1.0919435918331146,
        "mad": 0.5753269083797932,
        "mad_sigma": 0.8529796743638813,
        "skewness": 0.2858812436762493,
        "kurtosis_excess": 0.6277017639263067,
        "delta_mean_median": 0.0900465798707672
      }
    },
    "subcoords": {
      "m_a": {
        "n": 263,
        "nan_frac": 0.0,
        "mean": -0.2988787838842139,
        "median": 0.007424553856253624,
        "std": 1.4612553446778642,
        "iqr": 1.2754537165164948,
        "mad": 0.6373120937496424,
        "mad_sigma": 0.9448789101932197,
        "skewness": -1.5056481346094786,
        "kurtosis_excess": 2.2893591509957805,
        "delta_mean_median": -0.30630333774046753
      },
      "m_e": {
        "n": 263,
        "nan_frac": 0.0,
        "mean": -0.10349293288769476,
        "median": 0.0,
        "std": 0.953252253492897,
        "iqr": 1.3369035422801971,
        "mad": 0.674490749835968,
        "mad_sigma": 0.9999999857068061,
        "skewness": -0.4435837050359414,
        "kurtosis_excess": -0.1477361165247193,
        "delta_mean_median": -0.10349293288769476
      },
      "m_o": {
        "n": 263,
        "nan_frac": 0.0,
        "mean": 0.16956483916213078,
        "median": 0.0,
        "std": 1.0521867293954361,
        "iqr": 1.3418045341968536,
        "mad": 0.674490749835968,
        "mad_sigma": 0.9999999857068061,
        "skewness": 1.0400402841501493,
        "kurtosis_excess": 1.844472945419243,
        "delta_mean_median": 0.16956483916213078
      },
      "d_n": {
        "n": 263,
        "nan_frac": 0.0,
        "mean": 0.19094380893578095,
        "median": 0.0,
        "std": 1.3708168631156823,
        "iqr": 1.3577702939510345,
        "mad": 0.674490749835968,
        "mad_sigma": 0.9999999857068061,
        "skewness": 1.1772069951743345,
        "kurtosis_excess": 1.6952438381044832,
        "delta_mean_median": 0.19094380893578095
      },
      "d_l": {
        "n": 263,
        "nan_frac": 0.0,
        "mean": -0.4548674761122907,
        "median": 0.0,
        "std": 1.543007958652919,
        "iqr": 1.4860230684280396,
        "mad": 0.674490749835968,
        "mad_sigma": 0.9999999857068061,
        "skewness": -1.5791385339898683,
        "kurtosis_excess": 2.478694228645815,
        "delta_mean_median": -0.4548674761122907
      },
      "d_s": {
        "n": 263,
        "nan_frac": 0.0,
        "mean": 0.2638292253520269,
        "median": 0.0,
        "std": 1.2061891130390752,
        "iqr": 1.4658088982105255,
        "mad": 0.674490749835968,
        "mad_sigma": 0.9999999857068061,
        "skewness": 1.7033412451727847,
        "kurtosis_excess": 4.421973659856607,
        "delta_mean_median": 0.2638292253520269
      },
      "e_e": {
        "n": 263,
        "nan_frac": 0.0,
        "mean": -0.16377655852288575,
        "median": 0.0,
        "std": 1.1279819154710167,
        "iqr": 1.3676811158657074,
        "mad": 0.6744906902313232,
        "mad_sigma": 0.9999998973369598,
        "skewness": -0.979077349292356,
        "kurtosis_excess": 1.6156496506317826,
        "delta_mean_median": -0.16377655852288575
      },
      "e_s": {
        "n": 263,
        "nan_frac": 0.0,
        "mean": 0.5827173315282529,
        "median": 0.0,
        "std": 1.80017522562529,
        "iqr": 1.6034035384654999,
        "mad": 0.674490749835968,
        "mad_sigma": 0.9999999857068061,
        "skewness": 1.633024681154067,
        "kurtosis_excess": 2.3564331061074686,
        "delta_mean_median": 0.5827173315282529
      },
      "e_m": {
        "n": 263,
        "nan_frac": 0.0,
        "mean": 0.007898178829779643,
        "median": 0.0,
        "std": 1.1025049374764755,
        "iqr": 1.3827064633369446,
        "mad": 0.674490749835968,
        "mad_sigma": 0.9999999857068061,
        "skewness": -0.00269551979642749,
        "kurtosis_excess": 0.40978516918977403,
        "delta_mean_median": 0.007898178829779643
      }
    }
  },
  "entropy_provisional": {},
  "geometry_contract": {
    "policy_version": "standard_invalidity_v1",
    "status": "ok",
    "primary_requires_coords_9d": true,
    "shared_time_grid": {
      "epochs_before_policy": 263,
      "epochs_retained": 263,
      "epochs_dropped": 0,
      "drop_fraction": 0.0,
      "dropped_epoch_indices_preview": [],
      "drop_reason_counts": {
        "mnps_3d_nonfinite_rows": 0,
        "coords_9d_nonfinite_rows_affecting_primary": 0
      }
    },
    "mnps_3d": {
      "finite_row_fraction_before": 1.0,
      "nonfinite_row_count": 0,
      "degenerate_axes": [],
      "all_nan_axes": []
    },
    "coords_9d": {
      "available": true,
      "shape_matches_time_grid": true,
      "finite_row_fraction_before": 1.0,
      "nonfinite_row_count": 0,
      "nonfinite_rows_retained_on_shared_grid": 0,
      "degenerate_axes": [],
      "all_nan_axes": []
    },
    "time_grid": {
      "status": "ok",
      "warnings": [],
      "window_count": 263,
      "finite_window_bounds_fraction": 1.0,
      "dt_source": "window_start",
      "dt_sec_runtime": 4.0,
      "dt_sec_config": 4.0,
      "window_sec_config": 8.0,
      "dt_matches_runtime": true,
      "dt_matches_config_formula": true,
      "window_len_matches_config": true,
      "nonpositive_dt_count": 0,
      "nonpositive_window_len_count": 0,
      "dt_intervals_sec": {
        "n": 262,
        "mean": 4.0,
        "median": 4.0,
        "iqr": 0.0,
        "p95": 4.0,
        "max": 4.0
      },
      "window_lengths_sec": {
        "n": 263,
        "mean": 8.0,
        "median": 8.0,
        "iqr": 0.0,
        "p95": 8.0,
        "max": 8.0
      }
    },