{
  "dataset_id": "ds004511:sub-S210202:ses-01_gambling_run-01",
  "subject": "sub-S210202",
  "session": "ses-01",
  "reliability_axes": {
    "m": 0.6016247125076161,
    "d": 0.708972284383627,
    "e": 0.6374645599583451
  },
  "reliability_subcoords": {
    "m_a": 0.7071896955589508,
    "m_e": 0.6023241134308713,
    "m_o": 0.5631471357458491,
    "d_n": 0.7852510174378606,
    "d_l": 0.6326485940748114,
    "d_s": 0.5955470955929905,
    "e_e": 0.6965096792231424,
    "e_s": 0.6240621797610602,
    "e_m": 0.468836962754458
  }
}