{
  "dataset_id": "ds004511:sub-S210202:ses-01_gambling_run-01",
  "subject": "sub-S210202",
  "session": "ses-01",
  "coverage": {
    "epochs": 967,
    "seconds": 3868.0
  },
  "artifacts": {
    "methods": [
      "ica"
    ],
    "bad_eeg_channels": [
      "Batt_0",
      "Batt_1",
      "Batt_2",
      "Batt_3",
      "Gnd-Ref",
      "Gnd-Ref1",
      "Gnd-Ref2",
      "Gnd-Ref3",
      "Ref",
      "Sync"
    ],
    "n_bad_eeg_channels": 10,
    "stem_collisions": {}
  },
  "ensemble": {
    "var_by_subcoord": {
      "m_a": 2.0743852928717388e-06,
      "m_e": 0.0,
      "m_o": 0.0,
      "d_n": 0.0,
      "d_l": 0.0,
      "d_s": 0.0,
      "e_e": 0.0,
      "e_s": 0.0,
      "e_m": 0.0
    },
    "var_mean": 2.3048725476352652e-07,
    "var_max": 2.0743852928717388e-06
  },
  "reliability": {
    "axes": {
      "m": 0.6016247125076161,
      "d": 0.708972284383627,
      "e": 0.6374645599583451
    },
    "subcoords": {
      "m_a": 0.7071896955589508,
      "m_e": 0.6023241134308713,
      "m_o": 0.5631471357458491,
      "d_n": 0.7852510174378606,
      "d_l": 0.6326485940748114,
      "d_s": 0.5955470955929905,
      "e_e": 0.6965096792231424,
      "e_s": 0.6240621797610602,
      "e_m": 0.468836962754458
    }
  },
  "dist_summary": {
    "axes": {
      "m": {
        "n": 967,
        "nan_frac": 0.0,
        "mean": -0.13325862329830768,
        "median": -0.06708987802267075,
        "std": 0.7760222889162238,
        "iqr": 1.0458187460899353,
        "mad": 0.518273614346981,
        "mad_sigma": 0.7683924606308341,
        "skewness": -0.5925423154625236,
        "kurtosis_excess": 0.25757258923092063,
        "delta_mean_median": -0.06616874527563693
      },
      "d": {
        "n": 967,
        "nan_frac": 0.0,
        "mean": 0.1795384343844143,
        "median": 0.08785567432641983,
        "std": 0.8178268585609884,
        "iqr": 0.9150009900331497,
        "mad": 0.44969702512025833,
        "mad_sigma": 0.6667208094432949,
        "skewness": 0.3003427682899705,
        "kurtosis_excess": 1.39548494514366,
        "delta_mean_median": 0.09168276005799447
      },
      "e": {
        "n": 967,
        "nan_frac": 0.0,
        "mean": -0.007409072763887509,
        "median": 0.0770861953496933,
        "std": 0.8301723306940582,
        "iqr": 0.7704217433929443,
        "mad": 0.3783644884824753,
        "mad_sigma": 0.5609631906241178,
        "skewness": -1.24002778636827,
        "kurtosis_excess": 5.3323435111597135,
        "delta_mean_median": -0.08449526811358081
      }
    },
    "subcoords": {
      "m_a": {
        "n": 967,
        "nan_frac": 0.0,
        "mean": -0.29656139382323965,
        "median": -0.026191310957074165,
        "std": 1.2147862887985916,
        "iqr": 1.3041075468063354,
        "mad": 0.6204236317425966,
        "mad_sigma": 0.9198400764215737,
        "skewness": -1.3910657192842133,
        "kurtosis_excess": 2.032502311227125,
        "delta_mean_median": -0.2703700828661655
      },
      "m_e": {
        "n": 967,
        "nan_frac": 0.0,
        "mean": -0.1526700143910359,
        "median": 0.0,
        "std": 1.013539076957403,
        "iqr": 1.375731110572815,
        "mad": 0.674490749835968,
        "mad_sigma": 0.9999999857068061,
        "skewness": -0.6583432335029659,
        "kurtosis_excess": 0.0027346290000807016,
        "delta_mean_median": -0.1526700143910359
      },
      "m_o": {
        "n": 967,
        "nan_frac": 0.0,
        "mean": 0.11546134562970783,
        "median": 0.0,
        "std": 1.068822075045229,
        "iqr": 1.3471230268478394,
        "mad": 0.6744908094406128,
        "mad_sigma": 1.0000000740766524,
        "skewness": 0.9600864433442451,
        "kurtosis_excess": 1.3833168070854116,
        "delta_mean_median": 0.11546134562970783
      },
      "d_n": {
        "n": 967,
        "nan_frac": 0.0,
        "mean": 0.44718542434725705,
        "median": 0.0,
        "std": 1.5668190315636683,
        "iqr": 1.4572133421897888,
        "mad": 0.674490749835968,
        "mad_sigma": 0.9999999857068061,
        "skewness": 1.6077804139108616,
        "kurtosis_excess": 2.302960094034706,
        "delta_mean_median": 0.44718542434725705
      },
      "d_l": {
        "n": 967,
        "nan_frac": 0.0,
        "mean": -0.09423888155842834,
        "median": 0.0,
        "std": 1.1427907871652314,
        "iqr": 1.3731458187103271,
        "mad": 0.674490749835968,
        "mad_sigma": 0.9999999857068061,
        "skewness": -0.8681020484457932,
        "kurtosis_excess": 2.3314075951327347,
        "delta_mean_median": -0.09423888155842834
      },
      "d_s": {
        "n": 967,
        "nan_frac": 0.0,
        "mean": 0.5033737852941426,
        "median": 0.0,
        "std": 1.5928616946051877,
        "iqr": 1.5031103193759918,
        "mad": 0.674490749835968,
        "mad_sigma": 0.9999999857068061,
        "skewness": 1.7643389728252292,
        "kurtosis_excess": 2.969038212054798,
        "delta_mean_median": 0.5033737852941426
      },
      "e_e": {
        "n": 967,
        "nan_frac": 0.0,
        "mean": -0.15908423565196175,
        "median": 0.0,
        "std": 1.229503858447319,
        "iqr": 1.362677663564682,
        "mad": 0.6744906902313232,
        "mad_sigma": 0.9999998973369598,
        "skewness": -1.3774640292819025,
        "kurtosis_excess": 3.9254544445538375,
        "delta_mean_median": -0.15908423565196175
      },
      "e_s": {
        "n": 967,
        "nan_frac": 0.0,
        "mean": 0.18820696301156528,
        "median": 0.0,
        "std": 1.343255420571349,
        "iqr": 1.3712762892246246,
        "mad": 0.674490749835968,
        "mad_sigma": 0.9999999857068061,
        "skewness": 1.6709852698813743,
        "kurtosis_excess": 4.841443867691102,
        "delta_mean_median": 0.18820696301156528
      },
      "e_m": {
        "n": 967,
        "nan_frac": 0.0,
        "mean": 0.24732255600893632,
        "median": 0.0,
        "std": 1.227971421128756,
        "iqr": 1.4162664413452148,
        "mad": 0.6744906902313232,
        "mad_sigma": 0.9999998973369598,
        "skewness": 1.2948178274192697,
        "kurtosis_excess": 2.4363276442021657,
        "delta_mean_median": 0.24732255600893632
      }
    }
  },
  "entropy_provisional": {},
  "geometry_contract": {
    "policy_version": "standard_invalidity_v1",
    "status": "ok",
    "primary_requires_coords_9d": true,
    "shared_time_grid": {
      "epochs_before_policy": 967,
      "epochs_retained": 967,
      "epochs_dropped": 0,
      "drop_fraction": 0.0,
      "dropped_epoch_indices_preview": [],
      "drop_reason_counts": {
        "mnps_3d_nonfinite_rows": 0,
        "coords_9d_nonfinite_rows_affecting_primary": 0
      }
    },
    "mnps_3d": {
      "finite_row_fraction_before": 1.0,
      "nonfinite_row_count": 0,
      "degenerate_axes": [],
      "all_nan_axes": []
    },
    "coords_9d": {
      "available": true,
      "shape_matches_time_grid": true,
      "finite_row_fraction_before": 1.0,
      "nonfinite_row_count": 0,
      "nonfinite_rows_retained_on_shared_grid": 0,
      "degenerate_axes": [],
      "all_nan_axes": []
    },
    "time_grid": {
      "status": "ok",
      "warnings": [],
      "window_count": 967,
      "finite_window_bounds_fraction": 1.0,
      "dt_source": "window_start",
      "dt_sec_runtime": 4.0,
      "dt_sec_config": 4.0,
      "window_sec_config": 8.0,
      "dt_matches_runtime": true,
      "dt_matches_config_formula": true,
      "window_len_matches_config": true,
      "nonpositive_dt_count": 0,
      "nonpositive_window_len_count": 0,
      "dt_intervals_sec": {
        "n": 966,
        "mean": 4.0,
        "median": 4.0,
        "iqr": 0.0,
        "p95": 4.0,
        "max": 4.0
      },
      "window_lengths_sec": {
        "n": 967,
        "mean": 8.0,
        "median": 8.0,
        "iqr": 0.0,
        "p95": 8.0,
        "max": 8.0
      }
    },