{
  "dataset_id": "ds004511:sub-S210118:ses-01_gambling_run-01",
  "subject": "sub-S210118",
  "session": "ses-01",
  "reliability_axes": {
    "m": 0.5574126629071801,
    "d": 0.6335929472592231,
    "e": 0.5958933680587352
  },
  "reliability_subcoords": {
    "m_a": 0.7262244312846308,
    "m_e": 0.5259189249506774,
    "m_o": 0.587768898914629,
    "d_n": 0.7685362998974232,
    "d_l": 0.6446324839938099,
    "d_s": 0.6176726818428058,
    "e_e": 0.589832709347977,
    "e_s": 0.6086867056861418,
    "e_m": 0.5194971323249558
  }
}