{
  "dataset_id": "ds004511:sub-S210118:ses-01_gambling_run-01",
  "subject": "sub-S210118",
  "session": "ses-01",
  "coverage": {
    "epochs": 943,
    "seconds": 3772.0
  },
  "artifacts": {
    "methods": [
      "ica"
    ],
    "bad_eeg_channels": [
      "Batt_0",
      "Batt_1",
      "Batt_2",
      "Batt_3",
      "Gnd-Ref",
      "Gnd-Ref1",
      "Gnd-Ref2",
      "Gnd-Ref3",
      "Ref",
      "Sync"
    ],
    "n_bad_eeg_channels": 10,
    "stem_collisions": {}
  },
  "ensemble": {
    "var_by_subcoord": {
      "m_a": 0.000407230545533821,
      "m_e": 0.0,
      "m_o": 0.0,
      "d_n": 0.0,
      "d_l": 0.0,
      "d_s": 0.0,
      "e_e": 0.0,
      "e_s": 0.0,
      "e_m": 0.0
    },
    "var_mean": 4.524783839264678e-05,
    "var_max": 0.000407230545533821
  },
  "reliability": {
    "axes": {
      "m": 0.5574126629071801,
      "d": 0.6335929472592231,
      "e": 0.5958933680587352
    },
    "subcoords": {
      "m_a": 0.7262244312846308,
      "m_e": 0.5259189249506774,
      "m_o": 0.587768898914629,
      "d_n": 0.7685362998974232,
      "d_l": 0.6446324839938099,
      "d_s": 0.6176726818428058,
      "e_e": 0.589832709347977,
      "e_s": 0.6086867056861418,
      "e_m": 0.5194971323249558
    }
  },
  "dist_summary": {
    "axes": {
      "m": {
        "n": 943,
        "nan_frac": 0.0,
        "mean": -0.16845049708044652,
        "median": -0.08011436462402344,
        "std": 0.9092146038910538,
        "iqr": 1.0319021046161652,
        "mad": 0.5113908350467682,
        "mad_sigma": 0.7581880520403385,
        "skewness": -0.7903758211334775,
        "kurtosis_excess": 1.5002141360391619,
        "delta_mean_median": -0.08833613245642308
      },
      "d": {
        "n": 943,
        "nan_frac": 0.0,
        "mean": 0.019274904791687687,
        "median": 0.09042124450206757,
        "std": 0.8433719108498172,
        "iqr": 0.7769743651151657,
        "mad": 0.38467229902744293,
        "mad_sigma": 0.5703151505380869,
        "skewness": -0.6719374773770619,
        "kurtosis_excess": 2.1054262411932534,
        "delta_mean_median": -0.07114633971037988
      },
      "e": {
        "n": 943,
        "nan_frac": 0.0,
        "mean": 0.18776307961663274,
        "median": 0.09474710375070572,
        "std": 0.8982308068918128,
        "iqr": 0.7682460993528366,
        "mad": 0.38237128406763077,
        "mad_sigma": 0.5669036657586694,
        "skewness": 0.38564244427891836,
        "kurtosis_excess": 3.118250425256112,
        "delta_mean_median": 0.09301597586592703
      }
    },
    "subcoords": {
      "m_a": {
        "n": 943,
        "nan_frac": 0.0,
        "mean": -0.50899375922134,
        "median": -0.015963174402713776,
        "std": 1.5828608916021691,
        "iqr": 1.4245473146438599,
        "mad": 0.6319794878363609,
        "mad_sigma": 0.9369727886661887,
        "skewness": -1.4998856260830804,
        "kurtosis_excess": 1.8139818003844885,
        "delta_mean_median": -0.49303058481862627
      },
      "m_e": {
        "n": 943,
        "nan_frac": 0.0,
        "mean": -0.081282360977496,
        "median": 0.0,
        "std": 1.115077019086681,
        "iqr": 1.3631755411624908,
        "mad": 0.674490749835968,
        "mad_sigma": 0.9999999857068061,
        "skewness": -0.5408604056010943,
        "kurtosis_excess": 0.7426823619518372,
        "delta_mean_median": -0.081282360977496
      },
      "m_o": {
        "n": 943,
        "nan_frac": 0.0,
        "mean": 0.19420363232257606,
        "median": 0.0,
        "std": 1.2383580101177067,
        "iqr": 1.3569063544273376,
        "mad": 0.674490749835968,
        "mad_sigma": 0.9999999857068061,
        "skewness": 1.656486137111236,
        "kurtosis_excess": 4.684176112954916,
        "delta_mean_median": 0.19420363232257606
      },
      "d_n": {
        "n": 943,
        "nan_frac": 0.0,
        "mean": 0.502701079017423,
        "median": 0.0,
        "std": 1.5832742367908694,
        "iqr": 1.56435826420784,
        "mad": 0.674490749835968,
        "mad_sigma": 0.9999999857068061,
        "skewness": 1.6374241648781636,
        "kurtosis_excess": 2.5747314850553336,
        "delta_mean_median": 0.502701079017423
      },
      "d_l": {
        "n": 943,
        "nan_frac": 0.0,
        "mean": -0.3920124705688542,
        "median": 0.0,
        "std": 1.7320644501819153,
        "iqr": 1.3765100240707397,
        "mad": 0.674490749835968,
        "mad_sigma": 0.9999999857068061,
        "skewness": -1.6595661465950637,
        "kurtosis_excess": 2.6278815168078715,
        "delta_mean_median": -0.3920124705688542
      },
      "d_s": {
        "n": 943,
        "nan_frac": 0.0,
        "mean": 0.3604982931662918,
        "median": 0.0,
        "std": 1.3354864236318549,
        "iqr": 1.479211449623108,
        "mad": 0.674490749835968,
        "mad_sigma": 0.9999999857068061,
        "skewness": 1.6060932447781486,
        "kurtosis_excess": 3.4338897728775537,
        "delta_mean_median": 0.3604982931662918
      },
      "e_e": {
        "n": 943,
        "nan_frac": 0.0,
        "mean": -0.10056720534067952,
        "median": 0.0,
        "std": 1.1086959153067497,
        "iqr": 1.3803560435771942,
        "mad": 0.6744906902313232,
        "mad_sigma": 0.9999998973369598,
        "skewness": -0.7059787056365574,
        "kurtosis_excess": 1.33744772390415,
        "delta_mean_median": -0.10056720534067952
      },
      "e_s": {
        "n": 943,
        "nan_frac": 0.0,
        "mean": 0.589073829077002,
        "median": 0.0,
        "std": 2.066247320716593,
        "iqr": 1.3780616223812103,
        "mad": 0.6744908094406128,
        "mad_sigma": 1.0000000740766524,
        "skewness": 1.5994510890783105,
        "kurtosis_excess": 1.795875810809707,
        "delta_mean_median": 0.589073829077002
      },
      "e_m": {
        "n": 943,
        "nan_frac": 0.0,
        "mean": 0.06336625431879589,
        "median": 0.0,
        "std": 1.0520364799631658,
        "iqr": 1.3425420820713043,
        "mad": 0.6744906902313232,
        "mad_sigma": 0.9999998973369598,
        "skewness": 1.2938191890737774,
        "kurtosis_excess": 5.432030383340509,
        "delta_mean_median": 0.06336625431879589
      }
    }
  },
  "entropy_provisional": {},
  "geometry_contract": {
    "policy_version": "standard_invalidity_v1",
    "status": "ok",
    "primary_requires_coords_9d": true,
    "shared_time_grid": {
      "epochs_before_policy": 943,
      "epochs_retained": 943,
      "epochs_dropped": 0,
      "drop_fraction": 0.0,
      "dropped_epoch_indices_preview": [],
      "drop_reason_counts": {
        "mnps_3d_nonfinite_rows": 0,
        "coords_9d_nonfinite_rows_affecting_primary": 0
      }
    },
    "mnps_3d": {
      "finite_row_fraction_before": 1.0,
      "nonfinite_row_count": 0,
      "degenerate_axes": [],
      "all_nan_axes": []
    },
    "coords_9d": {
      "available": true,
      "shape_matches_time_grid": true,
      "finite_row_fraction_before": 1.0,
      "nonfinite_row_count": 0,
      "nonfinite_rows_retained_on_shared_grid": 0,
      "degenerate_axes": [],
      "all_nan_axes": []
    },
    "time_grid": {
      "status": "ok",
      "warnings": [],
      "window_count": 943,
      "finite_window_bounds_fraction": 1.0,
      "dt_source": "window_start",
      "dt_sec_runtime": 4.0,
      "dt_sec_config": 4.0,
      "window_sec_config": 8.0,
      "dt_matches_runtime": true,
      "dt_matches_config_formula": true,
      "window_len_matches_config": true,
      "nonpositive_dt_count": 0,
      "nonpositive_window_len_count": 0,
      "dt_intervals_sec": {
        "n": 942,
        "mean": 4.0,
        "median": 4.0,
        "iqr": 0.0,
        "p95": 4.0,
        "max": 4.0
      },
      "window_lengths_sec": {
        "n": 943,
        "mean": 8.0,
        "median": 8.0,
        "iqr": 0.0,
        "p95": 8.0,
        "max": 8.0
      }
    },