{
  "dataset_id": "ds004511:sub-S201105:ses-01_rest_run-01",
  "subject": "sub-S201105",
  "session": "ses-01",
  "reliability_axes": {
    "m": 0.8069167005960748,
    "d": 0.622378729354653,
    "e": 0.8372271979954058
  },
  "reliability_subcoords": {
    "m_a": 0.7665774622678385,
    "m_e": 0.7138121011007463,
    "m_o": 0.8088294786492494,
    "d_n": 0.42496677836637853,
    "d_l": 0.6564243910875412,
    "d_s": 0.4896626854322835,
    "e_e": 0.812587638814386,
    "e_s": 0.8391362637173823,
    "e_m": 0.5475115693827688
  }
}