{
  "dataset_id": "ds004511:sub-S201105:ses-01_rest_run-01",
  "subject": "sub-S201105",
  "session": "ses-01",
  "coverage": {
    "epochs": 125,
    "seconds": 500.0
  },
  "artifacts": {
    "methods": [
      "ica"
    ],
    "bad_eeg_channels": [
      "CPP2",
      "CPP4",
      "CPP5",
      "CPP6",
      "Foto",
      "Gnd-Ref",
      "Gnd-Ref1",
      "Gnd-Ref2",
      "Gnd-Ref3",
      "I1",
      "I2",
      "Iz",
      "OPO3",
      "OPO4",
      "P9",
      "Ref",
      "Sync",
      "TPP10",
      "TPP8"
    ],
    "n_bad_eeg_channels": 19,
    "stem_collisions": {}
  },
  "ensemble": {
    "var_by_subcoord": {
      "m_a": 0.0020591598004102707,
      "m_e": 0.0,
      "m_o": 0.0,
      "d_n": 0.0,
      "d_l": 0.0,
      "d_s": 0.0,
      "e_e": 0.0,
      "e_s": 0.0,
      "e_m": 0.0
    },
    "var_mean": 0.00022879553337891897,
    "var_max": 0.0020591598004102707
  },
  "reliability": {
    "axes": {
      "m": 0.8069167005960748,
      "d": 0.622378729354653,
      "e": 0.8372271979954058
    },
    "subcoords": {
      "m_a": 0.7665774622678385,
      "m_e": 0.7138121011007463,
      "m_o": 0.8088294786492494,
      "d_n": 0.42496677836637853,
      "d_l": 0.6564243910875412,
      "d_s": 0.4896626854322835,
      "e_e": 0.812587638814386,
      "e_s": 0.8391362637173823,
      "e_m": 0.5475115693827688
    }
  },
  "dist_summary": {
    "axes": {
      "m": {
        "n": 125,
        "nan_frac": 0.0,
        "mean": 0.21182923985482194,
        "median": -0.06044811010360718,
        "std": 1.3529833193470497,
        "iqr": 1.5111889243125916,
        "mad": 0.6233770847320557,
        "mad_sigma": 0.9242188658237457,
        "skewness": -0.25676274695016377,
        "kurtosis_excess": 2.3147003301236335,
        "delta_mean_median": 0.2722773499584291
      },
      "d": {
        "n": 125,
        "nan_frac": 0.0,
        "mean": -0.08191852729022503,
        "median": -0.01127998810261488,
        "std": 0.9652186815957415,
        "iqr": 0.9804427623748779,
        "mad": 0.4952935455366969,
        "mad_sigma": 0.7343222106127067,
        "skewness": -1.6109708156290279,
        "kurtosis_excess": 4.611302832605521,
        "delta_mean_median": -0.07063853918761015
      },
      "e": {
        "n": 125,
        "nan_frac": 0.0,
        "mean": 0.05714065250009298,
        "median": -0.014530755579471588,
        "std": 1.0971189232506415,
        "iqr": 1.24455326795578,
        "mad": 0.6249212995171547,
        "mad_sigma": 0.9265083186641335,
        "skewness": 0.7824339890361504,
        "kurtosis_excess": 1.420920829930016,
        "delta_mean_median": 0.07167140807956457
      }
    },
    "subcoords": {
      "m_a": {
        "n": 125,
        "nan_frac": 0.0,
        "mean": -0.13390838810801506,
        "median": -0.04354124143719673,
        "std": 1.4502311929147422,
        "iqr": 1.2860037088394165,
        "mad": 0.6243221275508404,
        "mad_sigma": 0.9256199863068759,
        "skewness": -2.0610368704013795,
        "kurtosis_excess": 6.326386079479743,
        "delta_mean_median": -0.09036714667081833
      },
      "m_e": {
        "n": 125,
        "nan_frac": 0.0,
        "mean": 0.1800912393182516,
        "median": 0.0,
        "std": 1.2890128549677236,
        "iqr": 1.464743822813034,
        "mad": 0.674490749835968,
        "mad_sigma": 0.9999999857068061,
        "skewness": -1.05127390531428,
        "kurtosis_excess": 5.302342732656136,
        "delta_mean_median": 0.1800912393182516
      },
      "m_o": {
        "n": 125,
        "nan_frac": 0.0,
        "mean": 0.7269698311015964,
        "median": 0.0,
        "std": 1.8118456264774947,
        "iqr": 1.926908940076828,
        "mad": 0.674490749835968,
        "mad_sigma": 0.9999999857068061,
        "skewness": 1.4178290202499462,
        "kurtosis_excess": 1.4011749168041412,
        "delta_mean_median": 0.7269698311015964
      },
      "d_n": {
        "n": 125,
        "nan_frac": 0.0,
        "mean": 0.1161177875827998,
        "median": 0.0,
        "std": 0.9567264347149473,
        "iqr": 1.259968876838684,
        "mad": 0.6744906306266785,
        "mad_sigma": 0.9999998089671135,
        "skewness": 0.17188091345657255,
        "kurtosis_excess": -0.2018245993305765,
        "delta_mean_median": 0.1161177875827998
      },
      "d_l": {
        "n": 125,
        "nan_frac": 0.0,
        "mean": -0.2826215860545635,
        "median": 0.0,
        "std": 1.5278455532143742,
        "iqr": 1.3813318610191345,
        "mad": 0.6744906306266785,
        "mad_sigma": 0.9999998089671135,
        "skewness": -1.7865730988233615,
        "kurtosis_excess": 5.831347892251534,
        "delta_mean_median": -0.2826215860545635
      },
      "d_s": {
        "n": 125,
        "nan_frac": 0.0,
        "mean": 0.15221842999011279,
        "median": 0.0,
        "std": 1.035890210926121,
        "iqr": 1.3851808309555054,
        "mad": 0.674490749835968,
        "mad_sigma": 0.9999999857068061,
        "skewness": -0.12636701179349216,
        "kurtosis_excess": 0.15719896258757116,
        "delta_mean_median": 0.15221842999011279
      },
      "e_e": {
        "n": 125,
        "nan_frac": 0.0,
        "mean": -0.07463758347555995,
        "median": 0.0,
        "std": 0.943777622552598,
        "iqr": 1.4115633368492126,
        "mad": 0.674490749835968,
        "mad_sigma": 0.9999999857068061,
        "skewness": -0.36130373713312586,
        "kurtosis_excess": -0.14858232037013241,
        "delta_mean_median": -0.07463758347555995
      },
      "e_s": {
        "n": 125,
        "nan_frac": 0.0,
        "mean": 0.23338901018351316,
        "median": 0.0,
        "std": 1.5205430876311155,
        "iqr": 1.3393373489379883,
        "mad": 0.6744906902313232,
        "mad_sigma": 0.9999998973369598,
        "skewness": 2.1982981001540547,
        "kurtosis_excess": 6.036306045866596,
        "delta_mean_median": 0.23338901018351316
      },
      "e_m": {
        "n": 125,
        "nan_frac": 0.0,
        "mean": 0.14839142260700464,
        "median": 0.0,
        "std": 1.1514099484271505,
        "iqr": 1.3633224964141846,
        "mad": 0.6744906902313232,
        "mad_sigma": 0.9999998973369598,
        "skewness": 1.5205233558047948,
        "kurtosis_excess": 4.058169917245782,
        "delta_mean_median": 0.14839142260700464
      }
    }
  },
  "entropy_provisional": {},
  "geometry_contract": {
    "policy_version": "standard_invalidity_v1",
    "status": "ok",
    "primary_requires_coords_9d": true,
    "shared_time_grid": {
      "epochs_before_policy": 125,
      "epochs_retained": 125,
      "epochs_dropped": 0,
      "drop_fraction": 0.0,
      "dropped_epoch_indices_preview": [],
      "drop_reason_counts": {
        "mnps_3d_nonfinite_rows": 0,
        "coords_9d_nonfinite_rows_affecting_primary": 0
      }
    },
    "mnps_3d": {
      "finite_row_fraction_before": 1.0,
      "nonfinite_row_count": 0,
      "degenerate_axes": [],
      "all_nan_axes": []
    },
    "coords_9d": {
      "available": true,
      "shape_matches_time_grid": true,
      "finite_row_fraction_before": 1.0,
      "nonfinite_row_count": 0,
      "nonfinite_rows_retained_on_shared_grid": 0,
      "degenerate_axes": [],
      "all_nan_axes": []
    },
    "time_grid": {
      "status": "ok",
      "warnings": [],
      "window_count": 125,
      "finite_window_bounds_fraction": 1.0,
      "dt_source": "window_start",
      "dt_sec_runtime": 4.0,
      "dt_sec_config": 4.0,
      "window_sec_config": 8.0,
      "dt_matches_runtime": true,
      "dt_matches_config_formula": true,
      "window_len_matches_config": true,
      "nonpositive_dt_count": 0,
      "nonpositive_window_len_count": 0,
      "dt_intervals_sec": {
        "n": 124,
        "mean": 4.0,
        "median": 4.0,
        "iqr": 0.0,
        "p95": 4.0,
        "max": 4.0
      },
      "window_lengths_sec": {
        "n": 125,
        "mean": 8.0,
        "median": 8.0,