{
  "dataset_id": "ds004511:sub-S200225:ses-01_gambling_run-01",
  "subject": "sub-S200225",
  "session": "ses-01",
  "reliability_axes": {
    "m": 0.6668187949707454,
    "d": 0.6157258346808351,
    "e": 0.6710133411603871
  },
  "reliability_subcoords": {
    "m_a": 0.6870507774580333,
    "m_e": 0.7240718367470937,
    "m_o": 0.49449145013948226,
    "d_n": 0.7585861056482417,
    "d_l": 0.6214428465909345,
    "d_s": 0.48043595974994296,
    "e_e": 0.7122876090562904,
    "e_s": 0.6177845640687992,
    "e_m": 0.6189173462394068
  }
}