{
  "dataset_id": "ds004511:sub-S200225:ses-01_gambling_run-01",
  "subject": "sub-S200225",
  "session": "ses-01",
  "coverage": {
    "epochs": 966,
    "seconds": 3864.0
  },
  "artifacts": {
    "methods": [
      "ica"
    ],
    "bad_eeg_channels": [
      "Batt_0",
      "Batt_1",
      "Batt_2",
      "Batt_3",
      "Gnd-Ref",
      "Gnd-Ref1",
      "Gnd-Ref2",
      "Gnd-Ref3",
      "Ref",
      "Sync"
    ],
    "n_bad_eeg_channels": 10,
    "stem_collisions": {}
  },
  "ensemble": {
    "var_by_subcoord": {
      "m_a": 0.00020997296087443829,
      "m_e": 1.2608018504277427e-14,
      "m_o": 3.435989574053543e-15,
      "d_n": 3.0092461166555907e-15,
      "d_l": 0.0,
      "d_s": 2.307574611061969e-15,
      "e_e": 9.138961289123504e-13,
      "e_s": 1.480576593401381e-13,
      "e_m": 0.0
    },
    "var_mean": 2.333032910641699e-05,
    "var_max": 0.00020997296087443829
  },
  "reliability": {
    "axes": {
      "m": 0.6668187949707454,
      "d": 0.6157258346808351,
      "e": 0.6710133411603871
    },
    "subcoords": {
      "m_a": 0.6870507774580333,
      "m_e": 0.7240718367470937,
      "m_o": 0.49449145013948226,
      "d_n": 0.7585861056482417,
      "d_l": 0.6214428465909345,
      "d_s": 0.48043595974994296,
      "e_e": 0.7122876090562904,
      "e_s": 0.6177845640687992,
      "e_m": 0.6189173462394068
    }
  },
  "dist_summary": {
    "axes": {
      "m": {
        "n": 966,
        "nan_frac": 0.0,
        "mean": -0.08411842450617878,
        "median": 0.00733989616855979,
        "std": 0.8170470949256722,
        "iqr": 0.9906402379274368,
        "mad": 0.4900644733570516,
        "mad_sigma": 0.7265695881991647,
        "skewness": -0.8750621968430994,
        "kurtosis_excess": 1.8362826302211213,
        "delta_mean_median": -0.09145832067473857
      },
      "d": {
        "n": 966,
        "nan_frac": 0.0,
        "mean": -0.00031492218642021236,
        "median": 0.07946578413248062,
        "std": 0.7910370213189913,
        "iqr": 0.81051966547966,
        "mad": 0.3989384099841118,
        "mad_sigma": 0.5914660866424442,
        "skewness": -0.8970599732858942,
        "kurtosis_excess": 2.785670775634972,
        "delta_mean_median": -0.07978070631890083
      },
      "e": {
        "n": 966,
        "nan_frac": 0.0,
        "mean": 0.15556695481383156,
        "median": 0.14824716746807098,
        "std": 0.7502966748445502,
        "iqr": 0.8230701982975006,
        "mad": 0.4105737954378128,
        "mad_sigma": 0.6087167091161012,
        "skewness": 0.40378301361421104,
        "kurtosis_excess": 1.2426669231589127,
        "delta_mean_median": 0.007319787345760581
      }
    },
    "subcoords": {
      "m_a": {
        "n": 966,
        "nan_frac": 0.0,
        "mean": -0.22643079150790604,
        "median": -0.0023384615778923035,
        "std": 1.1573900265735213,
        "iqr": 1.2977499961853027,
        "mad": 0.6342965885996819,
        "mad_sigma": 0.9404081222578883,
        "skewness": -1.3359202377727084,
        "kurtosis_excess": 2.548692359498835,
        "delta_mean_median": -0.22409232993001374
      },
      "m_e": {
        "n": 966,
        "nan_frac": 0.0,
        "mean": -0.13132847768112854,
        "median": -1.5005934983491898e-07,
        "std": 1.0977381102622448,
        "iqr": 1.363353669643402,
        "mad": 0.674490749835968,
        "mad_sigma": 0.9999999857068061,
        "skewness": -0.7794273063865162,
        "kurtosis_excess": 0.6684828750543166,
        "delta_mean_median": -0.1313283276217787
      },
      "m_o": {
        "n": 966,
        "nan_frac": 0.0,
        "mean": 0.16965757934815265,
        "median": 0.0,
        "std": 1.0985572240872645,
        "iqr": 1.3820153772830963,
        "mad": 0.674490749835968,
        "mad_sigma": 0.9999999857068061,
        "skewness": 0.9840254611880462,
        "kurtosis_excess": 2.129714402692274,
        "delta_mean_median": 0.16965757934815265
      },
      "d_n": {
        "n": 966,
        "nan_frac": 0.0,
        "mean": 0.36474687508866577,
        "median": 0.0,
        "std": 1.287179361465813,
        "iqr": 1.531721293926239,
        "mad": 0.6744907796382904,
        "mad_sigma": 1.0000000298917293,
        "skewness": 1.2791786749006768,
        "kurtosis_excess": 1.3398741792524245,
        "delta_mean_median": 0.36474687508866577
      },
      "d_l": {
        "n": 966,
        "nan_frac": 0.0,
        "mean": -0.2644169714804845,
        "median": 0.0,
        "std": 1.3840875027550528,
        "iqr": 1.383050560951233,
        "mad": 0.6744907200336456,
        "mad_sigma": 0.999999941521883,
        "skewness": -1.5204460235856643,
        "kurtosis_excess": 3.2804358066344568,
        "delta_mean_median": -0.2644169714804845
      },
      "d_s": {
        "n": 966,
        "nan_frac": 0.0,
        "mean": 0.12123070156243893,
        "median": 1.3427688827505335e-07,
        "std": 1.0237686397673715,
        "iqr": 1.3788338005542755,
        "mad": 0.6744907796382904,
        "mad_sigma": 1.0000000298917293,
        "skewness": 0.6316614570528025,
        "kurtosis_excess": 0.8588261976766711,
        "delta_mean_median": 0.12123056728555065
      },
      "e_e": {
        "n": 966,
        "nan_frac": 0.0,
        "mean": -0.05231865854583407,
        "median": 0.0,
        "std": 0.965016437516023,
        "iqr": 1.356065183877945,
        "mad": 0.6744906902313232,
        "mad_sigma": 0.9999998973369598,
        "skewness": -0.4419470883394547,
        "kurtosis_excess": 0.042057201071858064,
        "delta_mean_median": -0.05231865854583407
      },
      "e_s": {
        "n": 966,
        "nan_frac": 0.0,
        "mean": 0.436666999028019,
        "median": -3.9191218093037605e-07,
        "std": 1.67287923486911,
        "iqr": 1.4129752218723297,
        "mad": 0.6744903579237871,
        "mad_sigma": 0.9999994046578067,
        "skewness": 1.7674983811976885,
        "kurtosis_excess": 3.1669478825418986,
        "delta_mean_median": 0.4366673909401999
      },
      "e_m": {
        "n": 966,
        "nan_frac": 0.0,
        "mean": 0.23625886931149656,
        "median": 0.0,
        "std": 1.3550465296316967,
        "iqr": 1.3755751252174377,
        "mad": 0.6744906902313232,
        "mad_sigma": 0.9999998973369598,
        "skewness": 1.768246960876853,
        "kurtosis_excess": 4.4116608955882395,
        "delta_mean_median": 0.23625886931149656
      }
    }
  },
  "entropy_provisional": {},
  "geometry_contract": {
    "policy_version": "standard_invalidity_v1",
    "status": "ok",
    "primary_requires_coords_9d": true,
    "shared_time_grid": {
      "epochs_before_policy": 966,
      "epochs_retained": 966,
      "epochs_dropped": 0,
      "drop_fraction": 0.0,
      "dropped_epoch_indices_preview": [],
      "drop_reason_counts": {
        "mnps_3d_nonfinite_rows": 0,
        "coords_9d_nonfinite_rows_affecting_primary": 0
      }
    },
    "mnps_3d": {
      "finite_row_fraction_before": 1.0,
      "nonfinite_row_count": 0,
      "degenerate_axes": [],
      "all_nan_axes": []
    },
    "coords_9d": {
      "available": true,
      "shape_matches_time_grid": true,
      "finite_row_fraction_before": 1.0,
      "nonfinite_row_count": 0,
      "nonfinite_rows_retained_on_shared_grid": 0,
      "degenerate_axes": [],
      "all_nan_axes": []
    },
    "time_grid": {
      "status": "ok",
      "warnings": [],
      "window_count": 966,
      "finite_window_bounds_fraction": 1.0,
      "dt_source": "window_start",
      "dt_sec_runtime": 4.0,
      "dt_sec_config": 4.0,
      "window_sec_config": 8.0,
      "dt_matches_runtime": true,
      "dt_matches_config_formula": true,
      "window_len_matches_config": true,
      "nonpositive_dt_count": 0,
      "nonpositive_window_len_count": 0,
      "dt_intervals_sec": {
        "n": 965,
        "mean": 4.0,
        "median": 4.0,
        "iqr": 0.0,
        "p95": 4.0,
        "max": 4.0
      },