{
  "dataset_id": "ds004511:sub-S200205:ses-01_cognitive_control_run-01",
  "subject": "sub-S200205",
  "session": "ses-01",
  "reliability_axes": {
    "m": 0.6970626113649925,
    "d": 0.6703514976269987,
    "e": 0.688493992794157
  },
  "reliability_subcoords": {
    "m_a": 0.7492978346697214,
    "m_e": 0.7189507149294139,
    "m_o": 0.4431010225852516,
    "d_n": 0.768770045691163,
    "d_l": 0.7353464504449455,
    "d_s": 0.44339300185415037,
    "e_e": 0.6583729067327149,
    "e_s": 0.6097352993665813,
    "e_m": 0.268881485390799
  }
}