{
  "dataset_id": "ds004511:sub-S200205:ses-01_cognitive_control_run-01",
  "subject": "sub-S200205",
  "session": "ses-01",
  "coverage": {
    "epochs": 268,
    "seconds": 1072.0
  },
  "artifacts": {
    "methods": [
      "ica"
    ],
    "bad_eeg_channels": [
      "Batt_0",
      "Batt_1",
      "Batt_2",
      "Batt_3",
      "Gnd-Ref",
      "Gnd-Ref1",
      "Gnd-Ref2",
      "Gnd-Ref3",
      "PO10",
      "Ref",
      "Sync",
      "TPP9"
    ],
    "n_bad_eeg_channels": 12,
    "stem_collisions": {}
  },
  "ensemble": {
    "var_by_subcoord": {
      "m_a": 0.002592412754893303,
      "m_e": 8.172858277730871e-15,
      "m_o": 4.6459778332722055e-15,
      "d_n": 4.117691430882697e-15,
      "d_l": 4.280111692584604e-14,
      "d_s": 1.2463402028093859e-14,
      "e_e": 3.4128440091346635e-12,
      "e_s": 1.4630470771513637e-13,
      "e_m": 0.0
    },
    "var_mean": 0.0002880458620582947,
    "var_max": 0.002592412754893303
  },
  "reliability": {
    "axes": {
      "m": 0.6970626113649925,
      "d": 0.6703514976269987,
      "e": 0.688493992794157
    },
    "subcoords": {
      "m_a": 0.7492978346697214,
      "m_e": 0.7189507149294139,
      "m_o": 0.4431010225852516,
      "d_n": 0.768770045691163,
      "d_l": 0.7353464504449455,
      "d_s": 0.44339300185415037,
      "e_e": 0.6583729067327149,
      "e_s": 0.6097352993665813,
      "e_m": 0.268881485390799
    }
  },
  "dist_summary": {
    "axes": {
      "m": {
        "n": 268,
        "nan_frac": 0.0,
        "mean": -0.13923372386749694,
        "median": -0.14298030734062195,
        "std": 1.02695887818794,
        "iqr": 1.0720444321632385,
        "mad": 0.537260502576828,
        "mad_sigma": 0.7965424211204052,
        "skewness": -0.6525994947681805,
        "kurtosis_excess": 1.2511508871213577,
        "delta_mean_median": 0.003746583473125009
      },
      "d": {
        "n": 268,
        "nan_frac": 0.0,
        "mean": 0.1360041285750331,
        "median": 0.11198283731937408,
        "std": 0.7540594518120939,
        "iqr": 0.9951996803283691,
        "mad": 0.4957529306411743,
        "mad_sigma": 0.735003294968605,
        "skewness": 0.061664960176033,
        "kurtosis_excess": 0.37884200407451596,
        "delta_mean_median": 0.024021291255659022
      },
      "e": {
        "n": 268,
        "nan_frac": 0.0,
        "mean": 0.05871913279053788,
        "median": 0.03347037918865681,
        "std": 0.8023408532637203,
        "iqr": 0.9990304782986641,
        "mad": 0.48989762365818024,
        "mad_sigma": 0.7263222168356179,
        "skewness": 0.2074027408097889,
        "kurtosis_excess": 0.9064694070675476,
        "delta_mean_median": 0.02524875360188107
      }
    },
    "subcoords": {
      "m_a": {
        "n": 268,
        "nan_frac": 0.0,
        "mean": -0.3253665288993672,
        "median": 0.009512864053249359,
        "std": 1.3633678554210003,
        "iqr": 1.3047515153884888,
        "mad": 0.6055190861225128,
        "mad_sigma": 0.8977425970852374,
        "skewness": -1.6830567682152593,
        "kurtosis_excess": 3.592901782545743,
        "delta_mean_median": -0.33487939295261654
      },
      "m_e": {
        "n": 268,
        "nan_frac": 0.0,
        "mean": -0.1887794463172444,
        "median": 0.0,
        "std": 1.4933468145065631,
        "iqr": 1.3052241951227188,
        "mad": 0.6744907796382904,
        "mad_sigma": 1.0000000298917293,
        "skewness": -1.7154327323166072,
        "kurtosis_excess": 4.1254974744308095,
        "delta_mean_median": -0.1887794463172444
      },
      "m_o": {
        "n": 268,
        "nan_frac": 0.0,
        "mean": 0.1777718067238691,
        "median": 0.0,
        "std": 1.1571764848126234,
        "iqr": 1.36674864590168,
        "mad": 0.674490749835968,
        "mad_sigma": 0.9999999857068061,
        "skewness": 1.4748518624793086,
        "kurtosis_excess": 4.328401246445121,
        "delta_mean_median": 0.1777718067238691
      },
      "d_n": {
        "n": 268,
        "nan_frac": 0.0,
        "mean": 0.6757538831104705,
        "median": 0.0,
        "std": 1.9738272380209254,
        "iqr": 1.5585375428199768,
        "mad": 0.674490749835968,
        "mad_sigma": 0.9999999857068061,
        "skewness": 1.5565898578211803,
        "kurtosis_excess": 1.652181067255035,
        "delta_mean_median": 0.6757538831104705
      },
      "d_l": {
        "n": 268,
        "nan_frac": 0.0,
        "mean": -0.17649641818429496,
        "median": 0.0,
        "std": 1.363955723918027,
        "iqr": 1.352378562092781,
        "mad": 0.6744907796382904,
        "mad_sigma": 1.0000000298917293,
        "skewness": -1.2267476772130976,
        "kurtosis_excess": 2.616955642229242,
        "delta_mean_median": -0.17649641818429496
      },
      "d_s": {
        "n": 268,
        "nan_frac": 0.0,
        "mean": 0.08734541238327302,
        "median": -1.6205012798309326e-07,
        "std": 0.9823009346062929,
        "iqr": 1.3336606323719025,
        "mad": 0.674490749835968,
        "mad_sigma": 0.9999999857068061,
        "skewness": 0.4621381328963823,
        "kurtosis_excess": -0.36678545701090615,
        "delta_mean_median": 0.087345574433401
      },
      "e_e": {
        "n": 268,
        "nan_frac": 0.0,
        "mean": 0.0023539645645989857,
        "median": 0.0,
        "std": 1.0552576078788996,
        "iqr": 1.325383946299553,
        "mad": 0.6744907200336456,
        "mad_sigma": 0.999999941521883,
        "skewness": -0.23441443548164362,
        "kurtosis_excess": 0.5945566522944072,
        "delta_mean_median": 0.0023539645645989857
      },
      "e_s": {
        "n": 268,
        "nan_frac": 0.0,
        "mean": 0.13491064496761893,
        "median": 7.329363143071532e-07,
        "std": 1.4392026576573493,
        "iqr": 1.2787649929523468,
        "mad": 0.674490749835968,
        "mad_sigma": 0.9999999857068061,
        "skewness": 1.520908179309316,
        "kurtosis_excess": 3.7067121479902685,
        "delta_mean_median": 0.13490991203130462
      },
      "e_m": {
        "n": 268,
        "nan_frac": 0.0,
        "mean": 0.0811077919927662,
        "median": 1.648440957069397e-07,
        "std": 1.159140277228942,
        "iqr": 1.3402749001979828,
        "mad": 0.674490855075419,
        "mad_sigma": 1.000000141734816,
        "skewness": 1.6696208889926258,
        "kurtosis_excess": 6.286295369820456,
        "delta_mean_median": 0.0811076271486705
      }
    }
  },
  "entropy_provisional": {},
  "geometry_contract": {
    "policy_version": "standard_invalidity_v1",
    "status": "ok",
    "primary_requires_coords_9d": true,
    "shared_time_grid": {
      "epochs_before_policy": 268,
      "epochs_retained": 268,
      "epochs_dropped": 0,
      "drop_fraction": 0.0,
      "dropped_epoch_indices_preview": [],
      "drop_reason_counts": {
        "mnps_3d_nonfinite_rows": 0,
        "coords_9d_nonfinite_rows_affecting_primary": 0
      }
    },
    "mnps_3d": {
      "finite_row_fraction_before": 1.0,
      "nonfinite_row_count": 0,
      "degenerate_axes": [],
      "all_nan_axes": []
    },
    "coords_9d": {
      "available": true,
      "shape_matches_time_grid": true,
      "finite_row_fraction_before": 1.0,
      "nonfinite_row_count": 0,
      "nonfinite_rows_retained_on_shared_grid": 0,
      "degenerate_axes": [],
      "all_nan_axes": []
    },
    "time_grid": {
      "status": "ok",
      "warnings": [],
      "window_count": 268,
      "finite_window_bounds_fraction": 1.0,
      "dt_source": "window_start",
      "dt_sec_runtime": 4.0,
      "dt_sec_config": 4.0,
      "window_sec_config": 8.0,
      "dt_matches_runtime": true,
      "dt_matches_config_formula": true,
      "window_len_matches_config": true,
      "nonpositive_dt_count": 0,
      "nonpositive_window_len_count": 0,
      "dt_intervals_sec": {
        "n": 267,
        "mean": 4.0,
        "median": 4.0,
        "iqr": 0.0,
        "p95": 4.0,