{
  "dataset_id": "ds004511:sub-S200228:ses-01_cognitive_control_run-01",
  "subject": "sub-S200228",
  "session": "ses-01",
  "reliability_axes": {
    "m": 0.6214660266667625,
    "d": 0.6559920431327052,
    "e": 0.38983700204215255
  },
  "reliability_subcoords": {
    "m_a": 0.6575493378778452,
    "m_e": 0.659750479717741,
    "m_o": 0.6818626380828775,
    "d_n": 0.6883101274529629,
    "d_l": 0.6735979231849695,
    "d_s": 0.7686144122617654,
    "e_e": 0.574502076915836,
    "e_s": 0.5127509437059847,
    "e_m": 0.6066407479821214
  }
}