{
  "dataset_id": "ds004511:sub-S200228:ses-01_cognitive_control_run-01",
  "subject": "sub-S200228",
  "session": "ses-01",
  "coverage": {
    "epochs": 271,
    "seconds": 1084.0
  },
  "artifacts": {
    "methods": [
      "ica"
    ],
    "bad_eeg_channels": [
      "Batt_0",
      "Batt_1",
      "Batt_2",
      "Batt_3",
      "Gnd-Ref",
      "Gnd-Ref1",
      "Gnd-Ref2",
      "Gnd-Ref3",
      "Ref",
      "Sync"
    ],
    "n_bad_eeg_channels": 10,
    "stem_collisions": {}
  },
  "ensemble": {
    "var_by_subcoord": {
      "m_a": 0.0006421352736651897,
      "m_e": 0.0,
      "m_o": 0.0,
      "d_n": 0.0,
      "d_l": 0.0,
      "d_s": 0.0,
      "e_e": 0.0,
      "e_s": 0.0,
      "e_m": 0.0
    },
    "var_mean": 7.134836374057664e-05,
    "var_max": 0.0006421352736651897
  },
  "reliability": {
    "axes": {
      "m": 0.6214660266667625,
      "d": 0.6559920431327052,
      "e": 0.38983700204215255
    },
    "subcoords": {
      "m_a": 0.6575493378778452,
      "m_e": 0.659750479717741,
      "m_o": 0.6818626380828775,
      "d_n": 0.6883101274529629,
      "d_l": 0.6735979231849695,
      "d_s": 0.7686144122617654,
      "e_e": 0.574502076915836,
      "e_s": 0.5127509437059847,
      "e_m": 0.6066407479821214
    }
  },
  "dist_summary": {
    "axes": {
      "m": {
        "n": 271,
        "nan_frac": 0.0,
        "mean": -0.1036077634348943,
        "median": -0.004836957436054945,
        "std": 0.7642037825316541,
        "iqr": 1.0227244198322296,
        "mad": 0.49747993471100926,
        "mad_sigma": 0.7375637512025423,
        "skewness": -0.1457624598595567,
        "kurtosis_excess": -0.28642193361327895,
        "delta_mean_median": -0.09877080599883936
      },
      "d": {
        "n": 271,
        "nan_frac": 0.0,
        "mean": 0.270136447480323,
        "median": 0.17160333693027496,
        "std": 0.7382113911100372,
        "iqr": 0.8204423412680626,
        "mad": 0.40509258210659027,
        "mad_sigma": 0.6005902622312307,
        "skewness": 0.6481706889906843,
        "kurtosis_excess": 2.632838466785369,
        "delta_mean_median": 0.09853311055004804
      },
      "e": {
        "n": 271,
        "nan_frac": 0.0,
        "mean": -0.039668112273269586,
        "median": -0.006726300809532404,
        "std": 0.7854976181421677,
        "iqr": 0.8963344842195511,
        "mad": 0.4464374422095716,
        "mad_sigma": 0.6618881518199108,
        "skewness": -0.49510023427772437,
        "kurtosis_excess": 2.3225158907941923,
        "delta_mean_median": -0.03294181146373718
      }
    },
    "subcoords": {
      "m_a": {
        "n": 271,
        "nan_frac": 0.0,
        "mean": -0.25541483833561085,
        "median": 0.010023720562458038,
        "std": 1.1966467830840903,
        "iqr": 1.3733367323875427,
        "mad": 0.6737556979060173,
        "mad_sigma": 0.9989101977154612,
        "skewness": -1.3641822035571396,
        "kurtosis_excess": 2.3247566474822348,
        "delta_mean_median": -0.2654385588980689
      },
      "m_e": {
        "n": 271,
        "nan_frac": 0.0,
        "mean": -0.05556312126770781,
        "median": 0.0,
        "std": 1.0068192394749698,
        "iqr": 1.3607870638370514,
        "mad": 0.674490749835968,
        "mad_sigma": 0.9999999857068061,
        "skewness": -0.3451181081160044,
        "kurtosis_excess": -0.28048269150659655,
        "delta_mean_median": -0.05556312126770781
      },
      "m_o": {
        "n": 271,
        "nan_frac": 0.0,
        "mean": 0.0468274159666247,
        "median": 0.0,
        "std": 1.0200915083336086,
        "iqr": 1.4029147624969482,
        "mad": 0.674490749835968,
        "mad_sigma": 0.9999999857068061,
        "skewness": 0.7342746509160833,
        "kurtosis_excess": 0.8863132008214185,
        "delta_mean_median": 0.0468274159666247
      },
      "d_n": {
        "n": 271,
        "nan_frac": 0.0,
        "mean": 0.6358720309812425,
        "median": 0.0,
        "std": 1.6802532667953443,
        "iqr": 1.4502518326044083,
        "mad": 0.674490749835968,
        "mad_sigma": 0.9999999857068061,
        "skewness": 1.4116677914138953,
        "kurtosis_excess": 1.3788521291730031,
        "delta_mean_median": 0.6358720309812425
      },
      "d_l": {
        "n": 271,
        "nan_frac": 0.0,
        "mean": -0.024173871469701128,
        "median": 0.0,
        "std": 1.1643796039709584,
        "iqr": 1.363443911075592,
        "mad": 0.674490749835968,
        "mad_sigma": 0.9999999857068061,
        "skewness": -0.5654176044985266,
        "kurtosis_excess": 1.7498031538950913,
        "delta_mean_median": -0.024173871469701128
      },
      "d_s": {
        "n": 271,
        "nan_frac": 0.0,
        "mean": 0.4789459337239803,
        "median": 0.0,
        "std": 1.4635280682624698,
        "iqr": 1.6147471070289612,
        "mad": 0.674490749835968,
        "mad_sigma": 0.9999999857068061,
        "skewness": 1.3071377301545077,
        "kurtosis_excess": 1.1277065620235769,
        "delta_mean_median": 0.4789459337239803
      },
      "e_e": {
        "n": 271,
        "nan_frac": 0.0,
        "mean": -0.10973753036013581,
        "median": 0.0,
        "std": 1.1801963477173871,
        "iqr": 1.3114079535007477,
        "mad": 0.6744906902313232,
        "mad_sigma": 0.9999998973369598,
        "skewness": -0.4698370086623917,
        "kurtosis_excess": 0.8618681935363686,
        "delta_mean_median": -0.10973753036013581
      },
      "e_s": {
        "n": 271,
        "nan_frac": 0.0,
        "mean": 0.045485264377675375,
        "median": 0.0,
        "std": 1.305409443581962,
        "iqr": 1.3338183164596558,
        "mad": 0.674490749835968,
        "mad_sigma": 0.9999999857068061,
        "skewness": 0.7595342418809,
        "kurtosis_excess": 3.8310935586261445,
        "delta_mean_median": 0.045485264377675375
      },
      "e_m": {
        "n": 271,
        "nan_frac": 0.0,
        "mean": 0.18579563161365112,
        "median": 0.0,
        "std": 1.1369222717291279,
        "iqr": 1.3887320160865784,
        "mad": 0.6744905710220337,
        "mad_sigma": 0.999999720597267,
        "skewness": 1.087348792015244,
        "kurtosis_excess": 2.4417494632230765,
        "delta_mean_median": 0.18579563161365112
      }
    }
  },
  "entropy_provisional": {},
  "geometry_contract": {
    "policy_version": "standard_invalidity_v1",
    "status": "ok",
    "primary_requires_coords_9d": true,
    "shared_time_grid": {
      "epochs_before_policy": 271,
      "epochs_retained": 271,
      "epochs_dropped": 0,
      "drop_fraction": 0.0,
      "dropped_epoch_indices_preview": [],
      "drop_reason_counts": {
        "mnps_3d_nonfinite_rows": 0,
        "coords_9d_nonfinite_rows_affecting_primary": 0
      }
    },
    "mnps_3d": {
      "finite_row_fraction_before": 1.0,
      "nonfinite_row_count": 0,
      "degenerate_axes": [],
      "all_nan_axes": []
    },
    "coords_9d": {
      "available": true,
      "shape_matches_time_grid": true,
      "finite_row_fraction_before": 1.0,
      "nonfinite_row_count": 0,
      "nonfinite_rows_retained_on_shared_grid": 0,
      "degenerate_axes": [],
      "all_nan_axes": []
    },
    "time_grid": {
      "status": "ok",
      "warnings": [],
      "window_count": 271,
      "finite_window_bounds_fraction": 1.0,
      "dt_source": "window_start",
      "dt_sec_runtime": 4.0,
      "dt_sec_config": 4.0,
      "window_sec_config": 8.0,
      "dt_matches_runtime": true,
      "dt_matches_config_formula": true,
      "window_len_matches_config": true,
      "nonpositive_dt_count": 0,
      "nonpositive_window_len_count": 0,
      "dt_intervals_sec": {
        "n": 270,
        "mean": 4.0,
        "median": 4.0,
        "iqr": 0.0,
        "p95": 4.0,
        "max": 4.0
      },
      "window_lengths_sec": {
        "n": 271,
        "mean": 8.0,
        "median": 8.0,
        "iqr": 0.0,
        "p95": 8.0,
        "max": 8.0
      }
    },