{
  "dataset_id": "ds004511:sub-S200225:ses-01_cognitive_control_run-01",
  "subject": "sub-S200225",
  "session": "ses-01",
  "reliability_axes": {
    "m": 0.5423991187817591,
    "d": 0.6145384577198613,
    "e": 0.7201685096228447
  },
  "reliability_subcoords": {
    "m_a": 0.5523508577719387,
    "m_e": 0.6439024822829784,
    "m_o": 0.5924961558632285,
    "d_n": 0.8104204589173578,
    "d_l": 0.5787954120170209,
    "d_s": 0.35731059494952233,
    "e_e": 0.6768823446616001,
    "e_s": 0.602594550158174,
    "e_m": 0.5165049216962054
  }
}