{
  "dataset_id": "ds004511:sub-S200225:ses-01_cognitive_control_run-01",
  "subject": "sub-S200225",
  "session": "ses-01",
  "coverage": {
    "epochs": 265,
    "seconds": 1060.0
  },
  "artifacts": {
    "methods": [
      "ica"
    ],
    "bad_eeg_channels": [
      "Batt_0",
      "Batt_1",
      "Batt_2",
      "Batt_3",
      "Gnd-Ref",
      "Gnd-Ref1",
      "Gnd-Ref2",
      "Gnd-Ref3",
      "Ref",
      "Sync"
    ],
    "n_bad_eeg_channels": 10,
    "stem_collisions": {}
  },
  "ensemble": {
    "var_by_subcoord": {
      "m_a": 0.002217218279838562,
      "m_e": 0.0,
      "m_o": 0.0,
      "d_n": 0.0,
      "d_l": 0.0,
      "d_s": 0.0,
      "e_e": 0.0,
      "e_s": 0.0,
      "e_m": 0.0
    },
    "var_mean": 0.0002463575866487291,
    "var_max": 0.002217218279838562
  },
  "reliability": {
    "axes": {
      "m": 0.5423991187817591,
      "d": 0.6145384577198613,
      "e": 0.7201685096228447
    },
    "subcoords": {
      "m_a": 0.5523508577719387,
      "m_e": 0.6439024822829784,
      "m_o": 0.5924961558632285,
      "d_n": 0.8104204589173578,
      "d_l": 0.5787954120170209,
      "d_s": 0.35731059494952233,
      "e_e": 0.6768823446616001,
      "e_s": 0.602594550158174,
      "e_m": 0.5165049216962054
    }
  },
  "dist_summary": {
    "axes": {
      "m": {
        "n": 265,
        "nan_frac": 0.0,
        "mean": -0.004518030727949907,
        "median": 0.010713358409702778,
        "std": 0.8147404552244903,
        "iqr": 0.9912150204181671,
        "mad": 0.5035293893888593,
        "mad_sigma": 0.7465326727079227,
        "skewness": -0.3852476409641613,
        "kurtosis_excess": 0.33637305392827077,
        "delta_mean_median": -0.015231389137652686
      },
      "d": {
        "n": 265,
        "nan_frac": 0.0,
        "mean": -0.21990254861236777,
        "median": 0.10824733972549438,
        "std": 1.2038176121074422,
        "iqr": 0.9359335601329803,
        "mad": 0.43648606538772583,
        "mad_sigma": 0.6471342405438423,
        "skewness": -1.5782103622392845,
        "kurtosis_excess": 1.8650086287989547,
        "delta_mean_median": -0.3281498883378622
      },
      "e": {
        "n": 265,
        "nan_frac": 0.0,
        "mean": 0.2851719741340516,
        "median": 0.16794270277023315,
        "std": 1.0717350342938043,
        "iqr": 1.0945999324321747,
        "mad": 0.5479819774627686,
        "mad_sigma": 0.8124380797863006,
        "skewness": 0.6649464009097177,
        "kurtosis_excess": 0.6758200619023613,
        "delta_mean_median": 0.11722927136381844
      }
    },
    "subcoords": {
      "m_a": {
        "n": 265,
        "nan_frac": 0.0,
        "mean": -0.16013380312975847,
        "median": -0.013759179040789604,
        "std": 1.073680445237742,
        "iqr": 1.3175619840621948,
        "mad": 0.6570817995816469,
        "mad_sigma": 0.9741894760597497,
        "skewness": -0.7635207732063554,
        "kurtosis_excess": 0.31271968008046613,
        "delta_mean_median": -0.14637462408896887
      },
      "m_e": {
        "n": 265,
        "nan_frac": 0.0,
        "mean": 0.0383898219462695,
        "median": 0.0,
        "std": 1.020690534128285,
        "iqr": 1.4148812890052795,
        "mad": 0.674490749835968,
        "mad_sigma": 0.9999999857068061,
        "skewness": -0.04600421078505569,
        "kurtosis_excess": -0.5414642873732101,
        "delta_mean_median": 0.0383898219462695
      },
      "m_o": {
        "n": 265,
        "nan_frac": 0.0,
        "mean": 0.1574430087001397,
        "median": 0.0,
        "std": 1.0973698419995768,
        "iqr": 1.3400844931602478,
        "mad": 0.674490749835968,
        "mad_sigma": 0.9999999857068061,
        "skewness": 0.9503144173546063,
        "kurtosis_excess": 1.3428514399002127,
        "delta_mean_median": 0.1574430087001397
      },
      "d_n": {
        "n": 265,
        "nan_frac": 0.0,
        "mean": 0.2349837012624122,
        "median": 0.0,
        "std": 1.0778134339898706,
        "iqr": 1.3428345322608948,
        "mad": 0.674490749835968,
        "mad_sigma": 0.9999999857068061,
        "skewness": 0.7418730766177223,
        "kurtosis_excess": -0.23845295688147639,
        "delta_mean_median": 0.2349837012624122
      },
      "d_l": {
        "n": 265,
        "nan_frac": 0.0,
        "mean": -0.6051881697962395,
        "median": 0.0,
        "std": 2.0644318840915634,
        "iqr": 1.446936309337616,
        "mad": 0.6744908094406128,
        "mad_sigma": 1.0000000740766524,
        "skewness": -1.5939345749617244,
        "kurtosis_excess": 1.707045689266769,
        "delta_mean_median": -0.6051881697962395
      },
      "d_s": {
        "n": 265,
        "nan_frac": 0.0,
        "mean": 0.09613696846162093,
        "median": 0.0,
        "std": 1.1843964048733369,
        "iqr": 1.3795064091682434,
        "mad": 0.674490749835968,
        "mad_sigma": 0.9999999857068061,
        "skewness": 0.9714809219022372,
        "kurtosis_excess": 3.4573069754731343,
        "delta_mean_median": 0.09613696846162093
      },
      "e_e": {
        "n": 265,
        "nan_frac": 0.0,
        "mean": -0.029954976447032027,
        "median": 0.0,
        "std": 1.151715479029992,
        "iqr": 1.357852041721344,
        "mad": 0.6744906902313232,
        "mad_sigma": 0.9999998973369598,
        "skewness": -0.2177595751762921,
        "kurtosis_excess": 0.2896899516428064,
        "delta_mean_median": -0.029954976447032027
      },
      "e_s": {
        "n": 265,
        "nan_frac": 0.0,
        "mean": 0.7307517661168328,
        "median": 0.0,
        "std": 2.1888277783369947,
        "iqr": 1.4460085034370422,
        "mad": 0.674490749835968,
        "mad_sigma": 0.9999999857068061,
        "skewness": 1.4935033436480891,
        "kurtosis_excess": 1.0414716073669723,
        "delta_mean_median": 0.7307517661168328
      },
      "e_m": {
        "n": 265,
        "nan_frac": 0.0,
        "mean": 0.005120455681012486,
        "median": 0.0,
        "std": 1.0287815629532469,
        "iqr": 1.3386280536651611,
        "mad": 0.6744906902313232,
        "mad_sigma": 0.9999998973369598,
        "skewness": 0.29014251411413866,
        "kurtosis_excess": -0.2014166857886548,
        "delta_mean_median": 0.005120455681012486
      }
    }
  },
  "entropy_provisional": {},
  "geometry_contract": {
    "policy_version": "standard_invalidity_v1",
    "status": "ok",
    "primary_requires_coords_9d": true,
    "shared_time_grid": {
      "epochs_before_policy": 265,
      "epochs_retained": 265,
      "epochs_dropped": 0,
      "drop_fraction": 0.0,
      "dropped_epoch_indices_preview": [],
      "drop_reason_counts": {
        "mnps_3d_nonfinite_rows": 0,
        "coords_9d_nonfinite_rows_affecting_primary": 0
      }
    },
    "mnps_3d": {
      "finite_row_fraction_before": 1.0,
      "nonfinite_row_count": 0,
      "degenerate_axes": [],
      "all_nan_axes": []
    },
    "coords_9d": {
      "available": true,
      "shape_matches_time_grid": true,
      "finite_row_fraction_before": 1.0,
      "nonfinite_row_count": 0,
      "nonfinite_rows_retained_on_shared_grid": 0,
      "degenerate_axes": [],
      "all_nan_axes": []
    },
    "time_grid": {
      "status": "ok",
      "warnings": [],
      "window_count": 265,
      "finite_window_bounds_fraction": 1.0,
      "dt_source": "window_start",
      "dt_sec_runtime": 4.0,
      "dt_sec_config": 4.0,
      "window_sec_config": 8.0,
      "dt_matches_runtime": true,
      "dt_matches_config_formula": true,
      "window_len_matches_config": true,
      "nonpositive_dt_count": 0,
      "nonpositive_window_len_count": 0,
      "dt_intervals_sec": {
        "n": 264,
        "mean": 4.0,
        "median": 4.0,
        "iqr": 0.0,
        "p95": 4.0,
        "max": 4.0
      },
      "window_lengths_sec": {
        "n": 265,
        "mean": 8.0,
        "median": 8.0,
        "iqr": 0.0,
        "p95": 8.0,
        "max": 8.0
      }
    },