{
  "dataset_id": "ds004511:sub-S200302:ses-01_rest_run-01",
  "subject": "sub-S200302",
  "session": "ses-01",
  "reliability_axes": {
    "m": 0.5029611344883107,
    "d": 0.7563494908705236,
    "e": 0.6616715422042106
  },
  "reliability_subcoords": {
    "m_a": 0.6783859964777128,
    "m_e": 0.4639672193088568,
    "m_o": 0.4127133932108502,
    "d_n": 0.3107773936803692,
    "d_l": 0.6389670265430738,
    "d_s": 0.6131785434979966,
    "e_e": 0.5782210625373417,
    "e_s": 0.6096429662858651,
    "e_m": 0.1921138937598587
  }
}