{
  "dataset_id": "ds004511:sub-S200302:ses-01_rest_run-01",
  "subject": "sub-S200302",
  "session": "ses-01",
  "coverage": {
    "epochs": 125,
    "seconds": 500.0
  },
  "artifacts": {
    "methods": [
      "ica"
    ],
    "bad_eeg_channels": [
      "Batt_0",
      "Batt_1",
      "Batt_2",
      "Batt_3",
      "Foto",
      "Gnd-Ref",
      "Gnd-Ref1",
      "Gnd-Ref2",
      "Gnd-Ref3",
      "Ref",
      "Sync"
    ],
    "n_bad_eeg_channels": 11,
    "stem_collisions": {}
  },
  "ensemble": {
    "var_by_subcoord": {
      "m_a": 0.0016524147940799594,
      "m_e": 0.0,
      "m_o": 0.0,
      "d_n": 0.0,
      "d_l": 0.0,
      "d_s": 0.0,
      "e_e": 0.0,
      "e_s": 0.0,
      "e_m": 0.0
    },
    "var_mean": 0.00018360164378666214,
    "var_max": 0.0016524147940799594
  },
  "reliability": {
    "axes": {
      "m": 0.5029611344883107,
      "d": 0.7563494908705236,
      "e": 0.6616715422042106
    },
    "subcoords": {
      "m_a": 0.6783859964777128,
      "m_e": 0.4639672193088568,
      "m_o": 0.4127133932108502,
      "d_n": 0.3107773936803692,
      "d_l": 0.6389670265430738,
      "d_s": 0.6131785434979966,
      "e_e": 0.5782210625373417,
      "e_s": 0.6096429662858651,
      "e_m": 0.1921138937598587
    }
  },
  "dist_summary": {
    "axes": {
      "m": {
        "n": 125,
        "nan_frac": 0.0,
        "mean": -0.18013725594803692,
        "median": -0.029645903035998344,
        "std": 1.0736102750016452,
        "iqr": 1.0158222615718842,
        "mad": 0.4953924585133791,
        "mad_sigma": 0.7344688589919358,
        "skewness": -0.653416414614534,
        "kurtosis_excess": 1.2881388168619843,
        "delta_mean_median": -0.15049135291203858
      },
      "d": {
        "n": 125,
        "nan_frac": 0.0,
        "mean": -0.2589390442650765,
        "median": -0.044249001890420914,
        "std": 0.8652265396805522,
        "iqr": 1.0807452201843262,
        "mad": 0.43785322085022926,
        "mad_sigma": 0.6491611852325498,
        "skewness": -0.9042648176567761,
        "kurtosis_excess": 0.03705334584091835,
        "delta_mean_median": -0.2146900423746556
      },
      "e": {
        "n": 125,
        "nan_frac": 0.0,
        "mean": 0.5071269615963101,
        "median": 0.1796255260705948,
        "std": 1.1106991529165628,
        "iqr": 1.184582233428955,
        "mad": 0.5804611593484879,
        "mad_sigma": 0.860591714850068,
        "skewness": 0.9632038088120483,
        "kurtosis_excess": -0.052542645232795504,
        "delta_mean_median": 0.3275014355257153
      }
    },
    "subcoords": {
      "m_a": {
        "n": 125,
        "nan_frac": 0.0,
        "mean": -0.49328334192186596,
        "median": 0.023970484733581543,
        "std": 1.4799572365485714,
        "iqr": 1.7012599110603333,
        "mad": 0.6448889374732971,
        "mad_sigma": 0.9561123386979102,
        "skewness": -1.5277768109022973,
        "kurtosis_excess": 2.248768862563738,
        "delta_mean_median": -0.5172538266554475
      },
      "m_e": {
        "n": 125,
        "nan_frac": 0.0,
        "mean": -0.13184629136696457,
        "median": 0.0,
        "std": 1.231112808463919,
        "iqr": 1.2556140422821045,
        "mad": 0.674490749835968,
        "mad_sigma": 0.9999999857068061,
        "skewness": -0.25459377172305236,
        "kurtosis_excess": 0.27224247928877743,
        "delta_mean_median": -0.13184629136696457
      },
      "m_o": {
        "n": 125,
        "nan_frac": 0.0,
        "mean": 0.1922861841917038,
        "median": 0.0,
        "std": 1.046736288210635,
        "iqr": 1.3401838541030884,
        "mad": 0.674490749835968,
        "mad_sigma": 0.9999999857068061,
        "skewness": 1.1226834171469169,
        "kurtosis_excess": 2.1180050405549586,
        "delta_mean_median": 0.1922861841917038
      },
      "d_n": {
        "n": 125,
        "nan_frac": 0.0,
        "mean": 0.1756575940027833,
        "median": 0.0,
        "std": 1.3814867109164608,
        "iqr": 1.3277488946914673,
        "mad": 0.674490749835968,
        "mad_sigma": 0.9999999857068061,
        "skewness": 1.137678367691869,
        "kurtosis_excess": 2.3128140994049584,
        "delta_mean_median": 0.1756575940027833
      },
      "d_l": {
        "n": 125,
        "nan_frac": 0.0,
        "mean": -0.7098527773115784,
        "median": 0.0,
        "std": 1.71652658133847,
        "iqr": 2.0024852454662323,
        "mad": 0.674490749835968,
        "mad_sigma": 0.9999999857068061,
        "skewness": -1.2890285275858715,
        "kurtosis_excess": 0.4881911804426906,
        "delta_mean_median": -0.7098527773115784
      },
      "d_s": {
        "n": 125,
        "nan_frac": 0.0,
        "mean": 0.28552859094552696,
        "median": 0.0,
        "std": 1.2159985631354433,
        "iqr": 1.462348461151123,
        "mad": 0.674490749835968,
        "mad_sigma": 0.9999999857068061,
        "skewness": 1.3718329889652852,
        "kurtosis_excess": 2.019089940096147,
        "delta_mean_median": 0.28552859094552696
      },
      "e_e": {
        "n": 125,
        "nan_frac": 0.0,
        "mean": -0.013179063580930232,
        "median": 0.0,
        "std": 0.9193002112027647,
        "iqr": 1.3461235761642456,
        "mad": 0.6744906902313232,
        "mad_sigma": 0.9999998973369598,
        "skewness": -0.1535178634680511,
        "kurtosis_excess": -0.28533790667464265,
        "delta_mean_median": -0.013179063580930232
      },
      "e_s": {
        "n": 125,
        "nan_frac": 0.0,
        "mean": 1.2398618030585349,
        "median": 0.0,
        "std": 2.4636692290052036,
        "iqr": 3.1089914739131927,
        "mad": 0.674490749835968,
        "mad_sigma": 0.9999999857068061,
        "skewness": 1.1041389454053168,
        "kurtosis_excess": -0.4328585608962996,
        "delta_mean_median": 1.2398618030585349
      },
      "e_m": {
        "n": 125,
        "nan_frac": 0.0,
        "mean": 0.10594556722044944,
        "median": 0.0,
        "std": 1.2755611689321487,
        "iqr": 1.3432337641716003,
        "mad": 0.6744906306266785,
        "mad_sigma": 0.9999998089671135,
        "skewness": 1.8191803080653952,
        "kurtosis_excess": 5.668345199942211,
        "delta_mean_median": 0.10594556722044944
      }
    }
  },
  "entropy_provisional": {},
  "geometry_contract": {
    "policy_version": "standard_invalidity_v1",
    "status": "ok",
    "primary_requires_coords_9d": true,
    "shared_time_grid": {
      "epochs_before_policy": 125,
      "epochs_retained": 125,
      "epochs_dropped": 0,
      "drop_fraction": 0.0,
      "dropped_epoch_indices_preview": [],
      "drop_reason_counts": {
        "mnps_3d_nonfinite_rows": 0,
        "coords_9d_nonfinite_rows_affecting_primary": 0
      }
    },
    "mnps_3d": {
      "finite_row_fraction_before": 1.0,
      "nonfinite_row_count": 0,
      "degenerate_axes": [],
      "all_nan_axes": []
    },
    "coords_9d": {
      "available": true,
      "shape_matches_time_grid": true,
      "finite_row_fraction_before": 1.0,
      "nonfinite_row_count": 0,
      "nonfinite_rows_retained_on_shared_grid": 0,
      "degenerate_axes": [],
      "all_nan_axes": []
    },
    "time_grid": {
      "status": "ok",
      "warnings": [],
      "window_count": 125,
      "finite_window_bounds_fraction": 1.0,
      "dt_source": "window_start",
      "dt_sec_runtime": 4.0,
      "dt_sec_config": 4.0,
      "window_sec_config": 8.0,
      "dt_matches_runtime": true,
      "dt_matches_config_formula": true,
      "window_len_matches_config": true,
      "nonpositive_dt_count": 0,
      "nonpositive_window_len_count": 0,
      "dt_intervals_sec": {
        "n": 124,
        "mean": 4.0,
        "median": 4.0,
        "iqr": 0.0,
        "p95": 4.0,
        "max": 4.0
      },
      "window_lengths_sec": {
        "n": 125,
        "mean": 8.0,
        "median": 8.0,
        "iqr": 0.0,
        "p95": 8.0,
        "max": 8.0
      }
    },