{
  "dataset_id": "ds004511:sub-S201105:ses-01_gambling_run-01",
  "subject": "sub-S201105",
  "session": "ses-01",
  "reliability_axes": {
    "m": 0.4741138705924192,
    "d": 0.5650034449690292,
    "e": 0.6366097950435365
  },
  "reliability_subcoords": {
    "m_a": 0.653226326899355,
    "m_e": 0.5375868207048108,
    "m_o": 0.5746691815451959,
    "d_n": 0.6368227771288402,
    "d_l": 0.5442627460203234,
    "d_s": 0.4960590864832692,
    "e_e": 0.6231301994711084,
    "e_s": 0.5244592531809721,
    "e_m": 0.5549957764084456
  }
}