{
  "dataset_id": "ds004511:sub-S201105:ses-01_gambling_run-01",
  "subject": "sub-S201105",
  "session": "ses-01",
  "coverage": {
    "epochs": 933,
    "seconds": 3732.0
  },
  "artifacts": {
    "methods": [
      "ica"
    ],
    "bad_eeg_channels": [
      "Batt_0",
      "Batt_1",
      "Batt_2",
      "Batt_3",
      "CPP2",
      "CPP4",
      "CPP5",
      "CPP6",
      "Gnd-Ref",
      "Gnd-Ref1",
      "Gnd-Ref2",
      "Gnd-Ref3",
      "I1",
      "I2",
      "Iz",
      "OPO3",
      "OPO4",
      "P9",
      "POO1",
      "Ref",
      "Sync",
      "TPP10",
      "TPP8"
    ],
    "n_bad_eeg_channels": 23,
    "stem_collisions": {}
  },
  "ensemble": {
    "var_by_subcoord": {
      "m_a": 0.00026423981762491167,
      "m_e": 0.0,
      "m_o": 0.0,
      "d_n": 0.0,
      "d_l": 0.0,
      "d_s": 0.0,
      "e_e": 0.0,
      "e_s": 0.0,
      "e_m": 0.0
    },
    "var_mean": 2.9359979736101297e-05,
    "var_max": 0.00026423981762491167
  },
  "reliability": {
    "axes": {
      "m": 0.4741138705924192,
      "d": 0.5650034449690292,
      "e": 0.6366097950435365
    },
    "subcoords": {
      "m_a": 0.653226326899355,
      "m_e": 0.5375868207048108,
      "m_o": 0.5746691815451959,
      "d_n": 0.6368227771288402,
      "d_l": 0.5442627460203234,
      "d_s": 0.4960590864832692,
      "e_e": 0.6231301994711084,
      "e_s": 0.5244592531809721,
      "e_m": 0.5549957764084456
    }
  },
  "dist_summary": {
    "axes": {
      "m": {
        "n": 933,
        "nan_frac": 0.0,
        "mean": 0.11598013806389396,
        "median": 0.05953322350978851,
        "std": 0.6846462816488637,
        "iqr": 0.8825573027133942,
        "mad": 0.43400104343891144,
        "mad_sigma": 0.6434499470025301,
        "skewness": 0.41360451694132677,
        "kurtosis_excess": 0.21756220320628739,
        "delta_mean_median": 0.05644691455410544
      },
      "d": {
        "n": 933,
        "nan_frac": 0.0,
        "mean": 0.4328578615419882,
        "median": 0.0570111945271492,
        "std": 1.2689033029437229,
        "iqr": 1.226126253604889,
        "mad": 0.5446486547589302,
        "mad_sigma": 0.8074960955455899,
        "skewness": 1.8299430132474124,
        "kurtosis_excess": 3.7501633172569857,
        "delta_mean_median": 0.375846667014839
      },
      "e": {
        "n": 933,
        "nan_frac": 0.0,
        "mean": -0.09308622563447472,
        "median": 0.037964653223752975,
        "std": 0.791837971516802,
        "iqr": 0.8363783955574036,
        "mad": 0.410202044993639,
        "mad_sigma": 0.6081655519075692,
        "skewness": -1.6403780624977344,
        "kurtosis_excess": 4.627669634947377,
        "delta_mean_median": -0.1310508788582277
      }
    },
    "subcoords": {
      "m_a": {
        "n": 933,
        "nan_frac": 0.0,
        "mean": 0.017128370185197996,
        "median": 0.005843296647071838,
        "std": 0.962346000802914,
        "iqr": 1.284027099609375,
        "mad": 0.6425055414438248,
        "mad_sigma": 0.9525787157446145,
        "skewness": 0.2282207612384054,
        "kurtosis_excess": 0.541603299338389,
        "delta_mean_median": 0.011285073538126158
      },
      "m_e": {
        "n": 933,
        "nan_frac": 0.0,
        "mean": -0.023713178254170082,
        "median": 0.0,
        "std": 1.0795370145503216,
        "iqr": 1.3711425065994263,
        "mad": 0.674490749835968,
        "mad_sigma": 0.9999999857068061,
        "skewness": -0.5566851640046266,
        "kurtosis_excess": 1.7370215428241433,
        "delta_mean_median": -0.023713178254170082
      },
      "m_o": {
        "n": 933,
        "nan_frac": 0.0,
        "mean": 0.4229122104504673,
        "median": 0.0,
        "std": 1.5853847862175892,
        "iqr": 1.4622938632965088,
        "mad": 0.674490749835968,
        "mad_sigma": 0.9999999857068061,
        "skewness": 1.9473999390991834,
        "kurtosis_excess": 3.9717766908181584,
        "delta_mean_median": 0.4229122104504673
      },
      "d_n": {
        "n": 933,
        "nan_frac": 0.0,
        "mean": 0.5626607025866629,
        "median": 0.0,
        "std": 1.6081877360227048,
        "iqr": 1.6735799312591553,
        "mad": 0.674490749835968,
        "mad_sigma": 0.9999999857068061,
        "skewness": 1.5591812165107966,
        "kurtosis_excess": 2.178513274843432,
        "delta_mean_median": 0.5626607025866629
      },
      "d_l": {
        "n": 933,
        "nan_frac": 0.0,
        "mean": 0.3904142348754557,
        "median": 0.0,
        "std": 1.467207350849386,
        "iqr": 1.4069915413856506,
        "mad": 0.674490749835968,
        "mad_sigma": 0.9999999857068061,
        "skewness": 1.7267208280941204,
        "kurtosis_excess": 3.3753573642369368,
        "delta_mean_median": 0.3904142348754557
      },
      "d_s": {
        "n": 933,
        "nan_frac": 0.0,
        "mean": 0.3253662616469848,
        "median": 0.0,
        "std": 1.2945791643841273,
        "iqr": 1.4261959791183472,
        "mad": 0.674490749835968,
        "mad_sigma": 0.9999999857068061,
        "skewness": 1.6654466433871749,
        "kurtosis_excess": 3.692497289692448,
        "delta_mean_median": 0.3253662616469848
      },
      "e_e": {
        "n": 933,
        "nan_frac": 0.0,
        "mean": -0.07340407954976372,
        "median": 0.0,
        "std": 1.0755410425856677,
        "iqr": 1.3462271094322205,
        "mad": 0.6744906902313232,
        "mad_sigma": 0.9999998973369598,
        "skewness": -0.8943750023509867,
        "kurtosis_excess": 2.3564749931847677,
        "delta_mean_median": -0.07340407954976372
      },
      "e_s": {
        "n": 933,
        "nan_frac": 0.0,
        "mean": -0.13199460202723737,
        "median": 0.0,
        "std": 1.100140393058625,
        "iqr": 1.3600698709487915,
        "mad": 0.674490749835968,
        "mad_sigma": 0.9999999857068061,
        "skewness": -0.4335768432061768,
        "kurtosis_excess": 0.09807686229759494,
        "delta_mean_median": -0.13199460202723737
      },
      "e_m": {
        "n": 933,
        "nan_frac": 0.0,
        "mean": 0.1533592772033861,
        "median": 0.0,
        "std": 1.0958051219308445,
        "iqr": 1.372318148612976,
        "mad": 0.6744906902313232,
        "mad_sigma": 0.9999998973369598,
        "skewness": 0.8145554495126842,
        "kurtosis_excess": 1.208887830724299,
        "delta_mean_median": 0.1533592772033861
      }
    }
  },
  "entropy_provisional": {},
  "geometry_contract": {
    "policy_version": "standard_invalidity_v1",
    "status": "ok",
    "primary_requires_coords_9d": true,
    "shared_time_grid": {
      "epochs_before_policy": 933,
      "epochs_retained": 933,
      "epochs_dropped": 0,
      "drop_fraction": 0.0,
      "dropped_epoch_indices_preview": [],
      "drop_reason_counts": {
        "mnps_3d_nonfinite_rows": 0,
        "coords_9d_nonfinite_rows_affecting_primary": 0
      }
    },
    "mnps_3d": {
      "finite_row_fraction_before": 1.0,
      "nonfinite_row_count": 0,
      "degenerate_axes": [],
      "all_nan_axes": []
    },
    "coords_9d": {
      "available": true,
      "shape_matches_time_grid": true,
      "finite_row_fraction_before": 1.0,
      "nonfinite_row_count": 0,
      "nonfinite_rows_retained_on_shared_grid": 0,
      "degenerate_axes": [],
      "all_nan_axes": []
    },
    "time_grid": {
      "status": "ok",
      "warnings": [],
      "window_count": 933,
      "finite_window_bounds_fraction": 1.0,
      "dt_source": "window_start",
      "dt_sec_runtime": 4.0,
      "dt_sec_config": 4.0,
      "window_sec_config": 8.0,
      "dt_matches_runtime": true,
      "dt_matches_config_formula": true,
      "window_len_matches_config": true,
      "nonpositive_dt_count": 0,
      "nonpositive_window_len_count": 0,
      "dt_intervals_sec": {
        "n": 932,
        "mean": 4.0,
        "median": 4.0,
        "iqr": 0.0,
        "p95": 4.0,
        "max": 4.0
      },