{
  "dataset_id": "ds004511:sub-S200309:ses-01_gambling_run-01",
  "subject": "sub-S200309",
  "session": "ses-01",
  "reliability_axes": {
    "m": 0.7330514940476883,
    "d": 0.768472717488834,
    "e": 0.7380906639446925
  },
  "reliability_subcoords": {
    "m_a": 0.7499510560001077,
    "m_e": 0.7613932441470087,
    "m_o": 0.5335391692847947,
    "d_n": 0.8231159413597844,
    "d_l": 0.7724667392731344,
    "d_s": 0.6141589317645423,
    "e_e": 0.7896029888486165,
    "e_s": 0.7125140880358659,
    "e_m": 0.5990514587279134
  }
}