{
  "dataset_id": "ds004511:sub-S200309:ses-01_gambling_run-01",
  "subject": "sub-S200309",
  "session": "ses-01",
  "coverage": {
    "epochs": 866,
    "seconds": 3464.0
  },
  "artifacts": {
    "methods": [
      "ica"
    ],
    "bad_eeg_channels": [
      "Batt_0",
      "Batt_1",
      "Batt_2",
      "Batt_3",
      "Gnd-Ref",
      "Gnd-Ref1",
      "Gnd-Ref2",
      "Gnd-Ref3",
      "Ref",
      "Sync"
    ],
    "n_bad_eeg_channels": 10,
    "stem_collisions": {}
  },
  "ensemble": {
    "var_by_subcoord": {
      "m_a": 0.0013755777617916465,
      "m_e": 1.391695630536139e-14,
      "m_o": 1.1023579001934267e-14,
      "d_n": 0.0,
      "d_l": 5.359612154586489e-14,
      "d_s": 9.056211997763436e-15,
      "e_e": 3.6657032661049915e-13,
      "e_s": 2.398735507100347e-13,
      "e_m": 0.0
    },
    "var_mean": 0.00015284197360952037,
    "var_max": 0.0013755777617916465
  },
  "reliability": {
    "axes": {
      "m": 0.7330514940476883,
      "d": 0.768472717488834,
      "e": 0.7380906639446925
    },
    "subcoords": {
      "m_a": 0.7499510560001077,
      "m_e": 0.7613932441470087,
      "m_o": 0.5335391692847947,
      "d_n": 0.8231159413597844,
      "d_l": 0.7724667392731344,
      "d_s": 0.6141589317645423,
      "e_e": 0.7896029888486165,
      "e_s": 0.7125140880358659,
      "e_m": 0.5990514587279134
    }
  },
  "dist_summary": {
    "axes": {
      "m": {
        "n": 866,
        "nan_frac": 0.0,
        "mean": -0.10480912684354211,
        "median": 0.00866896053776145,
        "std": 1.0425885285595557,
        "iqr": 1.041132777929306,
        "mad": 0.5197754502296448,
        "mad_sigma": 0.7706190825104713,
        "skewness": -1.6006092616841956,
        "kurtosis_excess": 4.639029928174378,
        "delta_mean_median": -0.11347808738130356
      },
      "d": {
        "n": 866,
        "nan_frac": 0.0,
        "mean": 0.019671805515642307,
        "median": 0.08610713481903076,
        "std": 0.756108845489599,
        "iqr": 0.890644833445549,
        "mad": 0.44086140394210815,
        "mad_sigma": 0.6536211174845695,
        "skewness": -0.3276348585694851,
        "kurtosis_excess": 1.2225512767331166,
        "delta_mean_median": -0.06643532930338845
      },
      "e": {
        "n": 866,
        "nan_frac": 0.0,
        "mean": -0.0022748524743061316,
        "median": 0.016873383428901434,
        "std": 0.8017567881801766,
        "iqr": 0.7609329149127007,
        "mad": 0.3751295208930969,
        "mad_sigma": 0.5561670276761055,
        "skewness": -1.3742364495218164,
        "kurtosis_excess": 7.351361011845892,
        "delta_mean_median": -0.019148235903207564
      }
    },
    "subcoords": {
      "m_a": {
        "n": 866,
        "nan_frac": 0.0,
        "mean": -0.16877605968023765,
        "median": 0.019868237897753716,
        "std": 1.1519837323583126,
        "iqr": 1.188237026333809,
        "mad": 0.5717830955982208,
        "mad_sigma": 0.8477256175339222,
        "skewness": -1.3718080891617381,
        "kurtosis_excess": 3.009645473423145,
        "delta_mean_median": -0.18864429757799137
      },
      "m_e": {
        "n": 866,
        "nan_frac": 0.0,
        "mean": -0.19931270265129047,
        "median": 0.0,
        "std": 1.43929158880913,
        "iqr": 1.3369419872760773,
        "mad": 0.674490749835968,
        "mad_sigma": 0.9999999857068061,
        "skewness": -1.904546950163191,
        "kurtosis_excess": 5.556834107985576,
        "delta_mean_median": -0.19931270265129047
      },
      "m_o": {
        "n": 866,
        "nan_frac": 0.0,
        "mean": 0.0988274725695387,
        "median": 0.0,
        "std": 1.1272293251920154,
        "iqr": 1.388503149151802,
        "mad": 0.674490749835968,
        "mad_sigma": 0.9999999857068061,
        "skewness": 0.17872025714346318,
        "kurtosis_excess": 1.130675518712132,
        "delta_mean_median": 0.0988274725695387
      },
      "d_n": {
        "n": 866,
        "nan_frac": 0.0,
        "mean": 0.2667497189228335,
        "median": 4.684552550315857e-07,
        "std": 1.4065438457899857,
        "iqr": 1.3656517565250397,
        "mad": 0.6744907200336456,
        "mad_sigma": 0.999999941521883,
        "skewness": 1.740148558178252,
        "kurtosis_excess": 4.531994307550508,
        "delta_mean_median": 0.26674925046757847
      },
      "d_l": {
        "n": 866,
        "nan_frac": 0.0,
        "mean": -0.22293289763504515,
        "median": 0.0,
        "std": 1.2693725250590226,
        "iqr": 1.377518817782402,
        "mad": 0.674490749835968,
        "mad_sigma": 0.9999999857068061,
        "skewness": -1.531616319840214,
        "kurtosis_excess": 3.9254854024521144,
        "delta_mean_median": -0.22293289763504515
      },
      "d_s": {
        "n": 866,
        "nan_frac": 0.0,
        "mean": 0.28894641781500036,
        "median": -1.273583620786667e-07,
        "std": 1.4056818026947628,
        "iqr": 1.3779583424329758,
        "mad": 0.674490749835968,
        "mad_sigma": 0.9999999857068061,
        "skewness": 1.9838674796918427,
        "kurtosis_excess": 5.345039599270034,
        "delta_mean_median": 0.28894654517336243
      },
      "e_e": {
        "n": 866,
        "nan_frac": 0.0,
        "mean": -0.20420336221236152,
        "median": 3.344728611409664e-06,
        "std": 1.2831270848191314,
        "iqr": 1.3811526149511337,
        "mad": 0.6744906902313232,
        "mad_sigma": 0.9999998973369598,
        "skewness": -1.60458481011847,
        "kurtosis_excess": 4.758257015537495,
        "delta_mean_median": -0.20420670694097293
      },
      "e_s": {
        "n": 866,
        "nan_frac": 0.0,
        "mean": 0.2702121458687942,
        "median": 5.821348167955875e-07,
        "std": 1.4249626232388874,
        "iqr": 1.3431816399097443,
        "mad": 0.6744907796382904,
        "mad_sigma": 1.0000000298917293,
        "skewness": 1.7262942381596362,
        "kurtosis_excess": 4.320265949953576,
        "delta_mean_median": 0.2702115637339774
      },
      "e_m": {
        "n": 866,
        "nan_frac": 0.0,
        "mean": 0.08763507879745133,
        "median": 1.880689524114132e-07,
        "std": 1.0823332974952489,
        "iqr": 1.3626918494701385,
        "mad": 0.6744907200336456,
        "mad_sigma": 0.999999941521883,
        "skewness": 0.4712218655286698,
        "kurtosis_excess": 0.50204862349183,
        "delta_mean_median": 0.08763489072849892
      }
    }
  },
  "entropy_provisional": {},
  "geometry_contract": {
    "policy_version": "standard_invalidity_v1",
    "status": "ok",
    "primary_requires_coords_9d": true,
    "shared_time_grid": {
      "epochs_before_policy": 866,
      "epochs_retained": 866,
      "epochs_dropped": 0,
      "drop_fraction": 0.0,
      "dropped_epoch_indices_preview": [],
      "drop_reason_counts": {
        "mnps_3d_nonfinite_rows": 0,
        "coords_9d_nonfinite_rows_affecting_primary": 0
      }
    },
    "mnps_3d": {
      "finite_row_fraction_before": 1.0,
      "nonfinite_row_count": 0,
      "degenerate_axes": [],
      "all_nan_axes": []
    },
    "coords_9d": {
      "available": true,
      "shape_matches_time_grid": true,
      "finite_row_fraction_before": 1.0,
      "nonfinite_row_count": 0,
      "nonfinite_rows_retained_on_shared_grid": 0,
      "degenerate_axes": [],
      "all_nan_axes": []
    },
    "time_grid": {
      "status": "ok",
      "warnings": [],
      "window_count": 866,
      "finite_window_bounds_fraction": 1.0,
      "dt_source": "window_start",
      "dt_sec_runtime": 4.0,
      "dt_sec_config": 4.0,
      "window_sec_config": 8.0,
      "dt_matches_runtime": true,
      "dt_matches_config_formula": true,
      "window_len_matches_config": true,
      "nonpositive_dt_count": 0,
      "nonpositive_window_len_count": 0,
      "dt_intervals_sec": {
        "n": 865,
        "mean": 4.0,
        "median": 4.0,
        "iqr": 0.0,
        "p95": 4.0,
        "max": 4.0
      },