{
  "dataset_id": "ds004511:sub-S200212:ses-01_cognitive_control_run-01",
  "subject": "sub-S200212",
  "session": "ses-01",
  "reliability_axes": {
    "m": 0.6825966850584406,
    "d": 0.7068981603232682,
    "e": 0.7763518238163987
  },
  "reliability_subcoords": {
    "m_a": 0.8078186604281755,
    "m_e": 0.775365380492281,
    "m_o": 0.6209360197256376,
    "d_n": 0.8833007808930277,
    "d_l": 0.6345512345134554,
    "d_s": 0.6979137384891116,
    "e_e": 0.8837302122285832,
    "e_s": 0.6170199267946078,
    "e_m": 0.38111708868976574
  }
}