{
  "dataset_id": "ds004511:sub-S200212:ses-01_cognitive_control_run-01",
  "subject": "sub-S200212",
  "session": "ses-01",
  "coverage": {
    "epochs": 254,
    "seconds": 1016.0
  },
  "artifacts": {
    "methods": [
      "ica"
    ],
    "bad_eeg_channels": [
      "Batt_0",
      "Batt_1",
      "Batt_2",
      "Batt_3",
      "Gnd-Ref",
      "Gnd-Ref1",
      "Gnd-Ref2",
      "Gnd-Ref3",
      "Ref",
      "Sync"
    ],
    "n_bad_eeg_channels": 10,
    "stem_collisions": {}
  },
  "ensemble": {
    "var_by_subcoord": {
      "m_a": 0.0014708589296787977,
      "m_e": 1.2943622275342001e-14,
      "m_o": 5.702235965311317e-15,
      "d_n": 0.0,
      "d_l": 3.768674825335716e-13,
      "d_s": 7.732714547349119e-15,
      "e_e": 1.70759988180752e-12,
      "e_s": 2.9276684158571764e-14,
      "e_m": 0.0
    },
    "var_mean": 0.00016342877020210226,
    "var_max": 0.0014708589296787977
  },
  "reliability": {
    "axes": {
      "m": 0.6825966850584406,
      "d": 0.7068981603232682,
      "e": 0.7763518238163987
    },
    "subcoords": {
      "m_a": 0.8078186604281755,
      "m_e": 0.775365380492281,
      "m_o": 0.6209360197256376,
      "d_n": 0.8833007808930277,
      "d_l": 0.6345512345134554,
      "d_s": 0.6979137384891116,
      "e_e": 0.8837302122285832,
      "e_s": 0.6170199267946078,
      "e_m": 0.38111708868976574
    }
  },
  "dist_summary": {
    "axes": {
      "m": {
        "n": 254,
        "nan_frac": 0.0,
        "mean": -0.13608951119185375,
        "median": -0.001273569418117404,
        "std": 0.7647328434478183,
        "iqr": 0.9807670414447784,
        "mad": 0.45467838644981384,
        "mad_sigma": 0.6741061757504939,
        "skewness": -0.7296962704901041,
        "kurtosis_excess": 0.4175346010403538,
        "delta_mean_median": -0.13481594177373635
      },
      "d": {
        "n": 254,
        "nan_frac": 0.0,
        "mean": -0.039787046701141346,
        "median": 0.06836092099547386,
        "std": 0.8105758934005496,
        "iqr": 0.8557176440954208,
        "mad": 0.4267251193523407,
        "mad_sigma": 0.6326626619517803,
        "skewness": -1.1311339163794554,
        "kurtosis_excess": 3.1230980480069777,
        "delta_mean_median": -0.10814796769661521
      },
      "e": {
        "n": 254,
        "nan_frac": 0.0,
        "mean": -0.028559653239698685,
        "median": 0.05057762376964092,
        "std": 0.9320110580515585,
        "iqr": 1.17842136323452,
        "mad": 0.5588634181767702,
        "mad_sigma": 0.8285709037888794,
        "skewness": 0.013525279367930503,
        "kurtosis_excess": 0.2342166904044216,
        "delta_mean_median": -0.0791372770093396
      }
    },
    "subcoords": {
      "m_a": {
        "n": 254,
        "nan_frac": 0.0,
        "mean": -0.25670898924985036,
        "median": 0.03803458996117115,
        "std": 1.1544493079048133,
        "iqr": 1.2177655845880508,
        "mad": 0.5719572305679321,
        "mad_sigma": 0.8479837900400161,
        "skewness": -1.3515647447162058,
        "kurtosis_excess": 1.958558348207534,
        "delta_mean_median": -0.2947435792110215
      },
      "m_e": {
        "n": 254,
        "nan_frac": 0.0,
        "mean": -0.19688543353383758,
        "median": -2.8242357075214386e-07,
        "std": 0.9987676209924324,
        "iqr": 1.4644237160682678,
        "mad": 0.6744910322595388,
        "mad_sigma": 1.0000004044279922,
        "skewness": -0.5786173827790961,
        "kurtosis_excess": -0.5900329632038406,
        "delta_mean_median": -0.19688515111026683
      },
      "m_o": {
        "n": 254,
        "nan_frac": 0.0,
        "mean": 0.10440346371431974,
        "median": -2.2636959329247475e-07,
        "std": 1.151507485526155,
        "iqr": 1.3464973419904709,
        "mad": 0.6744910060078837,
        "mad_sigma": 1.0000003655072882,
        "skewness": 0.9401341834409227,
        "kurtosis_excess": 2.114263336128187,
        "delta_mean_median": 0.10440369008391304
      },
      "d_n": {
        "n": 254,
        "nan_frac": 0.0,
        "mean": 0.1968634337238146,
        "median": 0.0,
        "std": 0.927641404270144,
        "iqr": 1.4332641810178757,
        "mad": 0.674490749835968,
        "mad_sigma": 0.9999999857068061,
        "skewness": 0.6197407614069301,
        "kurtosis_excess": -0.4914527312321484,
        "delta_mean_median": 0.1968634337238146
      },
      "d_l": {
        "n": 254,
        "nan_frac": 0.0,
        "mean": -0.3248284908513883,
        "median": 0.0,
        "std": 1.430395406555999,
        "iqr": 1.360042229294777,
        "mad": 0.6744907200336456,
        "mad_sigma": 0.999999941521883,
        "skewness": -2.003636489334153,
        "kurtosis_excess": 4.6113223137527,
        "delta_mean_median": -0.3248284908513883
      },
      "d_s": {
        "n": 254,
        "nan_frac": 0.0,
        "mean": 0.3723870050455407,
        "median": 0.0,
        "std": 1.4516907424243932,
        "iqr": 1.434789091348648,
        "mad": 0.674490749835968,
        "mad_sigma": 0.9999999857068061,
        "skewness": 1.4412780128801739,
        "kurtosis_excess": 1.996964533141929,
        "delta_mean_median": 0.3723870050455407
      },
      "e_e": {
        "n": 254,
        "nan_frac": 0.0,
        "mean": -0.3030707185325308,
        "median": 0.0,
        "std": 1.059801877103193,
        "iqr": 1.6474917382001877,
        "mad": 0.6744906902313232,
        "mad_sigma": 0.9999998973369598,
        "skewness": -0.6650107550360732,
        "kurtosis_excess": -0.4829610713521806,
        "delta_mean_median": -0.3030707185325308
      },
      "e_s": {
        "n": 254,
        "nan_frac": 0.0,
        "mean": 0.3468329571783323,
        "median": 6.592599675059319e-07,
        "std": 1.5665003040679129,
        "iqr": 1.3541804552078247,
        "mad": 0.6744907200336456,
        "mad_sigma": 0.999999941521883,
        "skewness": 1.8338532840667696,
        "kurtosis_excess": 3.826716531513771,
        "delta_mean_median": 0.3468322979183648
      },
      "e_m": {
        "n": 254,
        "nan_frac": 0.0,
        "mean": -0.008859840468054374,
        "median": 2.3274333216249943e-07,
        "std": 1.0911843013660936,
        "iqr": 1.312856286764145,
        "mad": 0.6744904574879911,
        "mad_sigma": 0.9999995522716956,
        "skewness": 0.7695112256655692,
        "kurtosis_excess": 3.0918753385743143,
        "delta_mean_median": -0.008860073211386536
      }
    }
  },
  "entropy_provisional": {},
  "geometry_contract": {
    "policy_version": "standard_invalidity_v1",
    "status": "ok",
    "primary_requires_coords_9d": true,
    "shared_time_grid": {
      "epochs_before_policy": 254,
      "epochs_retained": 254,
      "epochs_dropped": 0,
      "drop_fraction": 0.0,
      "dropped_epoch_indices_preview": [],
      "drop_reason_counts": {
        "mnps_3d_nonfinite_rows": 0,
        "coords_9d_nonfinite_rows_affecting_primary": 0
      }
    },
    "mnps_3d": {
      "finite_row_fraction_before": 1.0,
      "nonfinite_row_count": 0,
      "degenerate_axes": [],
      "all_nan_axes": []
    },
    "coords_9d": {
      "available": true,
      "shape_matches_time_grid": true,
      "finite_row_fraction_before": 1.0,
      "nonfinite_row_count": 0,
      "nonfinite_rows_retained_on_shared_grid": 0,
      "degenerate_axes": [],
      "all_nan_axes": []
    },
    "time_grid": {
      "status": "ok",
      "warnings": [],
      "window_count": 254,
      "finite_window_bounds_fraction": 1.0,
      "dt_source": "window_start",
      "dt_sec_runtime": 4.0,
      "dt_sec_config": 4.0,
      "window_sec_config": 8.0,
      "dt_matches_runtime": true,
      "dt_matches_config_formula": true,
      "window_len_matches_config": true,
      "nonpositive_dt_count": 0,
      "nonpositive_window_len_count": 0,
      "dt_intervals_sec": {
        "n": 253,
        "mean": 4.0,
        "median": 4.0,
        "iqr": 0.0,
        "p95": 4.0,
        "max": 4.0
      },