{
  "dataset_id": "ds004511:sub-S210208:ses-01_cognitive_control_run-01",
  "subject": "sub-S210208",
  "session": "ses-01",
  "reliability_axes": {
    "m": 0.549081962626981,
    "d": 0.7647881893887917,
    "e": 0.7406924273102364
  },
  "reliability_subcoords": {
    "m_a": 0.6978208984231946,
    "m_e": 0.6654032781552653,
    "m_o": 0.5892203319028181,
    "d_n": 0.8087114707128187,
    "d_l": 0.6359032349876939,
    "d_s": 0.5454329801683216,
    "e_e": 0.738347409891531,
    "e_s": 0.6716636298021329,
    "e_m": 0.6380208176666908
  }
}