{
  "dataset_id": "ds004511:sub-S210208:ses-01_cognitive_control_run-01",
  "subject": "sub-S210208",
  "session": "ses-01",
  "coverage": {
    "epochs": 251,
    "seconds": 1004.0
  },
  "artifacts": {
    "methods": [
      "ica"
    ],
    "bad_eeg_channels": [
      "Batt_0",
      "Batt_1",
      "Batt_2",
      "Batt_3",
      "Gnd-Ref",
      "Gnd-Ref1",
      "Gnd-Ref2",
      "Gnd-Ref3",
      "Ref",
      "Sync"
    ],
    "n_bad_eeg_channels": 10,
    "stem_collisions": {}
  },
  "ensemble": {
    "var_by_subcoord": {
      "m_a": 0.0016187219880521297,
      "m_e": 0.0,
      "m_o": 0.0,
      "d_n": 0.0,
      "d_l": 0.0,
      "d_s": 0.0,
      "e_e": 0.0,
      "e_s": 0.0,
      "e_m": 0.0
    },
    "var_mean": 0.00017985799867245887,
    "var_max": 0.0016187219880521297
  },
  "reliability": {
    "axes": {
      "m": 0.549081962626981,
      "d": 0.7647881893887917,
      "e": 0.7406924273102364
    },
    "subcoords": {
      "m_a": 0.6978208984231946,
      "m_e": 0.6654032781552653,
      "m_o": 0.5892203319028181,
      "d_n": 0.8087114707128187,
      "d_l": 0.6359032349876939,
      "d_s": 0.5454329801683216,
      "e_e": 0.738347409891531,
      "e_s": 0.6716636298021329,
      "e_m": 0.6380208176666908
    }
  },
  "dist_summary": {
    "axes": {
      "m": {
        "n": 251,
        "nan_frac": 0.0,
        "mean": -0.0531885678800142,
        "median": -0.00548084732145071,
        "std": 0.8581564543916536,
        "iqr": 0.88949154317379,
        "mad": 0.4418695056810975,
        "mad_sigma": 0.6551157291227951,
        "skewness": -0.8564250346984381,
        "kurtosis_excess": 2.9545338072332967,
        "delta_mean_median": -0.04770772055856349
      },
      "d": {
        "n": 251,
        "nan_frac": 0.0,
        "mean": 0.09779344992600826,
        "median": -0.013436585664749146,
        "std": 0.8733513817184618,
        "iqr": 1.0613776445388794,
        "mad": 0.5065894424915314,
        "mad_sigma": 0.7510695074379443,
        "skewness": 1.1093262412073057,
        "kurtosis_excess": 2.20522492317168,
        "delta_mean_median": 0.1112300355907574
      },
      "e": {
        "n": 251,
        "nan_frac": 0.0,
        "mean": 0.003717804503853459,
        "median": 0.10821918398141861,
        "std": 0.7928912949407303,
        "iqr": 0.9478963166475296,
        "mad": 0.4665389731526375,
        "mad_sigma": 0.6916906815961003,
        "skewness": -0.8095171264866938,
        "kurtosis_excess": 2.0519728379198607,
        "delta_mean_median": -0.10450137947756515
      }
    },
    "subcoords": {
      "m_a": {
        "n": 251,
        "nan_frac": 0.0,
        "mean": -0.18332380750977187,
        "median": 0.034502603113651276,
        "std": 1.1599553805746154,
        "iqr": 1.1528521478176117,
        "mad": 0.5833170190453529,
        "mad_sigma": 0.8648258124366403,
        "skewness": -1.8726034844500121,
        "kurtosis_excess": 5.315896507980382,
        "delta_mean_median": -0.21782641062342314
      },
      "m_e": {
        "n": 251,
        "nan_frac": 0.0,
        "mean": -0.18034635854150313,
        "median": 0.0,
        "std": 1.3590169848286948,
        "iqr": 1.3365235924720764,
        "mad": 0.674490749835968,
        "mad_sigma": 0.9999999857068061,
        "skewness": -1.338999729349726,
        "kurtosis_excess": 3.4500401815904933,
        "delta_mean_median": -0.18034635854150313
      },
      "m_o": {
        "n": 251,
        "nan_frac": 0.0,
        "mean": 0.281523961315963,
        "median": 0.0,
        "std": 1.3579407727857904,
        "iqr": 1.469745397567749,
        "mad": 0.674490749835968,
        "mad_sigma": 0.9999999857068061,
        "skewness": 1.8444393568643436,
        "kurtosis_excess": 4.873926890796898,
        "delta_mean_median": 0.281523961315963
      },
      "d_n": {
        "n": 251,
        "nan_frac": 0.0,
        "mean": 0.40183982793872514,
        "median": 0.0,
        "std": 1.7378416094741465,
        "iqr": 1.338898926973343,
        "mad": 0.674490749835968,
        "mad_sigma": 0.9999999857068061,
        "skewness": 1.8090030173806926,
        "kurtosis_excess": 3.1933860907478016,
        "delta_mean_median": 0.40183982793872514
      },
      "d_l": {
        "n": 251,
        "nan_frac": 0.0,
        "mean": -0.10787356399886489,
        "median": 0.0,
        "std": 1.1994188205193577,
        "iqr": 1.3391386568546295,
        "mad": 0.674490749835968,
        "mad_sigma": 0.9999999857068061,
        "skewness": -1.1797224000172988,
        "kurtosis_excess": 4.481245804703223,
        "delta_mean_median": -0.10787356399886489
      },
      "d_s": {
        "n": 251,
        "nan_frac": 0.0,
        "mean": 0.15716398501930112,
        "median": 0.0,
        "std": 1.0327436961537215,
        "iqr": 1.3499778509140015,
        "mad": 0.674490749835968,
        "mad_sigma": 0.9999999857068061,
        "skewness": 0.6353975508049371,
        "kurtosis_excess": 0.29189355692397445,
        "delta_mean_median": 0.15716398501930112
      },
      "e_e": {
        "n": 251,
        "nan_frac": 0.0,
        "mean": -0.08421524103630734,
        "median": 0.0,
        "std": 1.065399939200973,
        "iqr": 1.336921602487564,
        "mad": 0.6744906902313232,
        "mad_sigma": 0.9999998973369598,
        "skewness": -0.8844380089467097,
        "kurtosis_excess": 1.9768941779539668,
        "delta_mean_median": -0.08421524103630734
      },
      "e_s": {
        "n": 251,
        "nan_frac": 0.0,
        "mean": 0.11369688711240443,
        "median": 0.0,
        "std": 1.3057896919264276,
        "iqr": 1.4524699449539185,
        "mad": 0.674490749835968,
        "mad_sigma": 0.9999999857068061,
        "skewness": 0.6357346779117248,
        "kurtosis_excess": 3.966916079565663,
        "delta_mean_median": 0.11369688711240443
      },
      "e_m": {
        "n": 251,
        "nan_frac": 0.0,
        "mean": 0.22225323617546466,
        "median": 0.0,
        "std": 1.0759961931586757,
        "iqr": 1.4002310633659363,
        "mad": 0.674490749835968,
        "mad_sigma": 0.9999999857068061,
        "skewness": 0.6094967921423112,
        "kurtosis_excess": 0.15026186622949078,
        "delta_mean_median": 0.22225323617546466
      }
    }
  },
  "entropy_provisional": {},
  "geometry_contract": {
    "policy_version": "standard_invalidity_v1",
    "status": "ok",
    "primary_requires_coords_9d": true,
    "shared_time_grid": {
      "epochs_before_policy": 251,
      "epochs_retained": 251,
      "epochs_dropped": 0,
      "drop_fraction": 0.0,
      "dropped_epoch_indices_preview": [],
      "drop_reason_counts": {
        "mnps_3d_nonfinite_rows": 0,
        "coords_9d_nonfinite_rows_affecting_primary": 0
      }
    },
    "mnps_3d": {
      "finite_row_fraction_before": 1.0,
      "nonfinite_row_count": 0,
      "degenerate_axes": [],
      "all_nan_axes": []
    },
    "coords_9d": {
      "available": true,
      "shape_matches_time_grid": true,
      "finite_row_fraction_before": 1.0,
      "nonfinite_row_count": 0,
      "nonfinite_rows_retained_on_shared_grid": 0,
      "degenerate_axes": [],
      "all_nan_axes": []
    },
    "time_grid": {
      "status": "ok",
      "warnings": [],
      "window_count": 251,
      "finite_window_bounds_fraction": 1.0,
      "dt_source": "window_start",
      "dt_sec_runtime": 4.0,
      "dt_sec_config": 4.0,
      "window_sec_config": 8.0,
      "dt_matches_runtime": true,
      "dt_matches_config_formula": true,
      "window_len_matches_config": true,
      "nonpositive_dt_count": 0,
      "nonpositive_window_len_count": 0,
      "dt_intervals_sec": {
        "n": 250,
        "mean": 4.0,
        "median": 4.0,
        "iqr": 0.0,
        "p95": 4.0,
        "max": 4.0
      },
      "window_lengths_sec": {
        "n": 251,
        "mean": 8.0,
        "median": 8.0,
        "iqr": 0.0,
        "p95": 8.0,
        "max": 8.0
      }
    },