{
  "dataset_id": "ds004511:sub-S200120:ses-01_gambling_run-01",
  "subject": "sub-S200120",
  "session": "ses-01",
  "reliability_axes": {
    "m": 0.4672004568202044,
    "d": 0.6715223104676394,
    "e": 0.5602349514474424
  },
  "reliability_subcoords": {
    "m_a": 0.522831010507094,
    "m_e": 0.5023269792688468,
    "m_o": 0.5081964811743643,
    "d_n": 0.6891879435066615,
    "d_l": 0.5909094158162267,
    "d_s": 0.5100121828125813,
    "e_e": 0.7160324013055952,
    "e_s": 0.5377049021694968,
    "e_m": 0.5638226853953509
  }
}