{
  "dataset_id": "ds004511:sub-S200120:ses-01_gambling_run-01",
  "subject": "sub-S200120",
  "session": "ses-01",
  "coverage": {
    "epochs": 896,
    "seconds": 3584.0
  },
  "artifacts": {
    "methods": [
      "ica"
    ],
    "bad_eeg_channels": [
      "Batt_0",
      "Batt_1",
      "Batt_2",
      "Batt_3",
      "Gnd-Ref",
      "Gnd-Ref1",
      "Gnd-Ref2",
      "Gnd-Ref3",
      "I1",
      "OPO3",
      "Ref",
      "Sync"
    ],
    "n_bad_eeg_channels": 12,
    "stem_collisions": {}
  },
  "ensemble": {
    "var_by_subcoord": {
      "m_a": 0.00015857481048442423,
      "m_e": 4.0221833838820914e-15,
      "m_o": 4.726025411403052e-15,
      "d_n": 1.4423771693087423e-14,
      "d_l": 7.636701329898771e-14,
      "d_s": 2.4901309635024784e-15,
      "e_e": 1.4523294676258014e-13,
      "e_s": 1.957803222926019e-13,
      "e_m": 0.0
    },
    "var_mean": 1.761942343638518e-05,
    "var_max": 0.00015857481048442423
  },
  "reliability": {
    "axes": {
      "m": 0.4672004568202044,
      "d": 0.6715223104676394,
      "e": 0.5602349514474424
    },
    "subcoords": {
      "m_a": 0.522831010507094,
      "m_e": 0.5023269792688468,
      "m_o": 0.5081964811743643,
      "d_n": 0.6891879435066615,
      "d_l": 0.5909094158162267,
      "d_s": 0.5100121828125813,
      "e_e": 0.7160324013055952,
      "e_s": 0.5377049021694968,
      "e_m": 0.5638226853953509
    }
  },
  "dist_summary": {
    "axes": {
      "m": {
        "n": 896,
        "nan_frac": 0.0,
        "mean": -0.06836392978152617,
        "median": -0.0008715381845831871,
        "std": 0.8594779155947846,
        "iqr": 1.0687695890665054,
        "mad": 0.5314453542232513,
        "mad_sigma": 0.7879208821713924,
        "skewness": -0.5418139887463741,
        "kurtosis_excess": 0.8289932534143216,
        "delta_mean_median": -0.06749239159694298
      },
      "d": {
        "n": 896,
        "nan_frac": 0.0,
        "mean": 0.13310750713839883,
        "median": 0.04012225195765495,
        "std": 0.7752713251030912,
        "iqr": 1.00208880007267,
        "mad": 0.4866317957639694,
        "mad_sigma": 0.721480300399661,
        "skewness": 0.34369721413241155,
        "kurtosis_excess": 0.9525513680304032,
        "delta_mean_median": 0.09298525518074388
      },
      "e": {
        "n": 896,
        "nan_frac": 0.0,
        "mean": 0.1008333758272134,
        "median": 0.06970766931772232,
        "std": 0.6184294062935257,
        "iqr": 0.7160623446106911,
        "mad": 0.3578777015209198,
        "mad_sigma": 0.5305894802749157,
        "skewness": 0.7881819237453428,
        "kurtosis_excess": 2.482447500748826,
        "delta_mean_median": 0.031125706509491077
      }
    },
    "subcoords": {
      "m_a": {
        "n": 896,
        "nan_frac": 0.0,
        "mean": -0.1266815529421105,
        "median": -0.0033897394314408302,
        "std": 1.0625169786634108,
        "iqr": 1.27830770611763,
        "mad": 0.6299260854721069,
        "mad_sigma": 0.9339284143209456,
        "skewness": -1.0449329829370608,
        "kurtosis_excess": 2.842756166352993,
        "delta_mean_median": -0.12329181351066967
      },
      "m_e": {
        "n": 896,
        "nan_frac": 0.0,
        "mean": -0.11720388549552549,
        "median": 0.0,
        "std": 1.124796458581624,
        "iqr": 1.3452911525964737,
        "mad": 0.6744907200336456,
        "mad_sigma": 0.999999941521883,
        "skewness": -0.8720599072003828,
        "kurtosis_excess": 1.7790941655676278,
        "delta_mean_median": -0.11720388549552549
      },
      "m_o": {
        "n": 896,
        "nan_frac": 0.0,
        "mean": 0.07167807549818203,
        "median": 0.0,
        "std": 1.1541672074355374,
        "iqr": 1.34077587723732,
        "mad": 0.6744907796382904,
        "mad_sigma": 1.0000000298917293,
        "skewness": 0.6386664832557909,
        "kurtosis_excess": 1.4543215855579286,
        "delta_mean_median": 0.07167807549818203
      },
      "d_n": {
        "n": 896,
        "nan_frac": 0.0,
        "mean": 0.28800792541161563,
        "median": 0.0,
        "std": 1.220548937855939,
        "iqr": 1.445133924484253,
        "mad": 0.6744907796382904,
        "mad_sigma": 1.0000000298917293,
        "skewness": 1.1599506332386704,
        "kurtosis_excess": 1.6802359085211913,
        "delta_mean_median": 0.28800792541161563
      },
      "d_l": {
        "n": 896,
        "nan_frac": 0.0,
        "mean": -0.028999483108106818,
        "median": 4.718312993645668e-07,
        "std": 1.0636374460775713,
        "iqr": 1.3521808236837387,
        "mad": 0.6744907200336456,
        "mad_sigma": 0.999999941521883,
        "skewness": -0.5319904194210848,
        "kurtosis_excess": 1.3318075151126383,
        "delta_mean_median": -0.028999954939406183
      },
      "d_s": {
        "n": 896,
        "nan_frac": 0.0,
        "mean": 0.3312414982775798,
        "median": 0.0,
        "std": 1.3882421808183933,
        "iqr": 1.4167851656675339,
        "mad": 0.6744907796382904,
        "mad_sigma": 1.0000000298917293,
        "skewness": 1.6227872788430537,
        "kurtosis_excess": 3.4960623973738114,
        "delta_mean_median": 0.3312414982775798
      },
      "e_e": {
        "n": 896,
        "nan_frac": 0.0,
        "mean": 0.004380930219537861,
        "median": 0.0,
        "std": 1.0322820796509007,
        "iqr": 1.3519317507743835,
        "mad": 0.6744906902313232,
        "mad_sigma": 0.9999998973369598,
        "skewness": -0.015999953056368525,
        "kurtosis_excess": 0.2364499095488939,
        "delta_mean_median": 0.004380930219537861
      },
      "e_s": {
        "n": 896,
        "nan_frac": 0.0,
        "mean": 0.2314420788048405,
        "median": -5.405163392424583e-07,
        "std": 1.315606304905492,
        "iqr": 1.3940777629613876,
        "mad": 0.674490749835968,
        "mad_sigma": 0.9999999857068061,
        "skewness": 1.6973278584971856,
        "kurtosis_excess": 4.68205767044753,
        "delta_mean_median": 0.23144261932117974
      },
      "e_m": {
        "n": 896,
        "nan_frac": 0.0,
        "mean": 0.1344064565089736,
        "median": 1.1074007488787174e-07,
        "std": 1.1768185934090147,
        "iqr": 1.3792393952608109,
        "mad": 0.674490749835968,
        "mad_sigma": 0.9999999857068061,
        "skewness": 1.19329928353557,
        "kurtosis_excess": 3.7277606389918327,
        "delta_mean_median": 0.1344063457688987
      }
    }
  },
  "entropy_provisional": {},
  "geometry_contract": {
    "policy_version": "standard_invalidity_v1",
    "status": "ok",
    "primary_requires_coords_9d": true,
    "shared_time_grid": {
      "epochs_before_policy": 896,
      "epochs_retained": 896,
      "epochs_dropped": 0,
      "drop_fraction": 0.0,
      "dropped_epoch_indices_preview": [],
      "drop_reason_counts": {
        "mnps_3d_nonfinite_rows": 0,
        "coords_9d_nonfinite_rows_affecting_primary": 0
      }
    },
    "mnps_3d": {
      "finite_row_fraction_before": 1.0,
      "nonfinite_row_count": 0,
      "degenerate_axes": [],
      "all_nan_axes": []
    },
    "coords_9d": {
      "available": true,
      "shape_matches_time_grid": true,
      "finite_row_fraction_before": 1.0,
      "nonfinite_row_count": 0,
      "nonfinite_rows_retained_on_shared_grid": 0,
      "degenerate_axes": [],
      "all_nan_axes": []
    },
    "time_grid": {
      "status": "ok",
      "warnings": [],
      "window_count": 896,
      "finite_window_bounds_fraction": 1.0,
      "dt_source": "window_start",
      "dt_sec_runtime": 4.0,
      "dt_sec_config": 4.0,
      "window_sec_config": 8.0,
      "dt_matches_runtime": true,
      "dt_matches_config_formula": true,
      "window_len_matches_config": true,
      "nonpositive_dt_count": 0,
      "nonpositive_window_len_count": 0,
      "dt_intervals_sec": {
        "n": 895,
        "mean": 4.0,
        "median": 4.0,
        "iqr": 0.0,
        "p95": 4.0,