{
  "dataset_id": "ds004511:sub-S201210:ses-01_cognitive_control_run-01",
  "subject": "sub-S201210",
  "session": "ses-01",
  "reliability_axes": {
    "m": 0.6963222306120154,
    "d": 0.7063081837179825,
    "e": 0.560791886058884
  },
  "reliability_subcoords": {
    "m_a": 0.829361838497705,
    "m_e": 0.7625790416847071,
    "m_o": 0.7647284582493404,
    "d_n": 0.8654881145312684,
    "d_l": 0.7236448612346087,
    "d_s": 0.6923386767674304,
    "e_e": 0.6659232236475765,
    "e_s": 0.6857328197108901,
    "e_m": 0.6536630228518545
  }
}