{
  "dataset_id": "ds004511:sub-S201210:ses-01_cognitive_control_run-01",
  "subject": "sub-S201210",
  "session": "ses-01",
  "coverage": {
    "epochs": 273,
    "seconds": 1092.0
  },
  "artifacts": {
    "methods": [
      "ica"
    ],
    "bad_eeg_channels": [
      "Batt_0",
      "Batt_1",
      "Batt_2",
      "Batt_3",
      "Gnd-Ref",
      "Gnd-Ref1",
      "Gnd-Ref2",
      "Gnd-Ref3",
      "Ref",
      "Sync"
    ],
    "n_bad_eeg_channels": 10,
    "stem_collisions": {}
  },
  "ensemble": {
    "var_by_subcoord": {
      "m_a": 0.0004472364380490035,
      "m_e": 0.0,
      "m_o": 0.0,
      "d_n": 0.0,
      "d_l": 0.0,
      "d_s": 0.0,
      "e_e": 0.0,
      "e_s": 0.0,
      "e_m": 0.0
    },
    "var_mean": 4.9692937561000385e-05,
    "var_max": 0.0004472364380490035
  },
  "reliability": {
    "axes": {
      "m": 0.6963222306120154,
      "d": 0.7063081837179825,
      "e": 0.560791886058884
    },
    "subcoords": {
      "m_a": 0.829361838497705,
      "m_e": 0.7625790416847071,
      "m_o": 0.7647284582493404,
      "d_n": 0.8654881145312684,
      "d_l": 0.7236448612346087,
      "d_s": 0.6923386767674304,
      "e_e": 0.6659232236475765,
      "e_s": 0.6857328197108901,
      "e_m": 0.6536630228518545
    }
  },
  "dist_summary": {
    "axes": {
      "m": {
        "n": 273,
        "nan_frac": 0.0,
        "mean": -0.047610694716510533,
        "median": -0.08092793077230453,
        "std": 0.761071819702244,
        "iqr": 0.8874469101428986,
        "mad": 0.44235434383153915,
        "mad_sigma": 0.6558345501646399,
        "skewness": 0.20795388315758861,
        "kurtosis_excess": 0.504144027643525,
        "delta_mean_median": 0.033317236055794
      },
      "d": {
        "n": 273,
        "nan_frac": 0.0,
        "mean": -0.19864130672493835,
        "median": 0.06697873771190643,
        "std": 0.8984441501463624,
        "iqr": 0.9194972217082977,
        "mad": 0.43479736149311066,
        "mad_sigma": 0.6446305681496858,
        "skewness": -1.2126233663671602,
        "kurtosis_excess": 1.3642129005976233,
        "delta_mean_median": -0.2656200444368448
      },
      "e": {
        "n": 273,
        "nan_frac": 0.0,
        "mean": 0.30669962108176163,
        "median": 0.1522035449743271,
        "std": 0.8975057049082021,
        "iqr": 0.9807946085929871,
        "mad": 0.45950712263584137,
        "mad_sigma": 0.6812652600198984,
        "skewness": 0.9959901201903175,
        "kurtosis_excess": 1.0486355758045942,
        "delta_mean_median": 0.15449607610743454
      }
    },
    "subcoords": {
      "m_a": {
        "n": 273,
        "nan_frac": 0.0,
        "mean": -0.11326665594327799,
        "median": -0.037807732820510864,
        "std": 1.0807573289080534,
        "iqr": 1.1482881307601929,
        "mad": 0.5658434331417084,
        "mad_sigma": 0.8389194739758968,
        "skewness": -0.9881648963645692,
        "kurtosis_excess": 4.552151500251272,
        "delta_mean_median": -0.07545892312276713
      },
      "m_e": {
        "n": 273,
        "nan_frac": 0.0,
        "mean": -0.1074060723927527,
        "median": 0.0,
        "std": 1.0992720595240972,
        "iqr": 1.367023229598999,
        "mad": 0.674490749835968,
        "mad_sigma": 0.9999999857068061,
        "skewness": -0.7500265164408217,
        "kurtosis_excess": 3.1337787710729703,
        "delta_mean_median": -0.1074060723927527
      },
      "m_o": {
        "n": 273,
        "nan_frac": 0.0,
        "mean": 0.11593187328653184,
        "median": 0.0,
        "std": 1.0627119590459593,
        "iqr": 1.3164882063865662,
        "mad": 0.674490749835968,
        "mad_sigma": 0.9999999857068061,
        "skewness": 1.614055943607286,
        "kurtosis_excess": 5.887139079913531,
        "delta_mean_median": 0.11593187328653184
      },
      "d_n": {
        "n": 273,
        "nan_frac": 0.0,
        "mean": -0.07110444838377296,
        "median": 0.0,
        "std": 1.0586657549822147,
        "iqr": 1.4329496026039124,
        "mad": 0.674490749835968,
        "mad_sigma": 0.9999999857068061,
        "skewness": 1.4174563773394113,
        "kurtosis_excess": 6.583037751268963,
        "delta_mean_median": -0.07110444838377296
      },
      "d_l": {
        "n": 273,
        "nan_frac": 0.0,
        "mean": -0.498066012466995,
        "median": 0.0,
        "std": 1.8168460390372105,
        "iqr": 1.6043618321418762,
        "mad": 0.6744908094406128,
        "mad_sigma": 1.0000000740766524,
        "skewness": -1.509002621533491,
        "kurtosis_excess": 1.9846876160422555,
        "delta_mean_median": -0.498066012466995
      },
      "d_s": {
        "n": 273,
        "nan_frac": 0.0,
        "mean": 0.45050093382741957,
        "median": 0.0,
        "std": 1.3736778507997696,
        "iqr": 1.6445680856704712,
        "mad": 0.674490749835968,
        "mad_sigma": 0.9999999857068061,
        "skewness": 1.2970544467468808,
        "kurtosis_excess": 1.297513858722409,
        "delta_mean_median": 0.45050093382741957
      },
      "e_e": {
        "n": 273,
        "nan_frac": 0.0,
        "mean": -0.0070819655017954584,
        "median": 0.0,
        "std": 0.9968734513322622,
        "iqr": 1.3221814036369324,
        "mad": 0.6744906902313232,
        "mad_sigma": 0.9999998973369598,
        "skewness": 0.21736452834858702,
        "kurtosis_excess": -0.2561398054552222,
        "delta_mean_median": -0.0070819655017954584
      },
      "e_s": {
        "n": 273,
        "nan_frac": 0.0,
        "mean": 0.7458063722571064,
        "median": 0.0,
        "std": 2.1056809115821196,
        "iqr": 1.582309603691101,
        "mad": 0.674490749835968,
        "mad_sigma": 0.9999999857068061,
        "skewness": 1.5008768421002585,
        "kurtosis_excess": 1.2614715675695019,
        "delta_mean_median": 0.7458063722571064
      },
      "e_m": {
        "n": 273,
        "nan_frac": 0.0,
        "mean": 0.12230561965425761,
        "median": 0.0,
        "std": 0.9691867920759335,
        "iqr": 1.3085004687309265,
        "mad": 0.674490749835968,
        "mad_sigma": 0.9999999857068061,
        "skewness": 0.2677038265924059,
        "kurtosis_excess": -0.43536211159392213,
        "delta_mean_median": 0.12230561965425761
      }
    }
  },
  "entropy_provisional": {},
  "geometry_contract": {
    "policy_version": "standard_invalidity_v1",
    "status": "ok",
    "primary_requires_coords_9d": true,
    "shared_time_grid": {
      "epochs_before_policy": 273,
      "epochs_retained": 273,
      "epochs_dropped": 0,
      "drop_fraction": 0.0,
      "dropped_epoch_indices_preview": [],
      "drop_reason_counts": {
        "mnps_3d_nonfinite_rows": 0,
        "coords_9d_nonfinite_rows_affecting_primary": 0
      }
    },
    "mnps_3d": {
      "finite_row_fraction_before": 1.0,
      "nonfinite_row_count": 0,
      "degenerate_axes": [],
      "all_nan_axes": []
    },
    "coords_9d": {
      "available": true,
      "shape_matches_time_grid": true,
      "finite_row_fraction_before": 1.0,
      "nonfinite_row_count": 0,
      "nonfinite_rows_retained_on_shared_grid": 0,
      "degenerate_axes": [],
      "all_nan_axes": []
    },
    "time_grid": {
      "status": "ok",
      "warnings": [],
      "window_count": 273,
      "finite_window_bounds_fraction": 1.0,
      "dt_source": "window_start",
      "dt_sec_runtime": 4.0,
      "dt_sec_config": 4.0,
      "window_sec_config": 8.0,
      "dt_matches_runtime": true,
      "dt_matches_config_formula": true,
      "window_len_matches_config": true,
      "nonpositive_dt_count": 0,
      "nonpositive_window_len_count": 0,
      "dt_intervals_sec": {
        "n": 272,
        "mean": 4.0,
        "median": 4.0,
        "iqr": 0.0,
        "p95": 4.0,
        "max": 4.0
      },
      "window_lengths_sec": {
        "n": 273,
        "mean": 8.0,
        "median": 8.0,
        "iqr": 0.0,
        "p95": 8.0,
        "max": 8.0
      }
    },