{
  "dataset_id": "ds004511:sub-S200303:ses-01_cognitive_control_run-01",
  "subject": "sub-S200303",
  "session": "ses-01",
  "reliability_axes": {
    "m": 0.7710169260832035,
    "d": 0.815666934040932,
    "e": 0.6151720103030157
  },
  "reliability_subcoords": {
    "m_a": 0.6747422737451251,
    "m_e": 0.8261095648741087,
    "m_o": 0.7020015984597675,
    "d_n": 0.7027353106833069,
    "d_l": 0.7566908333858258,
    "d_s": 0.7418420735575003,
    "e_e": 0.7092367937408011,
    "e_s": 0.7327284627011271,
    "e_m": 0.7802886800063548
  }
}