{
  "dataset_id": "ds004511:sub-S200303:ses-01_cognitive_control_run-01",
  "subject": "sub-S200303",
  "session": "ses-01",
  "coverage": {
    "epochs": 260,
    "seconds": 1040.0
  },
  "artifacts": {
    "methods": [
      "ica"
    ],
    "bad_eeg_channels": [
      "Batt_0",
      "Batt_1",
      "Batt_2",
      "Batt_3",
      "Gnd-Ref",
      "Gnd-Ref1",
      "Gnd-Ref2",
      "Gnd-Ref3",
      "Ref",
      "Sync"
    ],
    "n_bad_eeg_channels": 10,
    "stem_collisions": {}
  },
  "ensemble": {
    "var_by_subcoord": {
      "m_a": 0.0011877957731485367,
      "m_e": 4.0334650157065714e-15,
      "m_o": 2.1494037018982004e-15,
      "d_n": 0.0,
      "d_l": 0.0,
      "d_s": 1.1325848003117885e-15,
      "e_e": 9.681270542183373e-13,
      "e_s": 2.06509288835921e-13,
      "e_m": 0.0
    },
    "var_mean": 0.00013197730825894314,
    "var_max": 0.0011877957731485367
  },
  "reliability": {
    "axes": {
      "m": 0.7710169260832035,
      "d": 0.815666934040932,
      "e": 0.6151720103030157
    },
    "subcoords": {
      "m_a": 0.6747422737451251,
      "m_e": 0.8261095648741087,
      "m_o": 0.7020015984597675,
      "d_n": 0.7027353106833069,
      "d_l": 0.7566908333858258,
      "d_s": 0.7418420735575003,
      "e_e": 0.7092367937408011,
      "e_s": 0.7327284627011271,
      "e_m": 0.7802886800063548
    }
  },
  "dist_summary": {
    "axes": {
      "m": {
        "n": 260,
        "nan_frac": 0.0,
        "mean": 0.021502842113169697,
        "median": -0.0620244387537241,
        "std": 0.7812714680452738,
        "iqr": 0.9836595356464386,
        "mad": 0.5045609176158905,
        "mad_sigma": 0.7480620164573192,
        "skewness": 0.051194193084208583,
        "kurtosis_excess": 0.06866729634743862,
        "delta_mean_median": 0.08352728086689379
      },
      "d": {
        "n": 260,
        "nan_frac": 0.0,
        "mean": 0.09937263491133658,
        "median": 0.054915862157940865,
        "std": 0.5978618974954285,
        "iqr": 0.7294897809624672,
        "mad": 0.36890058405697346,
        "mad_sigma": 0.5469320059228688,
        "skewness": 1.0462866669963715,
        "kurtosis_excess": 2.0183811014802515,
        "delta_mean_median": 0.04445677275339571
      },
      "e": {
        "n": 260,
        "nan_frac": 0.0,
        "mean": 0.09361928607193896,
        "median": 0.10683983936905861,
        "std": 0.5992365165461632,
        "iqr": 0.7803175002336502,
        "mad": 0.3909624554216862,
        "mad_sigma": 0.5796409364081919,
        "skewness": 0.4009846794845465,
        "kurtosis_excess": 0.8705292688754422,
        "delta_mean_median": -0.013220553297119644
      }
    },
    "subcoords": {
      "m_a": {
        "n": 260,
        "nan_frac": 0.0,
        "mean": -0.14784264307325848,
        "median": -0.01777762919664383,
        "std": 1.300734144136601,
        "iqr": 1.1246494203805923,
        "mad": 0.564626045525074,
        "mad_sigma": 0.8371145750954747,
        "skewness": -1.9883641630204736,
        "kurtosis_excess": 6.772435463765289,
        "delta_mean_median": -0.13006501387661465
      },
      "m_e": {
        "n": 260,
        "nan_frac": 0.0,
        "mean": 0.08248527448696012,
        "median": 0.0,
        "std": 0.8849125223634148,
        "iqr": 1.3340883404016495,
        "mad": 0.6744907796382904,
        "mad_sigma": 1.0000000298917293,
        "skewness": 0.24526961556981508,
        "kurtosis_excess": -0.8227493514944446,
        "delta_mean_median": 0.08248527448696012
      },
      "m_o": {
        "n": 260,
        "nan_frac": 0.0,
        "mean": 0.18028921339875803,
        "median": 0.0,
        "std": 0.9217218758833934,
        "iqr": 1.3267877846956253,
        "mad": 0.674490749835968,
        "mad_sigma": 0.9999999857068061,
        "skewness": 0.7518683834723284,
        "kurtosis_excess": 0.20661164218177497,
        "delta_mean_median": 0.18028921339875803
      },
      "d_n": {
        "n": 260,
        "nan_frac": 0.0,
        "mean": 0.1670353894927897,
        "median": 4.78699803352356e-07,
        "std": 1.6025739801162087,
        "iqr": 1.3806964010000229,
        "mad": 0.674490300938487,
        "mad_sigma": 0.9999993201714008,
        "skewness": 1.6555471764821195,
        "kurtosis_excess": 4.211702949960398,
        "delta_mean_median": 0.16703491079298635
      },
      "d_l": {
        "n": 260,
        "nan_frac": 0.0,
        "mean": -0.014080932811618997,
        "median": 0.0,
        "std": 0.9082746526514989,
        "iqr": 1.3551281094551086,
        "mad": 0.6744907796382904,
        "mad_sigma": 1.0000000298917293,
        "skewness": -0.18656893150960227,
        "kurtosis_excess": -0.5571942568330193,
        "delta_mean_median": -0.014080932811618997
      },
      "d_s": {
        "n": 260,
        "nan_frac": 0.0,
        "mean": 0.3108031572827783,
        "median": 0.0,
        "std": 1.1346191686059262,
        "iqr": 1.569378137588501,
        "mad": 0.6744907200336456,
        "mad_sigma": 0.999999941521883,
        "skewness": 1.4290344855713237,
        "kurtosis_excess": 2.720449899295857,
        "delta_mean_median": 0.3108031572827783
      },
      "e_e": {
        "n": 260,
        "nan_frac": 0.0,
        "mean": 0.05141392305242614,
        "median": -3.273366019129753e-06,
        "std": 1.073887528227257,
        "iqr": 1.316737338900566,
        "mad": 0.6744874168653041,
        "mad_sigma": 0.9999950442444998,
        "skewness": -0.21608621916924012,
        "kurtosis_excess": 0.7051154372351269,
        "delta_mean_median": 0.05141719641844527
      },
      "e_s": {
        "n": 260,
        "nan_frac": 0.0,
        "mean": 0.09706030303540711,
        "median": 0.0,
        "std": 1.0374836362284061,
        "iqr": 1.3867060542106628,
        "mad": 0.6744907200336456,
        "mad_sigma": 0.999999941521883,
        "skewness": 0.580993526326464,
        "kurtosis_excess": 0.7074911873769771,
        "delta_mean_median": 0.09706030303540711
      },
      "e_m": {
        "n": 260,
        "nan_frac": 0.0,
        "mean": 1.218323829300845,
        "median": 0.0,
        "std": 2.1421778424616105,
        "iqr": 3.21389914304018,
        "mad": 0.674490749835968,
        "mad_sigma": 0.9999999857068061,
        "skewness": 1.0720705372863362,
        "kurtosis_excess": -0.24583083077756296,
        "delta_mean_median": 1.218323829300845
      }
    }
  },
  "entropy_provisional": {},
  "geometry_contract": {
    "policy_version": "standard_invalidity_v1",
    "status": "ok",
    "primary_requires_coords_9d": true,
    "shared_time_grid": {
      "epochs_before_policy": 260,
      "epochs_retained": 260,
      "epochs_dropped": 0,
      "drop_fraction": 0.0,
      "dropped_epoch_indices_preview": [],
      "drop_reason_counts": {
        "mnps_3d_nonfinite_rows": 0,
        "coords_9d_nonfinite_rows_affecting_primary": 0
      }
    },
    "mnps_3d": {
      "finite_row_fraction_before": 1.0,
      "nonfinite_row_count": 0,
      "degenerate_axes": [],
      "all_nan_axes": []
    },
    "coords_9d": {
      "available": true,
      "shape_matches_time_grid": true,
      "finite_row_fraction_before": 1.0,
      "nonfinite_row_count": 0,
      "nonfinite_rows_retained_on_shared_grid": 0,
      "degenerate_axes": [],
      "all_nan_axes": []
    },
    "time_grid": {
      "status": "ok",
      "warnings": [],
      "window_count": 260,
      "finite_window_bounds_fraction": 1.0,
      "dt_source": "window_start",
      "dt_sec_runtime": 4.0,
      "dt_sec_config": 4.0,
      "window_sec_config": 8.0,
      "dt_matches_runtime": true,
      "dt_matches_config_formula": true,
      "window_len_matches_config": true,
      "nonpositive_dt_count": 0,
      "nonpositive_window_len_count": 0,
      "dt_intervals_sec": {
        "n": 259,
        "mean": 4.0,
        "median": 4.0,
        "iqr": 0.0,
        "p95": 4.0,
        "max": 4.0
      },
      "window_lengths_sec": {
        "n": 260,