{
  "dataset_id": "ds004511:sub-S200302:ses-01_gambling_run-01",
  "subject": "sub-S200302",
  "session": "ses-01",
  "reliability_axes": {
    "m": 0.5618032857383352,
    "d": 0.6217705665060925,
    "e": 0.5693305928072757
  },
  "reliability_subcoords": {
    "m_a": 0.6050027772679624,
    "m_e": 0.5429587986534696,
    "m_o": 0.4791351662832664,
    "d_n": 0.5785639941137638,
    "d_l": 0.6468855843789414,
    "d_s": 0.39932659598198217,
    "e_e": 0.559018160416469,
    "e_s": 0.6439739846566402,
    "e_m": 0.6407029284051932
  }
}