{
  "dataset_id": "ds004511:sub-S200302:ses-01_gambling_run-01",
  "subject": "sub-S200302",
  "session": "ses-01",
  "coverage": {
    "epochs": 909,
    "seconds": 3636.0
  },
  "artifacts": {
    "methods": [
      "ica"
    ],
    "bad_eeg_channels": [
      "Batt_0",
      "Batt_1",
      "Batt_2",
      "Batt_3",
      "Gnd-Ref",
      "Gnd-Ref1",
      "Gnd-Ref2",
      "Gnd-Ref3",
      "Ref",
      "Sync"
    ],
    "n_bad_eeg_channels": 10,
    "stem_collisions": {}
  },
  "ensemble": {
    "var_by_subcoord": {
      "m_a": 0.0005006019491702318,
      "m_e": 0.0,
      "m_o": 0.0,
      "d_n": 0.0,
      "d_l": 0.0,
      "d_s": 0.0,
      "e_e": 0.0,
      "e_s": 0.0,
      "e_m": 0.0
    },
    "var_mean": 5.5622438796692426e-05,
    "var_max": 0.0005006019491702318
  },
  "reliability": {
    "axes": {
      "m": 0.5618032857383352,
      "d": 0.6217705665060925,
      "e": 0.5693305928072757
    },
    "subcoords": {
      "m_a": 0.6050027772679624,
      "m_e": 0.5429587986534696,
      "m_o": 0.4791351662832664,
      "d_n": 0.5785639941137638,
      "d_l": 0.6468855843789414,
      "d_s": 0.39932659598198217,
      "e_e": 0.559018160416469,
      "e_s": 0.6439739846566402,
      "e_m": 0.6407029284051932
    }
  },
  "dist_summary": {
    "axes": {
      "m": {
        "n": 909,
        "nan_frac": 0.0,
        "mean": -0.09132426256022946,
        "median": -0.033492542803287506,
        "std": 0.9157477268559904,
        "iqr": 1.21812105178833,
        "mad": 0.6025993600487709,
        "mad_sigma": 0.8934138112083077,
        "skewness": -0.5531622369219281,
        "kurtosis_excess": 0.8223244069642219,
        "delta_mean_median": -0.05783171975694196
      },
      "d": {
        "n": 909,
        "nan_frac": 0.0,
        "mean": -0.039298026443333134,
        "median": 0.02253110148012638,
        "std": 0.6342032629136006,
        "iqr": 0.7016169726848602,
        "mad": 0.3515795972198248,
        "mad_sigma": 0.5212519108381122,
        "skewness": -0.9526509683915134,
        "kurtosis_excess": 2.2200890390773402,
        "delta_mean_median": -0.061829127923459515
      },
      "e": {
        "n": 909,
        "nan_frac": 0.0,
        "mean": 0.13669175142710474,
        "median": 0.072500079870224,
        "std": 0.6931211344462893,
        "iqr": 0.7721937298774719,
        "mad": 0.39710116386413574,
        "mad_sigma": 0.5887421855449676,
        "skewness": 1.0581082947442915,
        "kurtosis_excess": 3.1044676446061317,
        "delta_mean_median": 0.06419167155688074
      }
    },
    "subcoords": {
      "m_a": {
        "n": 909,
        "nan_frac": 0.0,
        "mean": -0.2056006753143042,
        "median": 0.01172449067234993,
        "std": 1.0539096810074435,
        "iqr": 1.3440735340118408,
        "mad": 0.6553701348602772,
        "mad_sigma": 0.9716517619438468,
        "skewness": -1.1151078346406345,
        "kurtosis_excess": 2.1796441596638747,
        "delta_mean_median": -0.21732516598665413
      },
      "m_e": {
        "n": 909,
        "nan_frac": 0.0,
        "mean": -0.0886373553274976,
        "median": 0.0,
        "std": 1.0463956694430496,
        "iqr": 1.3521451354026794,
        "mad": 0.674490749835968,
        "mad_sigma": 0.9999999857068061,
        "skewness": -0.6024849199092129,
        "kurtosis_excess": 0.794986895305851,
        "delta_mean_median": -0.0886373553274976
      },
      "m_o": {
        "n": 909,
        "nan_frac": 0.0,
        "mean": 0.0628392536793531,
        "median": 0.0,
        "std": 1.0699608885993772,
        "iqr": 1.3436031341552734,
        "mad": 0.674490749835968,
        "mad_sigma": 0.9999999857068061,
        "skewness": 0.45361172292018914,
        "kurtosis_excess": 0.7402018910246979,
        "delta_mean_median": 0.0628392536793531
      },
      "d_n": {
        "n": 909,
        "nan_frac": 0.0,
        "mean": 0.15539106147673504,
        "median": 0.0,
        "std": 1.2181547116785763,
        "iqr": 1.369283676147461,
        "mad": 0.674490749835968,
        "mad_sigma": 0.9999999857068061,
        "skewness": 1.291341058205017,
        "kurtosis_excess": 3.3114091642673307,
        "delta_mean_median": 0.15539106147673504
      },
      "d_l": {
        "n": 909,
        "nan_frac": 0.0,
        "mean": -0.21464859142313467,
        "median": 0.0,
        "std": 1.196708093591062,
        "iqr": 1.4147568345069885,
        "mad": 0.674490749835968,
        "mad_sigma": 0.9999999857068061,
        "skewness": -1.4902729389224862,
        "kurtosis_excess": 3.71795212548514,
        "delta_mean_median": -0.21464859142313467
      },
      "d_s": {
        "n": 909,
        "nan_frac": 0.0,
        "mean": 0.12656953371555377,
        "median": 0.0,
        "std": 1.0615554881960794,
        "iqr": 1.337186872959137,
        "mad": 0.674490749835968,
        "mad_sigma": 0.9999999857068061,
        "skewness": 0.8171564984951766,
        "kurtosis_excess": 0.8833292104284931,
        "delta_mean_median": 0.12656953371555377
      },
      "e_e": {
        "n": 909,
        "nan_frac": 0.0,
        "mean": -0.04666473171157194,
        "median": 0.0,
        "std": 1.0105265385176647,
        "iqr": 1.3401095271110535,
        "mad": 0.6744906306266785,
        "mad_sigma": 0.9999998089671135,
        "skewness": -0.41323132692464176,
        "kurtosis_excess": 0.805389787722921,
        "delta_mean_median": -0.04666473171157194
      },
      "e_s": {
        "n": 909,
        "nan_frac": 0.0,
        "mean": 0.3871607436649696,
        "median": 0.0,
        "std": 1.4588506361241558,
        "iqr": 1.5708580017089844,
        "mad": 0.674490749835968,
        "mad_sigma": 0.9999999857068061,
        "skewness": 1.813767633580182,
        "kurtosis_excess": 4.091947858734423,
        "delta_mean_median": 0.3871607436649696
      },
      "e_m": {
        "n": 909,
        "nan_frac": 0.0,
        "mean": 0.15543330041640432,
        "median": 0.0,
        "std": 1.1590836838578746,
        "iqr": 1.3476331233978271,
        "mad": 0.6744906306266785,
        "mad_sigma": 0.9999998089671135,
        "skewness": 1.416523322486662,
        "kurtosis_excess": 4.274695263057868,
        "delta_mean_median": 0.15543330041640432
      }
    }
  },
  "entropy_provisional": {},
  "geometry_contract": {
    "policy_version": "standard_invalidity_v1",
    "status": "ok",
    "primary_requires_coords_9d": true,
    "shared_time_grid": {
      "epochs_before_policy": 909,
      "epochs_retained": 909,
      "epochs_dropped": 0,
      "drop_fraction": 0.0,
      "dropped_epoch_indices_preview": [],
      "drop_reason_counts": {
        "mnps_3d_nonfinite_rows": 0,
        "coords_9d_nonfinite_rows_affecting_primary": 0
      }
    },
    "mnps_3d": {
      "finite_row_fraction_before": 1.0,
      "nonfinite_row_count": 0,
      "degenerate_axes": [],
      "all_nan_axes": []
    },
    "coords_9d": {
      "available": true,
      "shape_matches_time_grid": true,
      "finite_row_fraction_before": 1.0,
      "nonfinite_row_count": 0,
      "nonfinite_rows_retained_on_shared_grid": 0,
      "degenerate_axes": [],
      "all_nan_axes": []
    },
    "time_grid": {
      "status": "ok",
      "warnings": [],
      "window_count": 909,
      "finite_window_bounds_fraction": 1.0,
      "dt_source": "window_start",
      "dt_sec_runtime": 4.0,
      "dt_sec_config": 4.0,
      "window_sec_config": 8.0,
      "dt_matches_runtime": true,
      "dt_matches_config_formula": true,
      "window_len_matches_config": true,
      "nonpositive_dt_count": 0,
      "nonpositive_window_len_count": 0,
      "dt_intervals_sec": {
        "n": 908,
        "mean": 4.0,
        "median": 4.0,
        "iqr": 0.0,
        "p95": 4.0,
        "max": 4.0
      },
      "window_lengths_sec": {
        "n": 909,
        "mean": 8.0,
        "median": 8.0,
        "iqr": 0.0,
        "p95": 8.0,
        "max": 8.0
      }
    },