{
  "dataset_id": "ds004511:sub-S200207:ses-01_cognitive_control_run-01",
  "subject": "sub-S200207",
  "session": "ses-01",
  "reliability_axes": {
    "m": 0.7927839661969711,
    "d": 0.7745146921918433,
    "e": 0.6558352645326886
  },
  "reliability_subcoords": {
    "m_a": 0.7544473132453723,
    "m_e": 0.8276927567211484,
    "m_o": 0.5946713184842776,
    "d_n": 0.8377280797060404,
    "d_l": 0.7492216766711085,
    "d_s": 0.4918400212285146,
    "e_e": 0.7159457073238682,
    "e_s": 0.7028009875140581,
    "e_m": 0.624594491444996
  }
}