{
  "dataset_id": "ds004511:sub-S200207:ses-01_cognitive_control_run-01",
  "subject": "sub-S200207",
  "session": "ses-01",
  "coverage": {
    "epochs": 266,
    "seconds": 1064.0
  },
  "artifacts": {
    "methods": [
      "ica"
    ],
    "bad_eeg_channels": [
      "Batt_0",
      "Batt_1",
      "Batt_2",
      "Batt_3",
      "Gnd-Ref",
      "Gnd-Ref1",
      "Gnd-Ref2",
      "Gnd-Ref3",
      "Ref",
      "Sync"
    ],
    "n_bad_eeg_channels": 10,
    "stem_collisions": {}
  },
  "ensemble": {
    "var_by_subcoord": {
      "m_a": 0.0021180317271500826,
      "m_e": 2.3067651440259254e-14,
      "m_o": 1.3716048560602143e-14,
      "d_n": 8.192264649585414e-15,
      "d_l": 3.135994475168477e-14,
      "d_s": 8.55519116242957e-15,
      "e_e": 4.453731762728286e-13,
      "e_s": 2.3526965220303266e-14,
      "e_m": 0.0
    },
    "var_mean": 0.00023533685863376372,
    "var_max": 0.0021180317271500826
  },
  "reliability": {
    "axes": {
      "m": 0.7927839661969711,
      "d": 0.7745146921918433,
      "e": 0.6558352645326886
    },
    "subcoords": {
      "m_a": 0.7544473132453723,
      "m_e": 0.8276927567211484,
      "m_o": 0.5946713184842776,
      "d_n": 0.8377280797060404,
      "d_l": 0.7492216766711085,
      "d_s": 0.4918400212285146,
      "e_e": 0.7159457073238682,
      "e_s": 0.7028009875140581,
      "e_m": 0.624594491444996
    }
  },
  "dist_summary": {
    "axes": {
      "m": {
        "n": 266,
        "nan_frac": 0.0,
        "mean": 0.0919290517780254,
        "median": -0.021910864859819412,
        "std": 1.1031894520340029,
        "iqr": 1.2188887298107147,
        "mad": 0.5909571759402752,
        "mad_sigma": 0.876153109049052,
        "skewness": -0.008035980022789869,
        "kurtosis_excess": 1.7932788128404633,
        "delta_mean_median": 0.11383991663784482
      },
      "d": {
        "n": 266,
        "nan_frac": 0.0,
        "mean": 0.225728648962432,
        "median": 0.1147763654589653,
        "std": 0.8376616049931465,
        "iqr": 0.9209504574537277,
        "mad": 0.4289567172527313,
        "mad_sigma": 0.6359712289988995,
        "skewness": 0.4910315839922174,
        "kurtosis_excess": 2.034464833338596,
        "delta_mean_median": 0.1109522835034667
      },
      "e": {
        "n": 266,
        "nan_frac": 0.0,
        "mean": 0.11413784701853319,
        "median": -0.018602355383336544,
        "std": 0.7448658668014376,
        "iqr": 0.6791853979229927,
        "mad": 0.33033888041973114,
        "mad_sigma": 0.48976042411029336,
        "skewness": 1.5267602904773563,
        "kurtosis_excess": 3.7302003138160957,
        "delta_mean_median": 0.13274020240186973
      }
    },
    "subcoords": {
      "m_a": {
        "n": 266,
        "nan_frac": 0.0,
        "mean": 0.07250433255519186,
        "median": -0.05707775987684727,
        "std": 1.510965086663822,
        "iqr": 1.3206251859664917,
        "mad": 0.6265711486339569,
        "mad_sigma": 0.9289543849647045,
        "skewness": -0.446209546122095,
        "kurtosis_excess": 1.7475396507361465,
        "delta_mean_median": 0.1295820924320391
      },
      "m_e": {
        "n": 266,
        "nan_frac": 0.0,
        "mean": 0.07877925362418707,
        "median": -1.4080433174967766e-07,
        "std": 1.2360424114822888,
        "iqr": 1.3576022684574127,
        "mad": 0.6744906090316363,
        "mad_sigma": 0.9999997769503038,
        "skewness": -0.8819372595387693,
        "kurtosis_excess": 4.465051812961918,
        "delta_mean_median": 0.07877939442851882
      },
      "m_o": {
        "n": 266,
        "nan_frac": 0.0,
        "mean": 0.1347639770142006,
        "median": -1.364387571811676e-07,
        "std": 1.1420845698888409,
        "iqr": 1.4074487388134003,
        "mad": 0.6744907200336456,
        "mad_sigma": 0.999999941521883,
        "skewness": 0.7778373502656591,
        "kurtosis_excess": 1.134112599215035,
        "delta_mean_median": 0.13476411345295777
      },
      "d_n": {
        "n": 266,
        "nan_frac": 0.0,
        "mean": 0.32361139609877554,
        "median": 0.0,
        "std": 1.614397526543087,
        "iqr": 1.4606268852949142,
        "mad": 0.674490749835968,
        "mad_sigma": 0.9999999857068061,
        "skewness": 1.2475914703104083,
        "kurtosis_excess": 1.90980787345093,
        "delta_mean_median": 0.32361139609877554
      },
      "d_l": {
        "n": 266,
        "nan_frac": 0.0,
        "mean": 0.20207028585325057,
        "median": 0.0,
        "std": 1.393546515327522,
        "iqr": 1.5836960226297379,
        "mad": 0.674490749835968,
        "mad_sigma": 0.9999999857068061,
        "skewness": -0.4106023833353557,
        "kurtosis_excess": 1.0737004540836521,
        "delta_mean_median": 0.20207028585325057
      },
      "d_s": {
        "n": 266,
        "nan_frac": 0.0,
        "mean": 0.12022323336424236,
        "median": -1.6205012798309326e-07,
        "std": 1.2214233096868004,
        "iqr": 1.3469070494174957,
        "mad": 0.67449058778584,
        "mad_sigma": 0.9999997454512863,
        "skewness": 1.6058564554535188,
        "kurtosis_excess": 5.296306735317808,
        "delta_mean_median": 0.12022339541437034
      },
      "e_e": {
        "n": 266,
        "nan_frac": 0.0,
        "mean": 0.10912113874464442,
        "median": -1.7425045371055603e-06,
        "std": 0.986290516861789,
        "iqr": 1.4291067719459534,
        "mad": 0.6744889775291085,
        "mad_sigma": 0.9999973580846563,
        "skewness": 0.19467193400701494,
        "kurtosis_excess": -0.3865648372729753,
        "delta_mean_median": 0.10912288124918153
      },
      "e_s": {
        "n": 266,
        "nan_frac": 0.0,
        "mean": 0.1220728867457846,
        "median": 2.694068825803697e-07,
        "std": 1.5889181177904736,
        "iqr": 1.5106497406959534,
        "mad": 0.6744905102314078,
        "mad_sigma": 0.9999996304690851,
        "skewness": 1.8157862459548606,
        "kurtosis_excess": 4.3080270331342945,
        "delta_mean_median": 0.12207261733890203
      },
      "e_m": {
        "n": 266,
        "nan_frac": 0.0,
        "mean": 0.09228722646454335,
        "median": 0.0,
        "std": 1.1383337989164388,
        "iqr": 1.3371426612138748,
        "mad": 0.674490749835968,
        "mad_sigma": 0.9999999857068061,
        "skewness": 0.5804517267864387,
        "kurtosis_excess": 1.4534525046349867,
        "delta_mean_median": 0.09228722646454335
      }
    }
  },
  "entropy_provisional": {},
  "geometry_contract": {
    "policy_version": "standard_invalidity_v1",
    "status": "ok",
    "primary_requires_coords_9d": true,
    "shared_time_grid": {
      "epochs_before_policy": 266,
      "epochs_retained": 266,
      "epochs_dropped": 0,
      "drop_fraction": 0.0,
      "dropped_epoch_indices_preview": [],
      "drop_reason_counts": {
        "mnps_3d_nonfinite_rows": 0,
        "coords_9d_nonfinite_rows_affecting_primary": 0
      }
    },
    "mnps_3d": {
      "finite_row_fraction_before": 1.0,
      "nonfinite_row_count": 0,
      "degenerate_axes": [],
      "all_nan_axes": []
    },
    "coords_9d": {
      "available": true,
      "shape_matches_time_grid": true,
      "finite_row_fraction_before": 1.0,
      "nonfinite_row_count": 0,
      "nonfinite_rows_retained_on_shared_grid": 0,
      "degenerate_axes": [],
      "all_nan_axes": []
    },
    "time_grid": {
      "status": "ok",
      "warnings": [],
      "window_count": 266,
      "finite_window_bounds_fraction": 1.0,
      "dt_source": "window_start",
      "dt_sec_runtime": 4.0,
      "dt_sec_config": 4.0,
      "window_sec_config": 8.0,
      "dt_matches_runtime": true,
      "dt_matches_config_formula": true,
      "window_len_matches_config": true,
      "nonpositive_dt_count": 0,
      "nonpositive_window_len_count": 0,
      "dt_intervals_sec": {
        "n": 265,
        "mean": 4.0,
        "median": 4.0,
        "iqr": 0.0,
        "p95": 4.0,