{
  "dataset_id": "ds004511:sub-S200212:ses-01_gambling_run-01",
  "subject": "sub-S200212",
  "session": "ses-01",
  "reliability_axes": {
    "m": 0.6299055159006675,
    "d": 0.6893053388414035,
    "e": 0.6648805432724176
  },
  "reliability_subcoords": {
    "m_a": 0.7191650970138862,
    "m_e": 0.6175810390454648,
    "m_o": 0.48286567603259695,
    "d_n": 0.722888977908779,
    "d_l": 0.7178406613165155,
    "d_s": 0.5032588063877956,
    "e_e": 0.7235664409416455,
    "e_s": 0.6872228775312985,
    "e_m": 0.4812382395511986
  }
}