{
  "dataset_id": "ds004511:sub-S200212:ses-01_gambling_run-01",
  "subject": "sub-S200212",
  "session": "ses-01",
  "coverage": {
    "epochs": 916,
    "seconds": 3664.0
  },
  "artifacts": {
    "methods": [
      "ica"
    ],
    "bad_eeg_channels": [
      "Batt_0",
      "Batt_1",
      "Batt_2",
      "Batt_3",
      "Gnd-Ref",
      "Gnd-Ref1",
      "Gnd-Ref2",
      "Gnd-Ref3",
      "Ref",
      "Sync"
    ],
    "n_bad_eeg_channels": 10,
    "stem_collisions": {}
  },
  "ensemble": {
    "var_by_subcoord": {
      "m_a": 0.0003021720622200519,
      "m_e": 1.5129880380775236e-14,
      "m_o": 5.975217743552433e-15,
      "d_n": 5.192206087550454e-15,
      "d_l": 1.5591481827403192e-13,
      "d_s": 4.846284608155376e-15,
      "e_e": 4.638016316491078e-13,
      "e_s": 7.231648141642691e-14,
      "e_m": 0.0
    },
    "var_mean": 3.357467366035872e-05,
    "var_max": 0.0003021720622200519
  },
  "reliability": {
    "axes": {
      "m": 0.6299055159006675,
      "d": 0.6893053388414035,
      "e": 0.6648805432724176
    },
    "subcoords": {
      "m_a": 0.7191650970138862,
      "m_e": 0.6175810390454648,
      "m_o": 0.48286567603259695,
      "d_n": 0.722888977908779,
      "d_l": 0.7178406613165155,
      "d_s": 0.5032588063877956,
      "e_e": 0.7235664409416455,
      "e_s": 0.6872228775312985,
      "e_m": 0.4812382395511986
    }
  },
  "dist_summary": {
    "axes": {
      "m": {
        "n": 916,
        "nan_frac": 0.0,
        "mean": -0.11901959884564516,
        "median": -0.00458509149029851,
        "std": 0.8894895377133363,
        "iqr": 1.0001866072416306,
        "mad": 0.4986827075481415,
        "mad_sigma": 0.7393469822108745,
        "skewness": -0.7477863103161405,
        "kurtosis_excess": 1.0405426187326308,
        "delta_mean_median": -0.11443450735534665
      },
      "d": {
        "n": 916,
        "nan_frac": 0.0,
        "mean": 0.06743330101868418,
        "median": 0.07981008663773537,
        "std": 0.8073096265530464,
        "iqr": 0.9554001688957214,
        "mad": 0.4761181063950062,
        "mad_sigma": 0.7058927045412361,
        "skewness": -0.5162683676893406,
        "kurtosis_excess": 1.2919132626081673,
        "delta_mean_median": -0.012376785619051187
      },
      "e": {
        "n": 916,
        "nan_frac": 0.0,
        "mean": 0.09073458293653154,
        "median": 0.09023648127913475,
        "std": 0.826071165449596,
        "iqr": 1.0297107324004173,
        "mad": 0.5244978331029415,
        "mad_sigma": 0.777620487358421,
        "skewness": 0.32044441607844526,
        "kurtosis_excess": 1.3316066540009128,
        "delta_mean_median": 0.0004981016573967906
      }
    },
    "subcoords": {
      "m_a": {
        "n": 916,
        "nan_frac": 0.0,
        "mean": -0.20693999155847495,
        "median": -0.0035238265991210938,
        "std": 1.173930369688632,
        "iqr": 1.1592968255281448,
        "mad": 0.5645785629749298,
        "mad_sigma": 0.8370441774666308,
        "skewness": -1.400393992496231,
        "kurtosis_excess": 2.7520440446292724,
        "delta_mean_median": -0.20341616495935386
      },
      "m_e": {
        "n": 916,
        "nan_frac": 0.0,
        "mean": -0.1938574836797285,
        "median": -4.7049979912117124e-07,
        "std": 1.2458696755551513,
        "iqr": 1.3900829255580902,
        "mad": 0.674490749835968,
        "mad_sigma": 0.9999999857068061,
        "skewness": -0.9837143047758691,
        "kurtosis_excess": 1.3990851171196725,
        "delta_mean_median": -0.19385701317992937
      },
      "m_o": {
        "n": 916,
        "nan_frac": 0.0,
        "mean": 0.09358370337024226,
        "median": 2.3737084120512009e-07,
        "std": 1.0666157872520428,
        "iqr": 1.3594376891851425,
        "mad": 0.6744907200336456,
        "mad_sigma": 0.999999941521883,
        "skewness": 0.49957001792374817,
        "kurtosis_excess": 0.4386422091591844,
        "delta_mean_median": 0.09358346599940105
      },
      "d_n": {
        "n": 916,
        "nan_frac": 0.0,
        "mean": 0.34224390835349,
        "median": 4.4735497795045376e-07,
        "std": 1.4021486571612476,
        "iqr": 1.4316401034593582,
        "mad": 0.6744903322833125,
        "mad_sigma": 0.999999366643239,
        "skewness": 1.349788246891152,
        "kurtosis_excess": 2.1434019173236605,
        "delta_mean_median": 0.34224346099851205
      },
      "d_l": {
        "n": 916,
        "nan_frac": 0.0,
        "mean": -0.14043157373343526,
        "median": 6.306800059974194e-07,
        "std": 1.316903718260063,
        "iqr": 1.3671046793460846,
        "mad": 0.6744914103182964,
        "mad_sigma": 1.0000009649379062,
        "skewness": -1.2739954862096856,
        "kurtosis_excess": 4.0527467204252945,
        "delta_mean_median": -0.14043220441344126
      },
      "d_s": {
        "n": 916,
        "nan_frac": 0.0,
        "mean": 0.1854472033497491,
        "median": 0.0,
        "std": 1.1989487443802955,
        "iqr": 1.3714619725942612,
        "mad": 0.674490749835968,
        "mad_sigma": 0.9999999857068061,
        "skewness": 1.0814967476714383,
        "kurtosis_excess": 2.0769252743719226,
        "delta_mean_median": 0.1854472033497491
      },
      "e_e": {
        "n": 916,
        "nan_frac": 0.0,
        "mean": -0.03744774361769777,
        "median": -2.690259861992672e-06,
        "std": 1.0960787900641038,
        "iqr": 1.3618382215499878,
        "mad": 0.6744907200336456,
        "mad_sigma": 0.999999941521883,
        "skewness": -0.286237649558869,
        "kurtosis_excess": 0.4713730828772418,
        "delta_mean_median": -0.037445053357835774
      },
      "e_s": {
        "n": 916,
        "nan_frac": 0.0,
        "mean": 0.2634963453950678,
        "median": 0.0,
        "std": 1.3587114388521202,
        "iqr": 1.3670949935913086,
        "mad": 0.6744907796382904,
        "mad_sigma": 1.0000000298917293,
        "skewness": 1.8378224153272007,
        "kurtosis_excess": 4.875724353564357,
        "delta_mean_median": 0.2634963453950678
      },
      "e_m": {
        "n": 916,
        "nan_frac": 0.0,
        "mean": 0.15215762875370242,
        "median": 2.0954757928848267e-07,
        "std": 1.242481038819994,
        "iqr": 1.3352787047624588,
        "mad": 0.6744906604290009,
        "mad_sigma": 0.9999998531520367,
        "skewness": 1.2311529764498068,
        "kurtosis_excess": 3.7332522635737737,
        "delta_mean_median": 0.15215741920612313
      }
    }
  },
  "entropy_provisional": {},
  "geometry_contract": {
    "policy_version": "standard_invalidity_v1",
    "status": "ok",
    "primary_requires_coords_9d": true,
    "shared_time_grid": {
      "epochs_before_policy": 916,
      "epochs_retained": 916,
      "epochs_dropped": 0,
      "drop_fraction": 0.0,
      "dropped_epoch_indices_preview": [],
      "drop_reason_counts": {
        "mnps_3d_nonfinite_rows": 0,
        "coords_9d_nonfinite_rows_affecting_primary": 0
      }
    },
    "mnps_3d": {
      "finite_row_fraction_before": 1.0,
      "nonfinite_row_count": 0,
      "degenerate_axes": [],
      "all_nan_axes": []
    },
    "coords_9d": {
      "available": true,
      "shape_matches_time_grid": true,
      "finite_row_fraction_before": 1.0,
      "nonfinite_row_count": 0,
      "nonfinite_rows_retained_on_shared_grid": 0,
      "degenerate_axes": [],
      "all_nan_axes": []
    },
    "time_grid": {
      "status": "ok",
      "warnings": [],
      "window_count": 916,
      "finite_window_bounds_fraction": 1.0,
      "dt_source": "window_start",
      "dt_sec_runtime": 4.0,
      "dt_sec_config": 4.0,
      "window_sec_config": 8.0,
      "dt_matches_runtime": true,
      "dt_matches_config_formula": true,
      "window_len_matches_config": true,
      "nonpositive_dt_count": 0,
      "nonpositive_window_len_count": 0,
      "dt_intervals_sec": {
        "n": 915,
        "mean": 4.0,
        "median": 4.0,
        "iqr": 0.0,