{
  "dataset_id": "ds004511:sub-S200122:ses-01_rest_run-01",
  "subject": "sub-S200122",
  "session": "ses-01",
  "reliability_axes": {
    "m": 0.5665145508446437,
    "d": 0.31976239287644176,
    "e": 0.5022890766710255
  },
  "reliability_subcoords": {
    "m_a": 0.57567487202411,
    "m_e": 0.5691183615241734,
    "m_o": 0.5680027348471287,
    "d_n": 0.4677949178424474,
    "d_l": 0.47007648959281106,
    "d_s": 0.6058210645203527,
    "e_e": 0.6763440696509977,
    "e_s": 0.4858651078125106,
    "e_m": 0.25496203555604835
  }
}