{
  "dataset_id": "ds004511:sub-S200122:ses-01_rest_run-01",
  "subject": "sub-S200122",
  "session": "ses-01",
  "coverage": {
    "epochs": 127,
    "seconds": 508.0
  },
  "artifacts": {
    "methods": [
      "ica"
    ],
    "bad_eeg_channels": [
      "Batt_0",
      "Batt_1",
      "Batt_2",
      "Batt_3",
      "Foto",
      "Gnd-Ref",
      "Gnd-Ref1",
      "Gnd-Ref2",
      "Gnd-Ref3",
      "Ref",
      "Sync"
    ],
    "n_bad_eeg_channels": 11,
    "stem_collisions": {}
  },
  "ensemble": {
    "var_by_subcoord": {
      "m_a": 0.0017141216667369008,
      "m_e": 0.0,
      "m_o": 0.0,
      "d_n": 0.0,
      "d_l": 0.0,
      "d_s": 0.0,
      "e_e": 0.0,
      "e_s": 0.0,
      "e_m": 0.0
    },
    "var_mean": 0.00019045796297076676,
    "var_max": 0.0017141216667369008
  },
  "reliability": {
    "axes": {
      "m": 0.5665145508446437,
      "d": 0.31976239287644176,
      "e": 0.5022890766710255
    },
    "subcoords": {
      "m_a": 0.57567487202411,
      "m_e": 0.5691183615241734,
      "m_o": 0.5680027348471287,
      "d_n": 0.4677949178424474,
      "d_l": 0.47007648959281106,
      "d_s": 0.6058210645203527,
      "e_e": 0.6763440696509977,
      "e_s": 0.4858651078125106,
      "e_m": 0.25496203555604835
    }
  },
  "dist_summary": {
    "axes": {
      "m": {
        "n": 127,
        "nan_frac": 0.0,
        "mean": -0.01880778026525078,
        "median": -0.07359769940376282,
        "std": 0.7549871496098887,
        "iqr": 1.0827742516994476,
        "mad": 0.48484399914741516,
        "mad_sigma": 0.7188297131359577,
        "skewness": -0.02602841861045525,
        "kurtosis_excess": -0.549366421540074,
        "delta_mean_median": 0.05478991913851204
      },
      "d": {
        "n": 127,
        "nan_frac": 0.0,
        "mean": 0.20700481156525238,
        "median": 0.21669209003448486,
        "std": 0.58265288050856,
        "iqr": 0.6473505236208439,
        "mad": 0.3237880915403366,
        "mad_sigma": 0.480048224517703,
        "skewness": 0.148158712899984,
        "kurtosis_excess": 4.311891185986562,
        "delta_mean_median": -0.00968727846923248
      },
      "e": {
        "n": 127,
        "nan_frac": 0.0,
        "mean": -0.020031109122251433,
        "median": -0.022291971370577812,
        "std": 0.8210521739332941,
        "iqr": 0.768885925412178,
        "mad": 0.35025994665920734,
        "mad_sigma": 0.5192953969169408,
        "skewness": 0.8315376390195436,
        "kurtosis_excess": 3.5146020167772303,
        "delta_mean_median": 0.002260862248326379
      }
    },
    "subcoords": {
      "m_a": {
        "n": 127,
        "nan_frac": 0.0,
        "mean": -0.4530054202787285,
        "median": -0.05160391330718994,
        "std": 1.252953350117955,
        "iqr": 1.3056593537330627,
        "mad": 0.5419685244560242,
        "mad_sigma": 0.8035225343585014,
        "skewness": -1.0559433588590716,
        "kurtosis_excess": 0.15230584694340088,
        "delta_mean_median": -0.40140150697153854
      },
      "m_e": {
        "n": 127,
        "nan_frac": 0.0,
        "mean": 0.09774099233079936,
        "median": 0.0,
        "std": 0.8130942850489165,
        "iqr": 1.272510677576065,
        "mad": 0.674490749835968,
        "mad_sigma": 0.9999999857068061,
        "skewness": 0.1486557270127646,
        "kurtosis_excess": -0.9722437044507455,
        "delta_mean_median": 0.09774099233079936
      },
      "m_o": {
        "n": 127,
        "nan_frac": 0.0,
        "mean": 0.43697162680914553,
        "median": 0.0,
        "std": 1.540856717982661,
        "iqr": 1.6410966515541077,
        "mad": 0.674490749835968,
        "mad_sigma": 0.9999999857068061,
        "skewness": 1.871395831622022,
        "kurtosis_excess": 3.6212614646925845,
        "delta_mean_median": 0.43697162680914553
      },
      "d_n": {
        "n": 127,
        "nan_frac": 0.0,
        "mean": 0.5171834638305137,
        "median": 0.0,
        "std": 1.4366129049677232,
        "iqr": 1.6420456171035767,
        "mad": 0.674490749835968,
        "mad_sigma": 0.9999999857068061,
        "skewness": 1.0093621600341376,
        "kurtosis_excess": 0.13885564029777742,
        "delta_mean_median": 0.5171834638305137
      },
      "d_l": {
        "n": 127,
        "nan_frac": 0.0,
        "mean": -0.027148927451940034,
        "median": 0.0,
        "std": 1.098304792789752,
        "iqr": 1.3606737554073334,
        "mad": 0.674490749835968,
        "mad_sigma": 0.9999999857068061,
        "skewness": -0.9274615725263944,
        "kurtosis_excess": 2.011560632643345,
        "delta_mean_median": -0.027148927451940034
      },
      "d_s": {
        "n": 127,
        "nan_frac": 0.0,
        "mean": 0.33885030584835163,
        "median": 0.0,
        "std": 1.1299818325713427,
        "iqr": 1.4789743423461914,
        "mad": 0.674490749835968,
        "mad_sigma": 0.9999999857068061,
        "skewness": 1.2095952285946774,
        "kurtosis_excess": 1.119213280170392,
        "delta_mean_median": 0.33885030584835163
      },
      "e_e": {
        "n": 127,
        "nan_frac": 0.0,
        "mean": -0.20544411584104258,
        "median": 0.0,
        "std": 1.0461373456535246,
        "iqr": 1.4658290445804596,
        "mad": 0.6744906902313232,
        "mad_sigma": 0.9999998973369598,
        "skewness": -0.7244381757740508,
        "kurtosis_excess": 0.06359315365895446,
        "delta_mean_median": -0.20544411584104258
      },
      "e_s": {
        "n": 127,
        "nan_frac": 0.0,
        "mean": 0.21913844754362083,
        "median": 0.0,
        "std": 1.3656096250281264,
        "iqr": 1.3195061385631561,
        "mad": 0.674490749835968,
        "mad_sigma": 0.9999999857068061,
        "skewness": 2.137360473332474,
        "kurtosis_excess": 6.804473796321764,
        "delta_mean_median": 0.21913844754362083
      },
      "e_m": {
        "n": 127,
        "nan_frac": 0.0,
        "mean": 0.2904994996373659,
        "median": 0.0,
        "std": 1.8205907444752365,
        "iqr": 1.3363839983940125,
        "mad": 0.6744906902313232,
        "mad_sigma": 0.9999998973369598,
        "skewness": 1.8015724627767409,
        "kurtosis_excess": 3.5142344146544042,
        "delta_mean_median": 0.2904994996373659
      }
    }
  },
  "entropy_provisional": {},
  "geometry_contract": {
    "policy_version": "standard_invalidity_v1",
    "status": "ok",
    "primary_requires_coords_9d": true,
    "shared_time_grid": {
      "epochs_before_policy": 127,
      "epochs_retained": 127,
      "epochs_dropped": 0,
      "drop_fraction": 0.0,
      "dropped_epoch_indices_preview": [],
      "drop_reason_counts": {
        "mnps_3d_nonfinite_rows": 0,
        "coords_9d_nonfinite_rows_affecting_primary": 0
      }
    },
    "mnps_3d": {
      "finite_row_fraction_before": 1.0,
      "nonfinite_row_count": 0,
      "degenerate_axes": [],
      "all_nan_axes": []
    },
    "coords_9d": {
      "available": true,
      "shape_matches_time_grid": true,
      "finite_row_fraction_before": 1.0,
      "nonfinite_row_count": 0,
      "nonfinite_rows_retained_on_shared_grid": 0,
      "degenerate_axes": [],
      "all_nan_axes": []
    },
    "time_grid": {
      "status": "ok",
      "warnings": [],
      "window_count": 127,
      "finite_window_bounds_fraction": 1.0,
      "dt_source": "window_start",
      "dt_sec_runtime": 4.0,
      "dt_sec_config": 4.0,
      "window_sec_config": 8.0,
      "dt_matches_runtime": true,
      "dt_matches_config_formula": true,
      "window_len_matches_config": true,
      "nonpositive_dt_count": 0,
      "nonpositive_window_len_count": 0,
      "dt_intervals_sec": {
        "n": 126,
        "mean": 4.0,
        "median": 4.0,
        "iqr": 0.0,
        "p95": 4.0,
        "max": 4.0
      },
      "window_lengths_sec": {
        "n": 127,
        "mean": 8.0,
        "median": 8.0,
        "iqr": 0.0,
        "p95": 8.0,
        "max": 8.0
      }
    },