{
  "dataset_id": "ds004511:sub-S200310:ses-01_cognitive_control_run-01",
  "subject": "sub-S200310",
  "session": "ses-01",
  "reliability_axes": {
    "m": 0.5578149096518557,
    "d": 0.641235817791441,
    "e": 0.5918835185871384
  },
  "reliability_subcoords": {
    "m_a": 0.5270304995251868,
    "m_e": 0.6193897715867002,
    "m_o": 0.41893475818892895,
    "d_n": 0.8153466700170642,
    "d_l": 0.4643611250601437,
    "d_s": 0.5919213238262464,
    "e_e": 0.5963910925642268,
    "e_s": 0.49907611457296314,
    "e_m": 0.5150716192539679
  }
}