{
  "dataset_id": "ds004511:sub-S200310:ses-01_cognitive_control_run-01",
  "subject": "sub-S200310",
  "session": "ses-01",
  "coverage": {
    "epochs": 261,
    "seconds": 1044.0
  },
  "artifacts": {
    "methods": [
      "ica"
    ],
    "bad_eeg_channels": [
      "Batt_0",
      "Batt_1",
      "Batt_2",
      "Batt_3",
      "Gnd-Ref",
      "Gnd-Ref1",
      "Gnd-Ref2",
      "Gnd-Ref3",
      "P8",
      "Ref",
      "Sync"
    ],
    "n_bad_eeg_channels": 11,
    "stem_collisions": {}
  },
  "ensemble": {
    "var_by_subcoord": {
      "m_a": 0.0008808140410110354,
      "m_e": 0.0,
      "m_o": 0.0,
      "d_n": 0.0,
      "d_l": 0.0,
      "d_s": 0.0,
      "e_e": 0.0,
      "e_s": 0.0,
      "e_m": 0.0
    },
    "var_mean": 9.786822677900393e-05,
    "var_max": 0.0008808140410110354
  },
  "reliability": {
    "axes": {
      "m": 0.5578149096518557,
      "d": 0.641235817791441,
      "e": 0.5918835185871384
    },
    "subcoords": {
      "m_a": 0.5270304995251868,
      "m_e": 0.6193897715867002,
      "m_o": 0.41893475818892895,
      "d_n": 0.8153466700170642,
      "d_l": 0.4643611250601437,
      "d_s": 0.5919213238262464,
      "e_e": 0.5963910925642268,
      "e_s": 0.49907611457296314,
      "e_m": 0.5150716192539679
    }
  },
  "dist_summary": {
    "axes": {
      "m": {
        "n": 261,
        "nan_frac": 0.0,
        "mean": -0.22621593954865873,
        "median": -0.08899648487567902,
        "std": 0.9333195859546407,
        "iqr": 1.0948184728622437,
        "mad": 0.5495153516530991,
        "mad_sigma": 0.8147114603608846,
        "skewness": -0.8318961163707917,
        "kurtosis_excess": 0.5920758598591589,
        "delta_mean_median": -0.13721945467297972
      },
      "d": {
        "n": 261,
        "nan_frac": 0.0,
        "mean": -0.02158521150213834,
        "median": 0.09424860030412674,
        "std": 0.8945451905618208,
        "iqr": 0.9699249863624573,
        "mad": 0.4722152277827263,
        "mad_sigma": 0.7001062967106699,
        "skewness": -1.206426211839288,
        "kurtosis_excess": 3.2270960933181696,
        "delta_mean_median": -0.11583381180626508
      },
      "e": {
        "n": 261,
        "nan_frac": 0.0,
        "mean": 0.15980934663907664,
        "median": 0.06339574605226517,
        "std": 0.8537075024199883,
        "iqr": 0.8398042321205139,
        "mad": 0.419743113219738,
        "mad_sigma": 0.6223111396595835,
        "skewness": 0.8021146854728886,
        "kurtosis_excess": 0.9837648116335775,
        "delta_mean_median": 0.09641360058681148
      }
    },
    "subcoords": {
      "m_a": {
        "n": 261,
        "nan_frac": 0.0,
        "mean": -0.3213188505777911,
        "median": -0.011771958321332932,
        "std": 1.3439141163238013,
        "iqr": 1.2745026051998138,
        "mad": 0.6136503033339977,
        "mad_sigma": 0.909797939722985,
        "skewness": -2.073495776385259,
        "kurtosis_excess": 5.924485041983752,
        "delta_mean_median": -0.30954689225645815
      },
      "m_e": {
        "n": 261,
        "nan_frac": 0.0,
        "mean": -0.3183879083492151,
        "median": 0.0,
        "std": 1.3103939588059517,
        "iqr": 1.3606474995613098,
        "mad": 0.674490749835968,
        "mad_sigma": 0.9999999857068061,
        "skewness": -1.4313495889744752,
        "kurtosis_excess": 2.524804166485225,
        "delta_mean_median": -0.3183879083492151
      },
      "m_o": {
        "n": 261,
        "nan_frac": 0.0,
        "mean": 0.017469368425422703,
        "median": 0.0,
        "std": 1.3968163863399004,
        "iqr": 1.3578975796699524,
        "mad": 0.674490749835968,
        "mad_sigma": 0.9999999857068061,
        "skewness": 1.6171760068151189,
        "kurtosis_excess": 5.903477727793371,
        "delta_mean_median": 0.017469368425422703
      },
      "d_n": {
        "n": 261,
        "nan_frac": 0.0,
        "mean": 0.29051334646412696,
        "median": 0.0,
        "std": 1.8100472784626065,
        "iqr": 1.476692795753479,
        "mad": 0.674490749835968,
        "mad_sigma": 0.9999999857068061,
        "skewness": 1.6128607224832912,
        "kurtosis_excess": 3.100578410597894,
        "delta_mean_median": 0.29051334646412696
      },
      "d_l": {
        "n": 261,
        "nan_frac": 0.0,
        "mean": -0.3457448054452951,
        "median": 0.0,
        "std": 1.3641227460745957,
        "iqr": 1.449058473110199,
        "mad": 0.674490749835968,
        "mad_sigma": 0.9999999857068061,
        "skewness": -1.5197401356906028,
        "kurtosis_excess": 2.8134288268367973,
        "delta_mean_median": -0.3457448054452951
      },
      "d_s": {
        "n": 261,
        "nan_frac": 0.0,
        "mean": 0.3704203926598862,
        "median": 0.0,
        "std": 1.5279562104073903,
        "iqr": 1.418088436126709,
        "mad": 0.674490749835968,
        "mad_sigma": 0.9999999857068061,
        "skewness": 2.0324695738578957,
        "kurtosis_excess": 4.8012186944259545,
        "delta_mean_median": 0.3704203926598862
      },
      "e_e": {
        "n": 261,
        "nan_frac": 0.0,
        "mean": -0.07673526272691529,
        "median": 0.0,
        "std": 1.1181971481008288,
        "iqr": 1.3438847064971924,
        "mad": 0.6744906902313232,
        "mad_sigma": 0.9999998973369598,
        "skewness": -0.37585016616401645,
        "kurtosis_excess": 1.1616277508272228,
        "delta_mean_median": -0.07673526272691529
      },
      "e_s": {
        "n": 261,
        "nan_frac": 0.0,
        "mean": 0.4865051898427336,
        "median": 0.0,
        "std": 1.708515015770424,
        "iqr": 1.5862337946891785,
        "mad": 0.6744908094406128,
        "mad_sigma": 1.0000000740766524,
        "skewness": 1.8149874618341697,
        "kurtosis_excess": 3.088302659018674,
        "delta_mean_median": 0.4865051898427336
      },
      "e_m": {
        "n": 261,
        "nan_frac": 0.0,
        "mean": 0.11019304423089857,
        "median": 0.0,
        "std": 0.963711774539694,
        "iqr": 1.3856514692306519,
        "mad": 0.674490749835968,
        "mad_sigma": 0.9999999857068061,
        "skewness": 0.3704520114112091,
        "kurtosis_excess": 0.07386220983300218,
        "delta_mean_median": 0.11019304423089857
      }
    }
  },
  "entropy_provisional": {},
  "geometry_contract": {
    "policy_version": "standard_invalidity_v1",
    "status": "ok",
    "primary_requires_coords_9d": true,
    "shared_time_grid": {
      "epochs_before_policy": 261,
      "epochs_retained": 261,
      "epochs_dropped": 0,
      "drop_fraction": 0.0,
      "dropped_epoch_indices_preview": [],
      "drop_reason_counts": {
        "mnps_3d_nonfinite_rows": 0,
        "coords_9d_nonfinite_rows_affecting_primary": 0
      }
    },
    "mnps_3d": {
      "finite_row_fraction_before": 1.0,
      "nonfinite_row_count": 0,
      "degenerate_axes": [],
      "all_nan_axes": []
    },
    "coords_9d": {
      "available": true,
      "shape_matches_time_grid": true,
      "finite_row_fraction_before": 1.0,
      "nonfinite_row_count": 0,
      "nonfinite_rows_retained_on_shared_grid": 0,
      "degenerate_axes": [],
      "all_nan_axes": []
    },
    "time_grid": {
      "status": "ok",
      "warnings": [],
      "window_count": 261,
      "finite_window_bounds_fraction": 1.0,
      "dt_source": "window_start",
      "dt_sec_runtime": 4.0,
      "dt_sec_config": 4.0,
      "window_sec_config": 8.0,
      "dt_matches_runtime": true,
      "dt_matches_config_formula": true,
      "window_len_matches_config": true,
      "nonpositive_dt_count": 0,
      "nonpositive_window_len_count": 0,
      "dt_intervals_sec": {
        "n": 260,
        "mean": 4.0,
        "median": 4.0,
        "iqr": 0.0,
        "p95": 4.0,
        "max": 4.0
      },
      "window_lengths_sec": {
        "n": 261,
        "mean": 8.0,
        "median": 8.0,
        "iqr": 0.0,
        "p95": 8.0,
        "max": 8.0
      }
    },