{
  "dataset_id": "ds004511:sub-S210120:ses-01_cognitive_control_run-01",
  "subject": "sub-S210120",
  "session": "ses-01",
  "reliability_axes": {
    "m": 0.7085389374780192,
    "d": 0.8325761192969534,
    "e": 0.7430097057451976
  },
  "reliability_subcoords": {
    "m_a": 0.7197642673439766,
    "m_e": 0.753226057649575,
    "m_o": 0.6727886416640322,
    "d_n": 0.8691451792030973,
    "d_l": 0.7946931791602043,
    "d_s": 0.5538822125003324,
    "e_e": 0.760743314615608,
    "e_s": 0.7109445426656001,
    "e_m": 0.7847933459079299
  }
}