{
  "dataset_id": "ds004511:sub-S210120:ses-01_cognitive_control_run-01",
  "subject": "sub-S210120",
  "session": "ses-01",
  "coverage": {
    "epochs": 279,
    "seconds": 1116.0
  },
  "artifacts": {
    "methods": [
      "ica"
    ],
    "bad_eeg_channels": [
      "Batt_0",
      "Batt_1",
      "Batt_2",
      "Batt_3",
      "Gnd-Ref",
      "Gnd-Ref1",
      "Gnd-Ref2",
      "Gnd-Ref3",
      "Ref",
      "Sync"
    ],
    "n_bad_eeg_channels": 10,
    "stem_collisions": {}
  },
  "ensemble": {
    "var_by_subcoord": {
      "m_a": 0.0020883160177618265,
      "m_e": 0.0,
      "m_o": 0.0,
      "d_n": 0.0,
      "d_l": 0.0,
      "d_s": 0.0,
      "e_e": 0.0,
      "e_s": 0.0,
      "e_m": 0.0
    },
    "var_mean": 0.0002320351130846474,
    "var_max": 0.0020883160177618265
  },
  "reliability": {
    "axes": {
      "m": 0.7085389374780192,
      "d": 0.8325761192969534,
      "e": 0.7430097057451976
    },
    "subcoords": {
      "m_a": 0.7197642673439766,
      "m_e": 0.753226057649575,
      "m_o": 0.6727886416640322,
      "d_n": 0.8691451792030973,
      "d_l": 0.7946931791602043,
      "d_s": 0.5538822125003324,
      "e_e": 0.760743314615608,
      "e_s": 0.7109445426656001,
      "e_m": 0.7847933459079299
    }
  },
  "dist_summary": {
    "axes": {
      "m": {
        "n": 279,
        "nan_frac": 0.0,
        "mean": -0.0669176150647436,
        "median": 0.13724938035011292,
        "std": 0.9350246112180125,
        "iqr": 1.0870563089847565,
        "mad": 0.4759906232357025,
        "mad_sigma": 0.7057036980092525,
        "skewness": -1.0966757058331673,
        "kurtosis_excess": 1.5296373073521465,
        "delta_mean_median": -0.2041669954148565
      },
      "d": {
        "n": 279,
        "nan_frac": 0.0,
        "mean": -0.10621900134719908,
        "median": -0.0948578491806984,
        "std": 0.956773467989271,
        "iqr": 1.0175061970949173,
        "mad": 0.5060373172163963,
        "mad_sigma": 0.7502509265050291,
        "skewness": 0.44536936873803634,
        "kurtosis_excess": 2.9154211041785203,
        "delta_mean_median": -0.011361152166500688
      },
      "e": {
        "n": 279,
        "nan_frac": 0.0,
        "mean": -0.08209460905726372,
        "median": 0.02356751449406147,
        "std": 0.834601430373953,
        "iqr": 1.0021428763866425,
        "mad": 0.49274866469204426,
        "mad_sigma": 0.7305491702724248,
        "skewness": -0.7469924562668668,
        "kurtosis_excess": 1.7023327358376799,
        "delta_mean_median": -0.10566212355132519
      }
    },
    "subcoords": {
      "m_a": {
        "n": 279,
        "nan_frac": 0.0,
        "mean": -0.11875910077938363,
        "median": -0.05311475321650505,
        "std": 1.148649381291292,
        "iqr": 1.2517392337322235,
        "mad": 0.6296088509261608,
        "mad_sigma": 0.933458082383126,
        "skewness": -1.1014146242499736,
        "kurtosis_excess": 2.8783137772047453,
        "delta_mean_median": -0.06564434756287858
      },
      "m_e": {
        "n": 279,
        "nan_frac": 0.0,
        "mean": -0.25791301883216344,
        "median": 0.0,
        "std": 1.434968365928854,
        "iqr": 1.3095362782478333,
        "mad": 0.674490749835968,
        "mad_sigma": 0.9999999857068061,
        "skewness": -1.1425608267052425,
        "kurtosis_excess": 1.578963210799885,
        "delta_mean_median": -0.25791301883216344
      },
      "m_o": {
        "n": 279,
        "nan_frac": 0.0,
        "mean": 0.23794726994035492,
        "median": 0.0,
        "std": 1.0943555442632775,
        "iqr": 1.42744779586792,
        "mad": 0.674490749835968,
        "mad_sigma": 0.9999999857068061,
        "skewness": 0.8653989326796664,
        "kurtosis_excess": 0.6600226682119477,
        "delta_mean_median": 0.23794726994035492
      },
      "d_n": {
        "n": 279,
        "nan_frac": 0.0,
        "mean": -0.06999913308190309,
        "median": 0.0,
        "std": 1.0255246305041874,
        "iqr": 1.329371228814125,
        "mad": 0.674490749835968,
        "mad_sigma": 0.9999999857068061,
        "skewness": 1.2049875941693915,
        "kurtosis_excess": 2.471529374553757,
        "delta_mean_median": -0.06999913308190309
      },
      "d_l": {
        "n": 279,
        "nan_frac": 0.0,
        "mean": -0.27598579012451685,
        "median": 0.0,
        "std": 1.3650574910508009,
        "iqr": 1.51270791888237,
        "mad": 0.674490749835968,
        "mad_sigma": 0.9999999857068061,
        "skewness": -1.2083323842327283,
        "kurtosis_excess": 2.775361120087922,
        "delta_mean_median": -0.27598579012451685
      },
      "d_s": {
        "n": 279,
        "nan_frac": 0.0,
        "mean": 0.3262768485266248,
        "median": 0.0,
        "std": 1.367959725793057,
        "iqr": 1.4712589383125305,
        "mad": 0.674490749835968,
        "mad_sigma": 0.9999999857068061,
        "skewness": 1.656509713608879,
        "kurtosis_excess": 4.013177522275414,
        "delta_mean_median": 0.3262768485266248
      },
      "e_e": {
        "n": 279,
        "nan_frac": 0.0,
        "mean": -0.28949716687202454,
        "median": 0.0,
        "std": 1.2017623783342746,
        "iqr": 1.378594309091568,
        "mad": 0.6744906902313232,
        "mad_sigma": 0.9999998973369598,
        "skewness": -1.0660662900850617,
        "kurtosis_excess": 1.11970209691623,
        "delta_mean_median": -0.28949716687202454
      },
      "e_s": {
        "n": 279,
        "nan_frac": 0.0,
        "mean": 0.1712328707181772,
        "median": 0.0,
        "std": 1.5444023311072488,
        "iqr": 1.3240941762924194,
        "mad": 0.674490749835968,
        "mad_sigma": 0.9999999857068061,
        "skewness": 1.5678341800251534,
        "kurtosis_excess": 4.697825608539505,
        "delta_mean_median": 0.1712328707181772
      },
      "e_m": {
        "n": 279,
        "nan_frac": 0.0,
        "mean": 0.5588764925620863,
        "median": 0.0,
        "std": 1.8411084635633468,
        "iqr": 1.5118198990821838,
        "mad": 0.674490749835968,
        "mad_sigma": 0.9999999857068061,
        "skewness": 1.8880451025328948,
        "kurtosis_excess": 3.076477906470526,
        "delta_mean_median": 0.5588764925620863
      }
    }
  },
  "entropy_provisional": {},
  "geometry_contract": {
    "policy_version": "standard_invalidity_v1",
    "status": "ok",
    "primary_requires_coords_9d": true,
    "shared_time_grid": {
      "epochs_before_policy": 279,
      "epochs_retained": 279,
      "epochs_dropped": 0,
      "drop_fraction": 0.0,
      "dropped_epoch_indices_preview": [],
      "drop_reason_counts": {
        "mnps_3d_nonfinite_rows": 0,
        "coords_9d_nonfinite_rows_affecting_primary": 0
      }
    },
    "mnps_3d": {
      "finite_row_fraction_before": 1.0,
      "nonfinite_row_count": 0,
      "degenerate_axes": [],
      "all_nan_axes": []
    },
    "coords_9d": {
      "available": true,
      "shape_matches_time_grid": true,
      "finite_row_fraction_before": 1.0,
      "nonfinite_row_count": 0,
      "nonfinite_rows_retained_on_shared_grid": 0,
      "degenerate_axes": [],
      "all_nan_axes": []
    },
    "time_grid": {
      "status": "ok",
      "warnings": [],
      "window_count": 279,
      "finite_window_bounds_fraction": 1.0,
      "dt_source": "window_start",
      "dt_sec_runtime": 4.0,
      "dt_sec_config": 4.0,
      "window_sec_config": 8.0,
      "dt_matches_runtime": true,
      "dt_matches_config_formula": true,
      "window_len_matches_config": true,
      "nonpositive_dt_count": 0,
      "nonpositive_window_len_count": 0,
      "dt_intervals_sec": {
        "n": 278,
        "mean": 4.0,
        "median": 4.0,
        "iqr": 0.0,
        "p95": 4.0,
        "max": 4.0
      },
      "window_lengths_sec": {
        "n": 279,
        "mean": 8.0,
        "median": 8.0,
        "iqr": 0.0,
        "p95": 8.0,
        "max": 8.0
      }
    },