{
  "dataset_id": "ds004511:sub-S210128:ses-01_rest_run-01",
  "subject": "sub-S210128",
  "session": "ses-01",
  "reliability_axes": {
    "m": 0.797015597662131,
    "d": 0.8889448834157136,
    "e": 0.7311320823766981
  },
  "reliability_subcoords": {
    "m_a": 0.9047638316862645,
    "m_e": 0.7877722214001763,
    "m_o": 0.8149433774493815,
    "d_n": 0.8175198450089851,
    "d_l": 0.8676131746585874,
    "d_s": 0.720669279488592,
    "e_e": 0.7411021282838783,
    "e_s": 0.8539467868808774,
    "e_m": 0.7787417833237521
  }
}