{
  "dataset_id": "ds004511:sub-S210128:ses-01_rest_run-01",
  "subject": "sub-S210128",
  "session": "ses-01",
  "coverage": {
    "epochs": 130,
    "seconds": 520.0
  },
  "artifacts": {
    "methods": [
      "ica"
    ],
    "bad_eeg_channels": [
      "Batt_0",
      "Batt_1",
      "Batt_2",
      "Batt_3",
      "Foto",
      "Gnd-Ref",
      "Gnd-Ref1",
      "Gnd-Ref2",
      "Gnd-Ref3",
      "I1",
      "OPO3",
      "Oz",
      "Ref",
      "Sync"
    ],
    "n_bad_eeg_channels": 14,
    "stem_collisions": {}
  },
  "ensemble": {
    "var_by_subcoord": {
      "m_a": 0.002329168375581503,
      "m_e": 6.31461526930864e-16,
      "m_o": 0.0,
      "d_n": 3.042283493268766e-14,
      "d_l": 2.3623072966630528e-14,
      "d_s": 0.0,
      "e_e": 1.3284568757543358e-12,
      "e_s": 2.792752465917425e-13,
      "e_m": 0.0
    },
    "var_mean": 0.0002587964863604347,
    "var_max": 0.002329168375581503
  },
  "reliability": {
    "axes": {
      "m": 0.797015597662131,
      "d": 0.8889448834157136,
      "e": 0.7311320823766981
    },
    "subcoords": {
      "m_a": 0.9047638316862645,
      "m_e": 0.7877722214001763,
      "m_o": 0.8149433774493815,
      "d_n": 0.8175198450089851,
      "d_l": 0.8676131746585874,
      "d_s": 0.720669279488592,
      "e_e": 0.7411021282838783,
      "e_s": 0.8539467868808774,
      "e_m": 0.7787417833237521
    }
  },
  "dist_summary": {
    "axes": {
      "m": {
        "n": 130,
        "nan_frac": 0.0,
        "mean": 0.1980701696772415,
        "median": -0.04619160108268261,
        "std": 1.0552957434842365,
        "iqr": 1.152460977435112,
        "mad": 0.5516867656260729,
        "mad_sigma": 0.8179307987172156,
        "skewness": 1.12410723024845,
        "kurtosis_excess": 1.8010650200174023,
        "delta_mean_median": 0.2442617707599241
      },
      "d": {
        "n": 130,
        "nan_frac": 0.0,
        "mean": -0.02331166184740141,
        "median": 0.0027759873191826046,
        "std": 0.8154790148942981,
        "iqr": 0.7744249776005745,
        "mad": 0.3748259895364754,
        "mad_sigma": 0.5557170120867784,
        "skewness": -1.638597397724656,
        "kurtosis_excess": 8.979302494439779,
        "delta_mean_median": -0.026087649166584015
      },
      "e": {
        "n": 130,
        "nan_frac": 0.0,
        "mean": -0.04648183501110627,
        "median": -0.11866897344589233,
        "std": 0.7724269202279692,
        "iqr": 0.8041654601693153,
        "mad": 0.40217573940753937,
        "mad_sigma": 0.5962657512456179,
        "skewness": 0.8561826923389816,
        "kurtosis_excess": 2.758958135086229,
        "delta_mean_median": 0.07218713843478607
      }
    },
    "subcoords": {
      "m_a": {
        "n": 130,
        "nan_frac": 0.0,
        "mean": -0.2662369154107112,
        "median": 0.05257476307451725,
        "std": 1.4327130249939233,
        "iqr": 1.2933829426765442,
        "mad": 0.6160894241183996,
        "mad_sigma": 0.9134141801979392,
        "skewness": -1.3631656343265952,
        "kurtosis_excess": 1.9956619769017712,
        "delta_mean_median": -0.31881167848522846
      },
      "m_e": {
        "n": 130,
        "nan_frac": 0.0,
        "mean": 0.26629458233857384,
        "median": -5.541369318962097e-08,
        "std": 1.1684038809381307,
        "iqr": 1.4105630964040756,
        "mad": 0.6744907200336456,
        "mad_sigma": 0.999999941521883,
        "skewness": 0.9617488428759827,
        "kurtosis_excess": 0.8735668723198153,
        "delta_mean_median": 0.266294637752267
      },
      "m_o": {
        "n": 130,
        "nan_frac": 0.0,
        "mean": 0.7543968104327528,
        "median": 1.280568540096283e-07,
        "std": 1.9166278626797144,
        "iqr": 1.587160974740982,
        "mad": 0.6744909076951444,
        "mad_sigma": 1.0000002197488211,
        "skewness": 1.6906617549565823,
        "kurtosis_excess": 1.9492524253156214,
        "delta_mean_median": 0.7543966823758987
      },
      "d_n": {
        "n": 130,
        "nan_frac": 0.0,
        "mean": 0.187447096951879,
        "median": 0.0,
        "std": 1.3171988407845763,
        "iqr": 1.3475422263145447,
        "mad": 0.674490749835968,
        "mad_sigma": 0.9999999857068061,
        "skewness": 0.7585979475108324,
        "kurtosis_excess": 2.063208221668674,
        "delta_mean_median": 0.187447096951879
      },
      "d_l": {
        "n": 130,
        "nan_frac": 0.0,
        "mean": -0.1663528841490356,
        "median": -7.976777851581573e-07,
        "std": 1.3613490459755953,
        "iqr": 1.4017298221588135,
        "mad": 0.674490749835968,
        "mad_sigma": 0.9999999857068061,
        "skewness": -1.3922277991301524,
        "kurtosis_excess": 3.7093462327013507,
        "delta_mean_median": -0.16635208647125044
      },
      "d_s": {
        "n": 130,
        "nan_frac": 0.0,
        "mean": 0.019239803690176745,
        "median": -6.891787052154541e-08,
        "std": 1.033149157898185,
        "iqr": 1.3760178536176682,
        "mad": 0.6744907107204199,
        "mad_sigma": 0.9999999277140945,
        "skewness": 0.4403356747034341,
        "kurtosis_excess": 0.2974221707398339,
        "delta_mean_median": 0.019239872608047267
      },
      "e_e": {
        "n": 130,
        "nan_frac": 0.0,
        "mean": -0.16812688213629792,
        "median": 2.083834260702133e-06,
        "std": 1.2443675417686406,
        "iqr": 1.3345983028411865,
        "mad": 0.6744907200336456,
        "mad_sigma": 0.999999941521883,
        "skewness": -0.9580417214593888,
        "kurtosis_excess": 1.3584804405101165,
        "delta_mean_median": -0.16812896597055862
      },
      "e_s": {
        "n": 130,
        "nan_frac": 0.0,
        "mean": 0.11626226596820813,
        "median": -1.1408701539039612e-06,
        "std": 1.2638097051869557,
        "iqr": 1.3726407587528229,
        "mad": 0.6744919205084443,
        "mad_sigma": 1.0000017213458194,
        "skewness": 1.6745415723818566,
        "kurtosis_excess": 5.7058751885949075,
        "delta_mean_median": 0.11626340683836203
      },
      "e_m": {
        "n": 130,
        "nan_frac": 0.0,
        "mean": 0.03674976167340691,
        "median": 1.1641532182693481e-07,
        "std": 0.9801477669135981,
        "iqr": 1.2635703831911087,
        "mad": 0.674490544013679,
        "mad_sigma": 0.9999996805546805,
        "skewness": -0.10057945257980705,
        "kurtosis_excess": -0.42048158620089326,
        "delta_mean_median": 0.036749645258085085
      }
    }
  },
  "entropy_provisional": {},
  "geometry_contract": {
    "policy_version": "standard_invalidity_v1",
    "status": "ok",
    "primary_requires_coords_9d": true,
    "shared_time_grid": {
      "epochs_before_policy": 130,
      "epochs_retained": 130,
      "epochs_dropped": 0,
      "drop_fraction": 0.0,
      "dropped_epoch_indices_preview": [],
      "drop_reason_counts": {
        "mnps_3d_nonfinite_rows": 0,
        "coords_9d_nonfinite_rows_affecting_primary": 0
      }
    },
    "mnps_3d": {
      "finite_row_fraction_before": 1.0,
      "nonfinite_row_count": 0,
      "degenerate_axes": [],
      "all_nan_axes": []
    },
    "coords_9d": {
      "available": true,
      "shape_matches_time_grid": true,
      "finite_row_fraction_before": 1.0,
      "nonfinite_row_count": 0,
      "nonfinite_rows_retained_on_shared_grid": 0,
      "degenerate_axes": [],
      "all_nan_axes": []
    },
    "time_grid": {
      "status": "ok",
      "warnings": [],
      "window_count": 130,
      "finite_window_bounds_fraction": 1.0,
      "dt_source": "window_start",
      "dt_sec_runtime": 4.0,
      "dt_sec_config": 4.0,
      "window_sec_config": 8.0,
      "dt_matches_runtime": true,
      "dt_matches_config_formula": true,
      "window_len_matches_config": true,
      "nonpositive_dt_count": 0,
      "nonpositive_window_len_count": 0,
      "dt_intervals_sec": {
        "n": 129,
        "mean": 4.0,
        "median": 4.0,