{
  "dataset_id": "ds004511:sub-S200205:ses-01_rest_run-01",
  "subject": "sub-S200205",
  "session": "ses-01",
  "reliability_axes": {
    "m": 0.6576953100351614,
    "d": 0.5128800784522356,
    "e": 0.5590919360231763
  },
  "reliability_subcoords": {
    "m_a": 0.6456417786960034,
    "m_e": 0.7552953917576956,
    "m_o": 0.5855832621353523,
    "d_n": 0.8011154914091708,
    "d_l": 0.5783530557549439,
    "d_s": 0.7015314762406589,
    "e_e": 0.5563975580408166,
    "e_s": 0.5380122237713514,
    "e_m": 0.7538081150248608
  }
}