{
  "dataset_id": "ds004511:sub-S200205:ses-01_rest_run-01",
  "subject": "sub-S200205",
  "session": "ses-01",
  "coverage": {
    "epochs": 128,
    "seconds": 512.0
  },
  "artifacts": {
    "methods": [
      "ica"
    ],
    "bad_eeg_channels": [
      "Batt_0",
      "Batt_1",
      "Batt_2",
      "Batt_3",
      "FFT10",
      "Foto",
      "Gnd-Ref",
      "Gnd-Ref1",
      "Gnd-Ref2",
      "Gnd-Ref3",
      "Ref",
      "Sync"
    ],
    "n_bad_eeg_channels": 12,
    "stem_collisions": {}
  },
  "ensemble": {
    "var_by_subcoord": {
      "m_a": 0.0020162751898169518,
      "m_e": 2.0949125477420262e-14,
      "m_o": 8.717266681721944e-15,
      "d_n": 5.134510438348228e-15,
      "d_l": 3.0097614938523476e-14,
      "d_s": 3.0722359335363936e-15,
      "e_e": 2.763161227603561e-12,
      "e_s": 7.580844589225033e-14,
      "e_m": 0.0
    },
    "var_mean": 0.00022403057696932134,
    "var_max": 0.0020162751898169518
  },
  "reliability": {
    "axes": {
      "m": 0.6576953100351614,
      "d": 0.5128800784522356,
      "e": 0.5590919360231763
    },
    "subcoords": {
      "m_a": 0.6456417786960034,
      "m_e": 0.7552953917576956,
      "m_o": 0.5855832621353523,
      "d_n": 0.8011154914091708,
      "d_l": 0.5783530557549439,
      "d_s": 0.7015314762406589,
      "e_e": 0.5563975580408166,
      "e_s": 0.5380122237713514,
      "e_m": 0.7538081150248608
    }
  },
  "dist_summary": {
    "axes": {
      "m": {
        "n": 128,
        "nan_frac": 0.0,
        "mean": -0.024401834346917894,
        "median": -0.004424104670761153,
        "std": 0.8932062308884359,
        "iqr": 1.1572389900684357,
        "mad": 0.5593635141849518,
        "mad_sigma": 0.8293123461306094,
        "skewness": -0.6751548364908108,
        "kurtosis_excess": 1.045529587527489,
        "delta_mean_median": -0.01997772967615674
      },
      "d": {
        "n": 128,
        "nan_frac": 0.0,
        "mean": -0.002912004965764936,
        "median": 0.013635179260745645,
        "std": 0.6340628981358505,
        "iqr": 0.6446724459528923,
        "mad": 0.33342351927421987,
        "mad_sigma": 0.49433370967595835,
        "skewness": 0.9371063748540573,
        "kurtosis_excess": 5.0535487388972165,
        "delta_mean_median": -0.01654718422651058
      },
      "e": {
        "n": 128,
        "nan_frac": 0.0,
        "mean": 0.13451917965721805,
        "median": 0.19682132452726364,
        "std": 0.6314602424598054,
        "iqr": 0.7376708760857582,
        "mad": 0.41862809658050537,
        "mad_sigma": 0.6206580159902573,
        "skewness": -0.08009032872855026,
        "kurtosis_excess": 0.729289129132324,
        "delta_mean_median": -0.062302144870045595
      }
    },
    "subcoords": {
      "m_a": {
        "n": 128,
        "nan_frac": 0.0,
        "mean": -0.14037552956142463,
        "median": -0.01341668888926506,
        "std": 1.0267951804501136,
        "iqr": 1.3971484452486038,
        "mad": 0.6917109899222851,
        "mad_sigma": 1.02553071365878,
        "skewness": -1.0267464024192767,
        "kurtosis_excess": 1.4591848570178296,
        "delta_mean_median": -0.12695884067215957
      },
      "m_e": {
        "n": 128,
        "nan_frac": 0.0,
        "mean": -0.03161791521051782,
        "median": 3.8102734833955765e-07,
        "std": 1.1174894573272862,
        "iqr": 1.3387512415647507,
        "mad": 0.6744907796382904,
        "mad_sigma": 1.0000000298917293,
        "skewness": -0.879530216725616,
        "kurtosis_excess": 2.4173771204637964,
        "delta_mean_median": -0.03161829623786616
      },
      "m_o": {
        "n": 128,
        "nan_frac": 0.0,
        "mean": 0.14420382308890112,
        "median": 0.0,
        "std": 1.155874078216332,
        "iqr": 1.3607179373502731,
        "mad": 0.674490749835968,
        "mad_sigma": 0.9999999857068061,
        "skewness": 0.9176635438306795,
        "kurtosis_excess": 2.718121489453705,
        "delta_mean_median": 0.14420382308890112
      },
      "d_n": {
        "n": 128,
        "nan_frac": 0.0,
        "mean": 0.17728219320997596,
        "median": 3.762543201446533e-07,
        "std": 1.1710796796649883,
        "iqr": 1.3052654415369034,
        "mad": 0.6744907200336456,
        "mad_sigma": 0.999999941521883,
        "skewness": 1.7007828333181423,
        "kurtosis_excess": 3.896872300258586,
        "delta_mean_median": 0.1772818169556558
      },
      "d_l": {
        "n": 128,
        "nan_frac": 0.0,
        "mean": -0.15567581369577965,
        "median": -4.7462526708841324e-07,
        "std": 1.1274651763509813,
        "iqr": 1.3416365832090378,
        "mad": 0.6744907200336456,
        "mad_sigma": 0.999999941521883,
        "skewness": -1.0173168658875686,
        "kurtosis_excess": 1.7531860450118808,
        "delta_mean_median": -0.15567533907051256
      },
      "d_s": {
        "n": 128,
        "nan_frac": 0.0,
        "mean": 0.12269234484119806,
        "median": 0.0,
        "std": 1.1438158524173596,
        "iqr": 1.347214698791504,
        "mad": 0.674490749835968,
        "mad_sigma": 0.9999999857068061,
        "skewness": 1.5367074665723437,
        "kurtosis_excess": 4.416369835917011,
        "delta_mean_median": 0.12269234484119806
      },
      "e_e": {
        "n": 128,
        "nan_frac": 0.0,
        "mean": -0.05412947500190057,
        "median": 2.7319183573126793e-06,
        "std": 0.9876380944833424,
        "iqr": 1.3350678831338882,
        "mad": 0.6744934519520029,
        "mad_sigma": 1.0000039918640395,
        "skewness": -0.48754644294742344,
        "kurtosis_excess": 0.4404488845869743,
        "delta_mean_median": -0.054132206920257886
      },
      "e_s": {
        "n": 128,
        "nan_frac": 0.0,
        "mean": 0.388439055197523,
        "median": 5.476176738739014e-07,
        "std": 1.5334978786728761,
        "iqr": 1.4718300104141235,
        "mad": 0.6744912974536419,
        "mad_sigma": 1.0000007976047693,
        "skewness": 1.7487528695584245,
        "kurtosis_excess": 4.102744428585467,
        "delta_mean_median": 0.3884385075798491
      },
      "e_m": {
        "n": 128,
        "nan_frac": 0.0,
        "mean": 0.2318871510487952,
        "median": 7.438939064741135e-08,
        "std": 0.8972296349751872,
        "iqr": 1.3177637979388237,
        "mad": 0.6744907944230363,
        "mad_sigma": 1.0000000518115935,
        "skewness": 0.4758951941924925,
        "kurtosis_excess": -0.37156690250792757,
        "delta_mean_median": 0.23188707665940456
      }
    }
  },
  "entropy_provisional": {},
  "geometry_contract": {
    "policy_version": "standard_invalidity_v1",
    "status": "ok",
    "primary_requires_coords_9d": true,
    "shared_time_grid": {
      "epochs_before_policy": 128,
      "epochs_retained": 128,
      "epochs_dropped": 0,
      "drop_fraction": 0.0,
      "dropped_epoch_indices_preview": [],
      "drop_reason_counts": {
        "mnps_3d_nonfinite_rows": 0,
        "coords_9d_nonfinite_rows_affecting_primary": 0
      }
    },
    "mnps_3d": {
      "finite_row_fraction_before": 1.0,
      "nonfinite_row_count": 0,
      "degenerate_axes": [],
      "all_nan_axes": []
    },
    "coords_9d": {
      "available": true,
      "shape_matches_time_grid": true,
      "finite_row_fraction_before": 1.0,
      "nonfinite_row_count": 0,
      "nonfinite_rows_retained_on_shared_grid": 0,
      "degenerate_axes": [],
      "all_nan_axes": []
    },
    "time_grid": {
      "status": "ok",
      "warnings": [],
      "window_count": 128,
      "finite_window_bounds_fraction": 1.0,
      "dt_source": "window_start",
      "dt_sec_runtime": 4.0,
      "dt_sec_config": 4.0,
      "window_sec_config": 8.0,
      "dt_matches_runtime": true,
      "dt_matches_config_formula": true,
      "window_len_matches_config": true,
      "nonpositive_dt_count": 0,
      "nonpositive_window_len_count": 0,
      "dt_intervals_sec": {
        "n": 127,
        "mean": 4.0,