{
  "dataset_id": "ds004511:sub-S200212:ses-01_rest_run-01",
  "subject": "sub-S200212",
  "session": "ses-01",
  "reliability_axes": {
    "m": 0.6895132856302587,
    "d": 0.8272399498547054,
    "e": 0.6494498656069259
  },
  "reliability_subcoords": {
    "m_a": 0.6779724634815916,
    "m_e": 0.7572021217790639,
    "m_o": 0.7608328181373479,
    "d_n": 0.8533395519168515,
    "d_l": 0.7509296039739823,
    "d_s": 0.7356075973269989,
    "e_e": 0.5793670392526594,
    "e_s": 0.7949038852437659,
    "e_m": 0.34461068820754287
  }
}