{
  "dataset_id": "ds004511:sub-S200212:ses-01_rest_run-01",
  "subject": "sub-S200212",
  "session": "ses-01",
  "coverage": {
    "epochs": 124,
    "seconds": 496.0
  },
  "artifacts": {
    "methods": [
      "ica"
    ],
    "bad_eeg_channels": [
      "Batt_0",
      "Batt_1",
      "Batt_2",
      "Batt_3",
      "Foto",
      "Gnd-Ref",
      "Gnd-Ref1",
      "Gnd-Ref2",
      "Gnd-Ref3",
      "Ref",
      "Sync"
    ],
    "n_bad_eeg_channels": 11,
    "stem_collisions": {}
  },
  "ensemble": {
    "var_by_subcoord": {
      "m_a": 0.0031150379218161106,
      "m_e": 2.9065698415806085e-15,
      "m_o": 1.2309489365314175e-15,
      "d_n": 4.57083796403775e-15,
      "d_l": 1.0656646192656188e-13,
      "d_s": 1.5523708349601123e-15,
      "e_e": 1.779002726381984e-12,
      "e_s": 3.6103230322860613e-13,
      "e_m": 0.0
    },
    "var_mean": 0.000346115324896997,
    "var_max": 0.0031150379218161106
  },
  "reliability": {
    "axes": {
      "m": 0.6895132856302587,
      "d": 0.8272399498547054,
      "e": 0.6494498656069259
    },
    "subcoords": {
      "m_a": 0.6779724634815916,
      "m_e": 0.7572021217790639,
      "m_o": 0.7608328181373479,
      "d_n": 0.8533395519168515,
      "d_l": 0.7509296039739823,
      "d_s": 0.7356075973269989,
      "e_e": 0.5793670392526594,
      "e_s": 0.7949038852437659,
      "e_m": 0.34461068820754287
    }
  },
  "dist_summary": {
    "axes": {
      "m": {
        "n": 124,
        "nan_frac": 0.0,
        "mean": 0.2265125852446222,
        "median": 0.01685546198859811,
        "std": 0.9871645178762153,
        "iqr": 0.8886807933449745,
        "mad": 0.4193058446981013,
        "mad_sigma": 0.621662845349405,
        "skewness": 1.2545619154315033,
        "kurtosis_excess": 1.2226111212786765,
        "delta_mean_median": 0.2096571232560241
      },
      "d": {
        "n": 124,
        "nan_frac": 0.0,
        "mean": 0.08356217429184565,
        "median": -0.033262982964515686,
        "std": 0.619563504906075,
        "iqr": 0.8618162274360657,
        "mad": 0.4162764549255371,
        "mad_sigma": 0.6171714720726013,
        "skewness": 0.47346254859450476,
        "kurtosis_excess": -0.6681774403077552,
        "delta_mean_median": 0.11682515725636133
      },
      "e": {
        "n": 124,
        "nan_frac": 0.0,
        "mean": 0.05854219787532554,
        "median": 0.11451353877782822,
        "std": 0.5472722569657887,
        "iqr": 0.5995754972100258,
        "mad": 0.3107963278889656,
        "mad_sigma": 0.4607866357281804,
        "skewness": -0.5041524626129816,
        "kurtosis_excess": 0.422117752906781,
        "delta_mean_median": -0.05597134090250268
      }
    },
    "subcoords": {
      "m_a": {
        "n": 124,
        "nan_frac": 0.0,
        "mean": -0.039910815115417206,
        "median": 0.11569847911596298,
        "std": 0.9444360811422049,
        "iqr": 1.2158576399087906,
        "mad": 0.563787192106247,
        "mad_sigma": 0.8358708910167216,
        "skewness": -0.5289537075743037,
        "kurtosis_excess": 0.7456446223727258,
        "delta_mean_median": -0.1556092942313802
      },
      "m_e": {
        "n": 124,
        "nan_frac": 0.0,
        "mean": 0.24512484100376886,
        "median": 5.960464477539063e-08,
        "std": 1.276359872575294,
        "iqr": 1.3435753881931305,
        "mad": 0.674490749835968,
        "mad_sigma": 0.9999999857068061,
        "skewness": 1.092893302749768,
        "kurtosis_excess": 0.7992707204417133,
        "delta_mean_median": 0.24512478139912408
      },
      "m_o": {
        "n": 124,
        "nan_frac": 0.0,
        "mean": 0.5708365518817557,
        "median": 1.157168298959732e-07,
        "std": 1.805090092570997,
        "iqr": 1.5347155928611755,
        "mad": 0.6744907200336456,
        "mad_sigma": 0.999999941521883,
        "skewness": 1.8492211718567144,
        "kurtosis_excess": 2.8235390369786506,
        "delta_mean_median": 0.5708364361649259
      },
      "d_n": {
        "n": 124,
        "nan_frac": 0.0,
        "mean": 0.1981035892911736,
        "median": 0.0,
        "std": 1.3576211787845676,
        "iqr": 1.329131841659546,
        "mad": 0.674490749835968,
        "mad_sigma": 0.9999999857068061,
        "skewness": 0.7134692461570832,
        "kurtosis_excess": 0.5135097314924462,
        "delta_mean_median": 0.1981035892911736
      },
      "d_l": {
        "n": 124,
        "nan_frac": 0.0,
        "mean": -0.0038991769693130928,
        "median": 5.69736585021019e-07,
        "std": 0.9825756987050535,
        "iqr": 1.3520047068595886,
        "mad": 0.6744907796382904,
        "mad_sigma": 1.0000000298917293,
        "skewness": 0.236168710902258,
        "kurtosis_excess": -0.1907215220049827,
        "delta_mean_median": -0.0038997467058981138
      },
      "d_s": {
        "n": 124,
        "nan_frac": 0.0,
        "mean": 0.13516070944963082,
        "median": 8.638016879558563e-08,
        "std": 1.1056858439154715,
        "iqr": 1.3788059949874878,
        "mad": 0.6744908660184592,
        "mad_sigma": 1.0000001579589675,
        "skewness": 0.5200284223826085,
        "kurtosis_excess": -0.3304232509656724,
        "delta_mean_median": 0.13516062306946203
      },
      "e_e": {
        "n": 124,
        "nan_frac": 0.0,
        "mean": 0.0340412481417579,
        "median": 0.0,
        "std": 1.0424479528456363,
        "iqr": 1.29496830701828,
        "mad": 0.6744906902313232,
        "mad_sigma": 0.9999998973369598,
        "skewness": -0.3315301459056005,
        "kurtosis_excess": 0.26846782157155014,
        "delta_mean_median": 0.0340412481417579
      },
      "e_s": {
        "n": 124,
        "nan_frac": 0.0,
        "mean": 0.09159457912075243,
        "median": 0.0,
        "std": 0.9209044624400039,
        "iqr": 1.2459957003593445,
        "mad": 0.674490749835968,
        "mad_sigma": 0.9999999857068061,
        "skewness": 0.0010544386357206632,
        "kurtosis_excess": -0.4328929814947693,
        "delta_mean_median": 0.09159457912075243
      },
      "e_m": {
        "n": 124,
        "nan_frac": 0.0,
        "mean": 0.06965341283789565,
        "median": 0.0,
        "std": 0.8909455523314479,
        "iqr": 1.3766676932573318,
        "mad": 0.6744906902313232,
        "mad_sigma": 0.9999998973369598,
        "skewness": -0.008206751001677738,
        "kurtosis_excess": 0.002323076281740999,
        "delta_mean_median": 0.06965341283789565
      }
    }
  },
  "entropy_provisional": {},
  "geometry_contract": {
    "policy_version": "standard_invalidity_v1",
    "status": "ok",
    "primary_requires_coords_9d": true,
    "shared_time_grid": {
      "epochs_before_policy": 124,
      "epochs_retained": 124,
      "epochs_dropped": 0,
      "drop_fraction": 0.0,
      "dropped_epoch_indices_preview": [],
      "drop_reason_counts": {
        "mnps_3d_nonfinite_rows": 0,
        "coords_9d_nonfinite_rows_affecting_primary": 0
      }
    },
    "mnps_3d": {
      "finite_row_fraction_before": 1.0,
      "nonfinite_row_count": 0,
      "degenerate_axes": [],
      "all_nan_axes": []
    },
    "coords_9d": {
      "available": true,
      "shape_matches_time_grid": true,
      "finite_row_fraction_before": 1.0,
      "nonfinite_row_count": 0,
      "nonfinite_rows_retained_on_shared_grid": 0,
      "degenerate_axes": [],
      "all_nan_axes": []
    },
    "time_grid": {
      "status": "ok",
      "warnings": [],
      "window_count": 124,
      "finite_window_bounds_fraction": 1.0,
      "dt_source": "window_start",
      "dt_sec_runtime": 4.0,
      "dt_sec_config": 4.0,
      "window_sec_config": 8.0,
      "dt_matches_runtime": true,
      "dt_matches_config_formula": true,
      "window_len_matches_config": true,
      "nonpositive_dt_count": 0,
      "nonpositive_window_len_count": 0,
      "dt_intervals_sec": {
        "n": 123,
        "mean": 4.0,
        "median": 4.0,
        "iqr": 0.0,
        "p95": 4.0,