{
  "dataset_id": "ds004511:sub-S200214:ses-01_rest_run-01",
  "subject": "sub-S200214",
  "session": "ses-01",
  "reliability_axes": {
    "m": 0.3770114301011012,
    "d": 0.2803006820086952,
    "e": 0.42114390435407223
  },
  "reliability_subcoords": {
    "m_a": 0.37658391548614745,
    "m_e": 0.5624716212610595,
    "m_o": 0.5948407538004126,
    "d_n": 0.8161036191676261,
    "d_l": 0.1927857919160337,
    "d_s": 0.554373842275656,
    "e_e": 0.6984779129542172,
    "e_s": 0.08427410793845765,
    "e_m": 0.7142294010615532
  }
}