{
  "dataset_id": "ds004511:sub-S200214:ses-01_rest_run-01",
  "subject": "sub-S200214",
  "session": "ses-01",
  "coverage": {
    "epochs": 127,
    "seconds": 508.0
  },
  "artifacts": {
    "methods": [
      "ica"
    ],
    "bad_eeg_channels": [
      "Batt_0",
      "Batt_1",
      "Batt_2",
      "Batt_3",
      "Foto",
      "Gnd-Ref",
      "Gnd-Ref1",
      "Gnd-Ref2",
      "Gnd-Ref3",
      "Ref",
      "Sync"
    ],
    "n_bad_eeg_channels": 11,
    "stem_collisions": {}
  },
  "ensemble": {
    "var_by_subcoord": {
      "m_a": 0.0009163900977000594,
      "m_e": 0.0,
      "m_o": 0.0,
      "d_n": 0.0,
      "d_l": 0.0,
      "d_s": 0.0,
      "e_e": 0.0,
      "e_s": 0.0,
      "e_m": 0.0
    },
    "var_mean": 0.00010182112196667327,
    "var_max": 0.0009163900977000594
  },
  "reliability": {
    "axes": {
      "m": 0.3770114301011012,
      "d": 0.2803006820086952,
      "e": 0.42114390435407223
    },
    "subcoords": {
      "m_a": 0.37658391548614745,
      "m_e": 0.5624716212610595,
      "m_o": 0.5948407538004126,
      "d_n": 0.8161036191676261,
      "d_l": 0.1927857919160337,
      "d_s": 0.554373842275656,
      "e_e": 0.6984779129542172,
      "e_s": 0.08427410793845765,
      "e_m": 0.7142294010615532
    }
  },
  "dist_summary": {
    "axes": {
      "m": {
        "n": 127,
        "nan_frac": 0.0,
        "mean": 0.016243524255421686,
        "median": -0.04979845508933067,
        "std": 0.8272639573923536,
        "iqr": 1.2156658470630646,
        "mad": 0.5762913562357426,
        "mad_sigma": 0.8544095647551119,
        "skewness": -0.039346603791355926,
        "kurtosis_excess": -0.37266255973910134,
        "delta_mean_median": 0.06604197934475237
      },
      "d": {
        "n": 127,
        "nan_frac": 0.0,
        "mean": -0.0018843574477836313,
        "median": 0.05628569796681404,
        "std": 0.6000425362019693,
        "iqr": 0.7408614307641983,
        "mad": 0.40086792036890984,
        "mad_sigma": 0.5943267787389457,
        "skewness": -0.6997562396483792,
        "kurtosis_excess": 2.6646057983718556,
        "delta_mean_median": -0.058170055414597674
      },
      "e": {
        "n": 127,
        "nan_frac": 0.0,
        "mean": 0.07619078620153619,
        "median": 0.016479911282658577,
        "std": 0.8041896457049058,
        "iqr": 0.7910529375076294,
        "mad": 0.44128811173141,
        "mad_sigma": 0.6542537544529885,
        "skewness": 0.8662134301996983,
        "kurtosis_excess": 2.2467687072064546,
        "delta_mean_median": 0.05971087491887761
      }
    },
    "subcoords": {
      "m_a": {
        "n": 127,
        "nan_frac": 0.0,
        "mean": -0.10994597060943213,
        "median": 0.01227349042892456,
        "std": 1.2030723302621775,
        "iqr": 1.2035803496837616,
        "mad": 0.598289430141449,
        "mad_sigma": 0.8870239091277122,
        "skewness": -2.5098802772417956,
        "kurtosis_excess": 10.254691453188496,
        "delta_mean_median": -0.1222194610383567
      },
      "m_e": {
        "n": 127,
        "nan_frac": 0.0,
        "mean": -0.049918498770575824,
        "median": 0.0,
        "std": 0.9679547379483141,
        "iqr": 1.3857493698596954,
        "mad": 0.674490749835968,
        "mad_sigma": 0.9999999857068061,
        "skewness": -0.32582337555563157,
        "kurtosis_excess": -0.4315547652524785,
        "delta_mean_median": -0.049918498770575824
      },
      "m_o": {
        "n": 127,
        "nan_frac": 0.0,
        "mean": 0.270969327817869,
        "median": 0.0,
        "std": 1.1934714003720717,
        "iqr": 1.454005390405655,
        "mad": 0.674490749835968,
        "mad_sigma": 0.9999999857068061,
        "skewness": 1.2580606806127195,
        "kurtosis_excess": 1.7716776090350974,
        "delta_mean_median": 0.270969327817869
      },
      "d_n": {
        "n": 127,
        "nan_frac": 0.0,
        "mean": 0.05109535063814929,
        "median": 0.0,
        "std": 1.1627048652435723,
        "iqr": 1.3326587677001953,
        "mad": 0.674490749835968,
        "mad_sigma": 0.9999999857068061,
        "skewness": 0.8009394405117141,
        "kurtosis_excess": 4.24971852500431,
        "delta_mean_median": 0.05109535063814929
      },
      "d_l": {
        "n": 127,
        "nan_frac": 0.0,
        "mean": -0.1641328026362746,
        "median": 0.0,
        "std": 1.197311990123606,
        "iqr": 1.2805094122886658,
        "mad": 0.674490749835968,
        "mad_sigma": 0.9999999857068061,
        "skewness": -1.118491850362092,
        "kurtosis_excess": 2.531509781900434,
        "delta_mean_median": -0.1641328026362746
      },
      "d_s": {
        "n": 127,
        "nan_frac": 0.0,
        "mean": 0.37866515787245014,
        "median": 0.0,
        "std": 1.3141936969038637,
        "iqr": 1.3651525676250458,
        "mad": 0.674490749835968,
        "mad_sigma": 0.9999999857068061,
        "skewness": 1.918961075605684,
        "kurtosis_excess": 4.251102697646771,
        "delta_mean_median": 0.37866515787245014
      },
      "e_e": {
        "n": 127,
        "nan_frac": 0.0,
        "mean": -0.05225733875303427,
        "median": 0.0,
        "std": 1.1222416535036948,
        "iqr": 1.3506996929645538,
        "mad": 0.6744906902313232,
        "mad_sigma": 0.9999998973369598,
        "skewness": -0.6585775576926163,
        "kurtosis_excess": 1.5339384828561213,
        "delta_mean_median": -0.05225733875303427
      },
      "e_s": {
        "n": 127,
        "nan_frac": 0.0,
        "mean": 0.23967355302732996,
        "median": 0.0,
        "std": 1.2425901161984614,
        "iqr": 1.3475656509399414,
        "mad": 0.674490749835968,
        "mad_sigma": 0.9999999857068061,
        "skewness": 1.7106127920733527,
        "kurtosis_excess": 5.564463042027878,
        "delta_mean_median": 0.23967355302732996
      },
      "e_m": {
        "n": 127,
        "nan_frac": 0.0,
        "mean": 0.3369107835772117,
        "median": 0.0,
        "std": 1.438175665052556,
        "iqr": 1.411424607038498,
        "mad": 0.674490749835968,
        "mad_sigma": 0.9999999857068061,
        "skewness": 2.2947715744585238,
        "kurtosis_excess": 6.283850203774115,
        "delta_mean_median": 0.3369107835772117
      }
    }
  },
  "entropy_provisional": {},
  "geometry_contract": {
    "policy_version": "standard_invalidity_v1",
    "status": "ok",
    "primary_requires_coords_9d": true,
    "shared_time_grid": {
      "epochs_before_policy": 127,
      "epochs_retained": 127,
      "epochs_dropped": 0,
      "drop_fraction": 0.0,
      "dropped_epoch_indices_preview": [],
      "drop_reason_counts": {
        "mnps_3d_nonfinite_rows": 0,
        "coords_9d_nonfinite_rows_affecting_primary": 0
      }
    },
    "mnps_3d": {
      "finite_row_fraction_before": 1.0,
      "nonfinite_row_count": 0,
      "degenerate_axes": [],
      "all_nan_axes": []
    },
    "coords_9d": {
      "available": true,
      "shape_matches_time_grid": true,
      "finite_row_fraction_before": 1.0,
      "nonfinite_row_count": 0,
      "nonfinite_rows_retained_on_shared_grid": 0,
      "degenerate_axes": [],
      "all_nan_axes": []
    },
    "time_grid": {
      "status": "ok",
      "warnings": [],
      "window_count": 127,
      "finite_window_bounds_fraction": 1.0,
      "dt_source": "window_start",
      "dt_sec_runtime": 4.0,
      "dt_sec_config": 4.0,
      "window_sec_config": 8.0,
      "dt_matches_runtime": true,
      "dt_matches_config_formula": true,
      "window_len_matches_config": true,
      "nonpositive_dt_count": 0,
      "nonpositive_window_len_count": 0,
      "dt_intervals_sec": {
        "n": 126,
        "mean": 4.0,
        "median": 4.0,
        "iqr": 0.0,
        "p95": 4.0,
        "max": 4.0
      },
      "window_lengths_sec": {
        "n": 127,
        "mean": 8.0,
        "median": 8.0,
        "iqr": 0.0,
        "p95": 8.0,
        "max": 8.0
      }
    },