{
  "dataset_id": "ds004511:sub-S200221:ses-01_rest_run-01",
  "subject": "sub-S200221",
  "session": "ses-01",
  "reliability_axes": {
    "m": 0.6978975669142778,
    "d": 0.7540319469572132,
    "e": 0.6159652974885265
  },
  "reliability_subcoords": {
    "m_a": 0.6955240932119469,
    "m_e": 0.7497311913240031,
    "m_o": 0.5839145054246204,
    "d_n": 0.861618482887752,
    "d_l": 0.5218865299611687,
    "d_s": 0.6943650218928142,
    "e_e": 0.5581329246862557,
    "e_s": 0.5859426101793282,
    "e_m": 0.27517723876770983
  }
}