{
  "dataset_id": "ds004511:sub-S200221:ses-01_rest_run-01",
  "subject": "sub-S200221",
  "session": "ses-01",
  "coverage": {
    "epochs": 126,
    "seconds": 504.0
  },
  "artifacts": {
    "methods": [
      "ica"
    ],
    "bad_eeg_channels": [
      "Batt_0",
      "Batt_1",
      "Batt_2",
      "Batt_3",
      "Foto",
      "Gnd-Ref",
      "Gnd-Ref1",
      "Gnd-Ref2",
      "Gnd-Ref3",
      "Ref",
      "Sync"
    ],
    "n_bad_eeg_channels": 11,
    "stem_collisions": {}
  },
  "ensemble": {
    "var_by_subcoord": {
      "m_a": 0.0034293364733457565,
      "m_e": 6.93933774917159e-15,
      "m_o": 3.0601157390941318e-15,
      "d_n": 2.2057130969789507e-14,
      "d_l": 3.042381884615919e-13,
      "d_s": 1.0161034763833373e-15,
      "e_e": 3.1966400013128116e-13,
      "e_s": 3.391898578414959e-13,
      "e_m": 0.0
    },
    "var_mean": 0.0003810373860379912,
    "var_max": 0.0034293364733457565
  },
  "reliability": {
    "axes": {
      "m": 0.6978975669142778,
      "d": 0.7540319469572132,
      "e": 0.6159652974885265
    },
    "subcoords": {
      "m_a": 0.6955240932119469,
      "m_e": 0.7497311913240031,
      "m_o": 0.5839145054246204,
      "d_n": 0.861618482887752,
      "d_l": 0.5218865299611687,
      "d_s": 0.6943650218928142,
      "e_e": 0.5581329246862557,
      "e_s": 0.5859426101793282,
      "e_m": 0.27517723876770983
    }
  },
  "dist_summary": {
    "axes": {
      "m": {
        "n": 126,
        "nan_frac": 0.0,
        "mean": -0.0018621725880260032,
        "median": -0.057084424421191216,
        "std": 0.818194083343048,
        "iqr": 1.1062009036540985,
        "mad": 0.622406005859375,
        "mad_sigma": 0.9227791442871093,
        "skewness": -0.16736096393271035,
        "kurtosis_excess": -0.200799606876239,
        "delta_mean_median": 0.05522225183316521
      },
      "d": {
        "n": 126,
        "nan_frac": 0.0,
        "mean": 0.041219415597706324,
        "median": 0.11229566112160683,
        "std": 0.7575788482439759,
        "iqr": 0.7285634465515614,
        "mad": 0.36409200355410576,
        "mad_sigma": 0.5398028044693172,
        "skewness": -0.7646127372030417,
        "kurtosis_excess": 3.245974194824721,
        "delta_mean_median": -0.0710762455239005
      },
      "e": {
        "n": 126,
        "nan_frac": 0.0,
        "mean": 0.13041034102484228,
        "median": -0.014710832852870226,
        "std": 0.702020771254552,
        "iqr": 0.7695896774530411,
        "mad": 0.38486331701278687,
        "mad_sigma": 0.5705983538031578,
        "skewness": 1.6435159979271836,
        "kurtosis_excess": 5.131391000896977,
        "delta_mean_median": 0.1451211738777125
      }
    },
    "subcoords": {
      "m_a": {
        "n": 126,
        "nan_frac": 0.0,
        "mean": -0.08191411603715211,
        "median": -0.0022952817380428314,
        "std": 1.1818656573328616,
        "iqr": 1.1235758811235428,
        "mad": 0.5821059606969357,
        "mad_sigma": 0.8630302973292767,
        "skewness": -2.1331078149142857,
        "kurtosis_excess": 8.53171501018302,
        "delta_mean_median": -0.07961883429910928
      },
      "m_e": {
        "n": 126,
        "nan_frac": 0.0,
        "mean": -0.041275865686613886,
        "median": 0.0,
        "std": 0.9716496242141662,
        "iqr": 1.3315639942884445,
        "mad": 0.674490749835968,
        "mad_sigma": 0.9999999857068061,
        "skewness": -0.04910998667516396,
        "kurtosis_excess": -0.6246458103700938,
        "delta_mean_median": -0.041275865686613886
      },
      "m_o": {
        "n": 126,
        "nan_frac": 0.0,
        "mean": 0.15660390301999297,
        "median": 1.0419171303510666e-07,
        "std": 0.9920139092435485,
        "iqr": 1.4332493990659714,
        "mad": 0.674490854027681,
        "mad_sigma": 1.0000001401814398,
        "skewness": 0.5882160085684548,
        "kurtosis_excess": -0.3830401768637799,
        "delta_mean_median": 0.15660379882827993
      },
      "d_n": {
        "n": 126,
        "nan_frac": 0.0,
        "mean": 0.07839695290322342,
        "median": 0.0,
        "std": 1.4000663015924886,
        "iqr": 1.3328160047531128,
        "mad": 0.6744907796382904,
        "mad_sigma": 1.0000000298917293,
        "skewness": 1.6234411149761396,
        "kurtosis_excess": 6.043983264566938,
        "delta_mean_median": 0.07839695290322342
      },
      "d_l": {
        "n": 126,
        "nan_frac": 0.0,
        "mean": -0.03231249424436736,
        "median": -8.102506399154663e-07,
        "std": 1.081561611707189,
        "iqr": 1.3473264127969742,
        "mad": 0.6744915600866079,
        "mad_sigma": 1.0000011869844048,
        "skewness": -0.3008631098286261,
        "kurtosis_excess": 1.0621599260096994,
        "delta_mean_median": -0.03231168399372744
      },
      "d_s": {
        "n": 126,
        "nan_frac": 0.0,
        "mean": 0.19017440758808146,
        "median": -8.079223334789276e-08,
        "std": 1.0163131188486278,
        "iqr": 1.307413026690483,
        "mad": 0.674490749835968,
        "mad_sigma": 0.9999999857068061,
        "skewness": 1.119267533091331,
        "kurtosis_excess": 1.0337238043196049,
        "delta_mean_median": 0.1901744883803148
      },
      "e_e": {
        "n": 126,
        "nan_frac": 0.0,
        "mean": 0.09998011420525256,
        "median": 0.0,
        "std": 0.9223634479071596,
        "iqr": 1.3807655423879623,
        "mad": 0.6744906604290009,
        "mad_sigma": 0.9999998531520367,
        "skewness": 0.22731911727707427,
        "kurtosis_excess": -0.63921125378174,
        "delta_mean_median": 0.09998011420525256
      },
      "e_s": {
        "n": 126,
        "nan_frac": 0.0,
        "mean": 0.1717489721578738,
        "median": 0.0,
        "std": 1.3140408166170323,
        "iqr": 1.3834082931280136,
        "mad": 0.6744907796382904,
        "mad_sigma": 1.0000000298917293,
        "skewness": 1.4988055925204644,
        "kurtosis_excess": 4.624798894301841,
        "delta_mean_median": 0.1717489721578738
      },
      "e_m": {
        "n": 126,
        "nan_frac": 0.0,
        "mean": 0.13826862018969324,
        "median": 0.0,
        "std": 1.2634258912795593,
        "iqr": 1.3517547994852066,
        "mad": 0.6744906902313232,
        "mad_sigma": 0.9999998973369598,
        "skewness": 1.6653330940085964,
        "kurtosis_excess": 5.124087611520727,
        "delta_mean_median": 0.13826862018969324
      }
    }
  },
  "entropy_provisional": {},
  "geometry_contract": {
    "policy_version": "standard_invalidity_v1",
    "status": "ok",
    "primary_requires_coords_9d": true,
    "shared_time_grid": {
      "epochs_before_policy": 126,
      "epochs_retained": 126,
      "epochs_dropped": 0,
      "drop_fraction": 0.0,
      "dropped_epoch_indices_preview": [],
      "drop_reason_counts": {
        "mnps_3d_nonfinite_rows": 0,
        "coords_9d_nonfinite_rows_affecting_primary": 0
      }
    },
    "mnps_3d": {
      "finite_row_fraction_before": 1.0,
      "nonfinite_row_count": 0,
      "degenerate_axes": [],
      "all_nan_axes": []
    },
    "coords_9d": {
      "available": true,
      "shape_matches_time_grid": true,
      "finite_row_fraction_before": 1.0,
      "nonfinite_row_count": 0,
      "nonfinite_rows_retained_on_shared_grid": 0,
      "degenerate_axes": [],
      "all_nan_axes": []
    },
    "time_grid": {
      "status": "ok",
      "warnings": [],
      "window_count": 126,
      "finite_window_bounds_fraction": 1.0,
      "dt_source": "window_start",
      "dt_sec_runtime": 4.0,
      "dt_sec_config": 4.0,
      "window_sec_config": 8.0,
      "dt_matches_runtime": true,
      "dt_matches_config_formula": true,
      "window_len_matches_config": true,
      "nonpositive_dt_count": 0,
      "nonpositive_window_len_count": 0,
      "dt_intervals_sec": {
        "n": 125,
        "mean": 4.0,
        "median": 4.0,
        "iqr": 0.0,
        "p95": 4.0,