{
  "dataset_id": "ds004511:sub-S210224:ses-01_gambling_run-01",
  "subject": "sub-S210224",
  "session": "ses-01",
  "reliability_axes": {
    "m": 0.6184488514248964,
    "d": 0.7203636468556608,
    "e": 0.5174313329029372
  },
  "reliability_subcoords": {
    "m_a": 0.6986984942703586,
    "m_e": 0.6178362699009579,
    "m_o": 0.6136383704304722,
    "d_n": 0.7712076837067917,
    "d_l": 0.6693597429942478,
    "d_s": 0.4502032106059148,
    "e_e": 0.54207167418412,
    "e_s": 0.6584903682576146,
    "e_m": 0.756780697027332
  }
}