{
  "dataset_id": "ds004511:sub-S210224:ses-01_gambling_run-01",
  "subject": "sub-S210224",
  "session": "ses-01",
  "coverage": {
    "epochs": 887,
    "seconds": 3548.0
  },
  "artifacts": {
    "methods": [
      "ica"
    ],
    "bad_eeg_channels": [
      "Batt_0",
      "Batt_1",
      "Batt_2",
      "Batt_3",
      "Gnd-Ref",
      "Gnd-Ref1",
      "Gnd-Ref2",
      "Gnd-Ref3",
      "Ref",
      "Sync"
    ],
    "n_bad_eeg_channels": 10,
    "stem_collisions": {}
  },
  "ensemble": {
    "var_by_subcoord": {
      "m_a": 0.0001132315956056118,
      "m_e": 0.0,
      "m_o": 0.0,
      "d_n": 0.0,
      "d_l": 0.0,
      "d_s": 0.0,
      "e_e": 0.0,
      "e_s": 0.0,
      "e_m": 0.0
    },
    "var_mean": 1.2581288400623533e-05,
    "var_max": 0.0001132315956056118
  },
  "reliability": {
    "axes": {
      "m": 0.6184488514248964,
      "d": 0.7203636468556608,
      "e": 0.5174313329029372
    },
    "subcoords": {
      "m_a": 0.6986984942703586,
      "m_e": 0.6178362699009579,
      "m_o": 0.6136383704304722,
      "d_n": 0.7712076837067917,
      "d_l": 0.6693597429942478,
      "d_s": 0.4502032106059148,
      "e_e": 0.54207167418412,
      "e_s": 0.6584903682576146,
      "e_m": 0.756780697027332
    }
  },
  "dist_summary": {
    "axes": {
      "m": {
        "n": 887,
        "nan_frac": 0.0,
        "mean": -0.10691173245756033,
        "median": -0.026318512856960297,
        "std": 0.8721058808801994,
        "iqr": 0.9451480656862259,
        "mad": 0.47342704981565475,
        "mad_sigma": 0.7019029440566897,
        "skewness": -0.9946030414613872,
        "kurtosis_excess": 2.3562820279440606,
        "delta_mean_median": -0.08059321960060004
      },
      "d": {
        "n": 887,
        "nan_frac": 0.0,
        "mean": 0.1590486808488116,
        "median": 0.006049410440027714,
        "std": 0.9199546970873337,
        "iqr": 0.9449404180049896,
        "mad": 0.4659343520179391,
        "mad_sigma": 0.6907942703017964,
        "skewness": 0.9959443855680689,
        "kurtosis_excess": 1.8172481427300289,
        "delta_mean_median": 0.1529992704087839
      },
      "e": {
        "n": 887,
        "nan_frac": 0.0,
        "mean": 0.039724588609933685,
        "median": 0.019782057031989098,
        "std": 0.6625575103738754,
        "iqr": 0.8275504410266876,
        "mad": 0.41720001958310604,
        "mad_sigma": 0.618540749033913,
        "skewness": 0.3251890243522088,
        "kurtosis_excess": 1.6424303830156246,
        "delta_mean_median": 0.019942531577944587
      }
    },
    "subcoords": {
      "m_a": {
        "n": 887,
        "nan_frac": 0.0,
        "mean": -0.20952882099447281,
        "median": 0.018475234508514404,
        "std": 1.279465384999787,
        "iqr": 1.1452581584453583,
        "mad": 0.5626839995384216,
        "mad_sigma": 0.8342352977156638,
        "skewness": -2.082034423966559,
        "kurtosis_excess": 6.017043977941846,
        "delta_mean_median": -0.22800405550298722
      },
      "m_e": {
        "n": 887,
        "nan_frac": 0.0,
        "mean": -0.2030773716558413,
        "median": 0.0,
        "std": 1.311240649139492,
        "iqr": 1.3556323945522308,
        "mad": 0.674490749835968,
        "mad_sigma": 0.9999999857068061,
        "skewness": -1.374412820905964,
        "kurtosis_excess": 3.33426863974604,
        "delta_mean_median": -0.2030773716558413
      },
      "m_o": {
        "n": 887,
        "nan_frac": 0.0,
        "mean": 0.15200760156079485,
        "median": 0.0,
        "std": 1.1671125969032865,
        "iqr": 1.3382047414779663,
        "mad": 0.674490749835968,
        "mad_sigma": 0.9999999857068061,
        "skewness": 1.4257940913857012,
        "kurtosis_excess": 3.75978059048375,
        "delta_mean_median": 0.15200760156079485
      },
      "d_n": {
        "n": 887,
        "nan_frac": 0.0,
        "mean": 0.4449327383967371,
        "median": 0.0,
        "std": 1.694701652901587,
        "iqr": 1.427196055650711,
        "mad": 0.674490749835968,
        "mad_sigma": 0.9999999857068061,
        "skewness": 1.8495196994536423,
        "kurtosis_excess": 3.267930320771166,
        "delta_mean_median": 0.4449327383967371
      },
      "d_l": {
        "n": 887,
        "nan_frac": 0.0,
        "mean": -0.004659522483870807,
        "median": 0.0,
        "std": 1.237595744402892,
        "iqr": 1.3438951969146729,
        "mad": 0.674490749835968,
        "mad_sigma": 0.9999999857068061,
        "skewness": -0.5328230154624176,
        "kurtosis_excess": 3.799463034271576,
        "delta_mean_median": -0.004659522483870807
      },
      "d_s": {
        "n": 887,
        "nan_frac": 0.0,
        "mean": 0.12797258360768912,
        "median": 0.0,
        "std": 1.0524042569387055,
        "iqr": 1.3695939481258392,
        "mad": 0.674490749835968,
        "mad_sigma": 0.9999999857068061,
        "skewness": 0.8626413933457462,
        "kurtosis_excess": 1.6389237345516197,
        "delta_mean_median": 0.12797258360768912
      },
      "e_e": {
        "n": 887,
        "nan_frac": 0.0,
        "mean": -0.011640263284953456,
        "median": 0.0,
        "std": 0.9783244850993694,
        "iqr": 1.3524421155452728,
        "mad": 0.6744906306266785,
        "mad_sigma": 0.9999998089671135,
        "skewness": -0.20560876533020142,
        "kurtosis_excess": 0.06014764248049609,
        "delta_mean_median": -0.011640263284953456
      },
      "e_s": {
        "n": 887,
        "nan_frac": 0.0,
        "mean": 0.10636938331118997,
        "median": 0.0,
        "std": 1.2718812446876822,
        "iqr": 1.366927683353424,
        "mad": 0.674490749835968,
        "mad_sigma": 0.9999999857068061,
        "skewness": 1.1627513427205052,
        "kurtosis_excess": 4.707169240729857,
        "delta_mean_median": 0.10636938331118997
      },
      "e_m": {
        "n": 887,
        "nan_frac": 0.0,
        "mean": 0.1177363808452138,
        "median": 0.0,
        "std": 0.8934669034270138,
        "iqr": 1.3818823099136353,
        "mad": 0.6744906902313232,
        "mad_sigma": 0.9999998973369598,
        "skewness": 0.5749158934819423,
        "kurtosis_excess": 0.2853537796023722,
        "delta_mean_median": 0.1177363808452138
      }
    }
  },
  "entropy_provisional": {},
  "geometry_contract": {
    "policy_version": "standard_invalidity_v1",
    "status": "ok",
    "primary_requires_coords_9d": true,
    "shared_time_grid": {
      "epochs_before_policy": 887,
      "epochs_retained": 887,
      "epochs_dropped": 0,
      "drop_fraction": 0.0,
      "dropped_epoch_indices_preview": [],
      "drop_reason_counts": {
        "mnps_3d_nonfinite_rows": 0,
        "coords_9d_nonfinite_rows_affecting_primary": 0
      }
    },
    "mnps_3d": {
      "finite_row_fraction_before": 1.0,
      "nonfinite_row_count": 0,
      "degenerate_axes": [],
      "all_nan_axes": []
    },
    "coords_9d": {
      "available": true,
      "shape_matches_time_grid": true,
      "finite_row_fraction_before": 1.0,
      "nonfinite_row_count": 0,
      "nonfinite_rows_retained_on_shared_grid": 0,
      "degenerate_axes": [],
      "all_nan_axes": []
    },
    "time_grid": {
      "status": "ok",
      "warnings": [],
      "window_count": 887,
      "finite_window_bounds_fraction": 1.0,
      "dt_source": "window_start",
      "dt_sec_runtime": 4.0,
      "dt_sec_config": 4.0,
      "window_sec_config": 8.0,
      "dt_matches_runtime": true,
      "dt_matches_config_formula": true,
      "window_len_matches_config": true,
      "nonpositive_dt_count": 0,
      "nonpositive_window_len_count": 0,
      "dt_intervals_sec": {
        "n": 886,
        "mean": 4.0,
        "median": 4.0,
        "iqr": 0.0,
        "p95": 4.0,
        "max": 4.0
      },
      "window_lengths_sec": {
        "n": 887,
        "mean": 8.0,
        "median": 8.0,
        "iqr": 0.0,
        "p95": 8.0,
        "max": 8.0
      }
    },