{
  "dataset_id": "ds004511:sub-S210128:ses-01_gambling_run-01",
  "subject": "sub-S210128",
  "session": "ses-01",
  "reliability_axes": {
    "m": 0.5738887950598178,
    "d": 0.5796861521036154,
    "e": 0.6520439564204306
  },
  "reliability_subcoords": {
    "m_a": 0.4980336349846478,
    "m_e": 0.5748017984740135,
    "m_o": 0.40707718898549883,
    "d_n": 0.5344109882750551,
    "d_l": 0.5777672491592206,
    "d_s": 0.39908150397824993,
    "e_e": 0.7963465801487737,
    "e_s": 0.5232374209460776,
    "e_m": 0.6712035420565667
  }
}