{
  "dataset_id": "ds004511:sub-S210128:ses-01_gambling_run-01",
  "subject": "sub-S210128",
  "session": "ses-01",
  "coverage": {
    "epochs": 898,
    "seconds": 3592.0
  },
  "artifacts": {
    "methods": [
      "ica"
    ],
    "bad_eeg_channels": [
      "Batt_0",
      "Batt_1",
      "Batt_2",
      "Batt_3",
      "Gnd-Ref",
      "Gnd-Ref1",
      "Gnd-Ref2",
      "Gnd-Ref3",
      "Iz",
      "Ref",
      "Sync"
    ],
    "n_bad_eeg_channels": 11,
    "stem_collisions": {}
  },
  "ensemble": {
    "var_by_subcoord": {
      "m_a": 7.780805026413873e-05,
      "m_e": 3.057981216067051e-15,
      "m_o": 2.4738290097512695e-14,
      "d_n": 7.725924731243929e-15,
      "d_l": 9.331012525148896e-14,
      "d_s": 3.664520333772174e-15,
      "e_e": 1.1514643405430292e-12,
      "e_s": 3.528760942304865e-13,
      "e_m": 0.0
    },
    "var_mean": 8.645339100108444e-06,
    "var_max": 7.780805026413873e-05
  },
  "reliability": {
    "axes": {
      "m": 0.5738887950598178,
      "d": 0.5796861521036154,
      "e": 0.6520439564204306
    },
    "subcoords": {
      "m_a": 0.4980336349846478,
      "m_e": 0.5748017984740135,
      "m_o": 0.40707718898549883,
      "d_n": 0.5344109882750551,
      "d_l": 0.5777672491592206,
      "d_s": 0.39908150397824993,
      "e_e": 0.7963465801487737,
      "e_s": 0.5232374209460776,
      "e_m": 0.6712035420565667
    }
  },
  "dist_summary": {
    "axes": {
      "m": {
        "n": 898,
        "nan_frac": 0.0,
        "mean": -0.17702415552110057,
        "median": -0.031279342249035835,
        "std": 1.0205700392544457,
        "iqr": 1.0096688941121101,
        "mad": 0.5071808826178312,
        "mad_sigma": 0.7519463765691965,
        "skewness": -1.3750110515439906,
        "kurtosis_excess": 3.0872300899616913,
        "delta_mean_median": -0.14574481327206473
      },
      "d": {
        "n": 898,
        "nan_frac": 0.0,
        "mean": -0.011923524325976423,
        "median": 0.02049816120415926,
        "std": 0.7938537404716284,
        "iqr": 0.9636162295937538,
        "mad": 0.4808903383091092,
        "mad_sigma": 0.7129680155770852,
        "skewness": -0.7767554202526545,
        "kurtosis_excess": 1.9628603493121224,
        "delta_mean_median": -0.032421685530135684
      },
      "e": {
        "n": 898,
        "nan_frac": 0.0,
        "mean": 0.00075296489578902,
        "median": 0.03339163027703762,
        "std": 0.9271318029146681,
        "iqr": 0.9570634514093399,
        "mad": 0.48498082160949707,
        "mad_sigma": 0.7190325661182403,
        "skewness": -0.373651480296761,
        "kurtosis_excess": 2.108300189726573,
        "delta_mean_median": -0.0326386653812486
      }
    },
    "subcoords": {
      "m_a": {
        "n": 898,
        "nan_frac": 0.0,
        "mean": -0.43999706559663093,
        "median": 0.03112461417913437,
        "std": 1.685319254312023,
        "iqr": 1.0792852193117142,
        "mad": 0.5388194024562836,
        "mad_sigma": 0.798853646081686,
        "skewness": -1.7435647106993248,
        "kurtosis_excess": 2.6388129322423595,
        "delta_mean_median": -0.4711216797757653
      },
      "m_e": {
        "n": 898,
        "nan_frac": 0.0,
        "mean": -0.1987826970004905,
        "median": 4.7220964916050434e-07,
        "std": 1.2667835271742933,
        "iqr": 1.3693516254425049,
        "mad": 0.6744903074286412,
        "mad_sigma": 0.9999993297937034,
        "skewness": -1.31443261897522,
        "kurtosis_excess": 2.941203404263816,
        "delta_mean_median": -0.19878316921013967
      },
      "m_o": {
        "n": 898,
        "nan_frac": 0.0,
        "mean": 0.21188785494222226,
        "median": 2.1356390789151192e-07,
        "std": 1.2595879987428888,
        "iqr": 1.3600033670663834,
        "mad": 0.6744905362720601,
        "mad_sigma": 0.9999996690769563,
        "skewness": 1.7287666808694702,
        "kurtosis_excess": 4.958767014207306,
        "delta_mean_median": 0.21188764137831437
      },
      "d_n": {
        "n": 898,
        "nan_frac": 0.0,
        "mean": 0.4770082731117787,
        "median": 0.0,
        "std": 1.682374262665895,
        "iqr": 1.3720202594995499,
        "mad": 0.6744907796382904,
        "mad_sigma": 1.0000000298917293,
        "skewness": 1.553064209421145,
        "kurtosis_excess": 1.9948875186224324,
        "delta_mean_median": 0.4770082731117787
      },
      "d_l": {
        "n": 898,
        "nan_frac": 0.0,
        "mean": -0.33485951351171944,
        "median": 0.0,
        "std": 1.644527548546823,
        "iqr": 1.3601976186037064,
        "mad": 0.674490749835968,
        "mad_sigma": 0.9999999857068061,
        "skewness": -1.7238787796460988,
        "kurtosis_excess": 3.2877790815093926,
        "delta_mean_median": -0.33485951351171944
      },
      "d_s": {
        "n": 898,
        "nan_frac": 0.0,
        "mean": 0.06072506060157003,
        "median": -1.5651312423869967e-07,
        "std": 1.092293826375243,
        "iqr": 1.3587836176156998,
        "mad": 0.6744907796382904,
        "mad_sigma": 1.0000000298917293,
        "skewness": 0.6281012710130096,
        "kurtosis_excess": 1.1337106770025382,
        "delta_mean_median": 0.060725217114694266
      },
      "e_e": {
        "n": 898,
        "nan_frac": 0.0,
        "mean": -0.27509311741474785,
        "median": 2.775734174065292e-06,
        "std": 1.3432802363052965,
        "iqr": 1.4211558401584625,
        "mad": 0.6744906902313232,
        "mad_sigma": 0.9999998973369598,
        "skewness": -1.4915957426916102,
        "kurtosis_excess": 3.2829036350781786,
        "delta_mean_median": -0.2750958931489219
      },
      "e_s": {
        "n": 898,
        "nan_frac": 0.0,
        "mean": 0.3692447480357978,
        "median": 9.547329682391137e-07,
        "std": 1.698710829537891,
        "iqr": 1.3473231792449951,
        "mad": 0.674490749835968,
        "mad_sigma": 0.9999999857068061,
        "skewness": 1.9358202703786664,
        "kurtosis_excess": 3.8032148676147743,
        "delta_mean_median": 0.3692437933028296
      },
      "e_m": {
        "n": 898,
        "nan_frac": 0.0,
        "mean": 0.20089543839363808,
        "median": 0.0,
        "std": 1.1795402920543478,
        "iqr": 1.3923607021570206,
        "mad": 0.6744906306266785,
        "mad_sigma": 0.9999998089671135,
        "skewness": 1.389140425100764,
        "kurtosis_excess": 3.665634378242536,
        "delta_mean_median": 0.20089543839363808
      }
    }
  },
  "entropy_provisional": {},
  "geometry_contract": {
    "policy_version": "standard_invalidity_v1",
    "status": "ok",
    "primary_requires_coords_9d": true,
    "shared_time_grid": {
      "epochs_before_policy": 898,
      "epochs_retained": 898,
      "epochs_dropped": 0,
      "drop_fraction": 0.0,
      "dropped_epoch_indices_preview": [],
      "drop_reason_counts": {
        "mnps_3d_nonfinite_rows": 0,
        "coords_9d_nonfinite_rows_affecting_primary": 0
      }
    },
    "mnps_3d": {
      "finite_row_fraction_before": 1.0,
      "nonfinite_row_count": 0,
      "degenerate_axes": [],
      "all_nan_axes": []
    },
    "coords_9d": {
      "available": true,
      "shape_matches_time_grid": true,
      "finite_row_fraction_before": 1.0,
      "nonfinite_row_count": 0,
      "nonfinite_rows_retained_on_shared_grid": 0,
      "degenerate_axes": [],
      "all_nan_axes": []
    },
    "time_grid": {
      "status": "ok",
      "warnings": [],
      "window_count": 898,
      "finite_window_bounds_fraction": 1.0,
      "dt_source": "window_start",
      "dt_sec_runtime": 4.0,
      "dt_sec_config": 4.0,
      "window_sec_config": 8.0,
      "dt_matches_runtime": true,
      "dt_matches_config_formula": true,
      "window_len_matches_config": true,
      "nonpositive_dt_count": 0,
      "nonpositive_window_len_count": 0,
      "dt_intervals_sec": {
        "n": 897,
        "mean": 4.0,
        "median": 4.0,
        "iqr": 0.0,