{
  "dataset_id": "ds004511:sub-S210208:ses-01_gambling_run-01",
  "subject": "sub-S210208",
  "session": "ses-01",
  "reliability_axes": {
    "m": 0.6594875670245407,
    "d": 0.5766513795498629,
    "e": 0.603218618909394
  },
  "reliability_subcoords": {
    "m_a": 0.7135289680494398,
    "m_e": 0.6626560751915347,
    "m_o": 0.5775681760506415,
    "d_n": 0.75862050393762,
    "d_l": 0.5888244740694282,
    "d_s": 0.5245545580516203,
    "e_e": 0.6856162848902957,
    "e_s": 0.5661781361287986,
    "e_m": 0.5980312498156729
  }
}