{
  "dataset_id": "ds004511:sub-S210208:ses-01_gambling_run-01",
  "subject": "sub-S210208",
  "session": "ses-01",
  "coverage": {
    "epochs": 858,
    "seconds": 3432.0
  },
  "artifacts": {
    "methods": [
      "ica"
    ],
    "bad_eeg_channels": [
      "Batt_0",
      "Batt_1",
      "Batt_2",
      "Batt_3",
      "Gnd-Ref",
      "Gnd-Ref1",
      "Gnd-Ref2",
      "Gnd-Ref3",
      "Ref",
      "Sync"
    ],
    "n_bad_eeg_channels": 10,
    "stem_collisions": {}
  },
  "ensemble": {
    "var_by_subcoord": {
      "m_a": 0.0001333614782197401,
      "m_e": 2.6111454171822215e-14,
      "m_o": 4.021451547415664e-15,
      "d_n": 1.1437282598867476e-14,
      "d_l": 7.958678204314507e-14,
      "d_s": 6.583820657033541e-15,
      "e_e": 1.2690764238099117e-12,
      "e_s": 4.319214799188009e-14,
      "e_m": 0.0
    },
    "var_mean": 1.4817942184416609e-05,
    "var_max": 0.0001333614782197401
  },
  "reliability": {
    "axes": {
      "m": 0.6594875670245407,
      "d": 0.5766513795498629,
      "e": 0.603218618909394
    },
    "subcoords": {
      "m_a": 0.7135289680494398,
      "m_e": 0.6626560751915347,
      "m_o": 0.5775681760506415,
      "d_n": 0.75862050393762,
      "d_l": 0.5888244740694282,
      "d_s": 0.5245545580516203,
      "e_e": 0.6856162848902957,
      "e_s": 0.5661781361287986,
      "e_m": 0.5980312498156729
    }
  },
  "dist_summary": {
    "axes": {
      "m": {
        "n": 858,
        "nan_frac": 0.0,
        "mean": -0.07755942181862838,
        "median": 0.01376503985375166,
        "std": 0.8618072630700934,
        "iqr": 0.9347115531563759,
        "mad": 0.45688672084361315,
        "mad_sigma": 0.6773802523227408,
        "skewness": -1.2178006629926588,
        "kurtosis_excess": 3.9320906788088568,
        "delta_mean_median": -0.09132446167238004
      },
      "d": {
        "n": 858,
        "nan_frac": 0.0,
        "mean": 0.15822847305175888,
        "median": 0.029777691699564457,
        "std": 0.9162632318599222,
        "iqr": 1.000395007431507,
        "mad": 0.47888936195522547,
        "mad_sigma": 0.7100013680348173,
        "skewness": 1.2159888174191686,
        "kurtosis_excess": 2.8711805989479497,
        "delta_mean_median": 0.12845078135219443
      },
      "e": {
        "n": 858,
        "nan_frac": 0.0,
        "mean": 0.0018498816268001888,
        "median": 0.08288408815860748,
        "std": 0.846408007073973,
        "iqr": 0.9495368525385857,
        "mad": 0.48095880448818207,
        "mad_sigma": 0.7130695235341787,
        "skewness": -1.0427121003816058,
        "kurtosis_excess": 3.017944549300535,
        "delta_mean_median": -0.08103420653180729
      }
    },
    "subcoords": {
      "m_a": {
        "n": 858,
        "nan_frac": 0.0,
        "mean": -0.2010728183955753,
        "median": 0.04756001755595207,
        "std": 1.2383187725290206,
        "iqr": 1.2111651599407196,
        "mad": 0.5959616601467133,
        "mad_sigma": 0.883572757333517,
        "skewness": -1.800074673790016,
        "kurtosis_excess": 4.711483611900835,
        "delta_mean_median": -0.24863283595152738
      },
      "m_e": {
        "n": 858,
        "nan_frac": 0.0,
        "mean": -0.17521766144787732,
        "median": -4.547182470560074e-07,
        "std": 1.2997035327267843,
        "iqr": 1.3403262346982956,
        "mad": 0.6744907200336456,
        "mad_sigma": 0.999999941521883,
        "skewness": -1.5140036963997612,
        "kurtosis_excess": 3.9554114284798656,
        "delta_mean_median": -0.17521720672963026
      },
      "m_o": {
        "n": 858,
        "nan_frac": 0.0,
        "mean": 0.21197466833119677,
        "median": -2.0529842004179955e-07,
        "std": 1.2616033729928986,
        "iqr": 1.3572707027196884,
        "mad": 0.6744905147352256,
        "mad_sigma": 0.9999996371464454,
        "skewness": 1.7372472984951695,
        "kurtosis_excess": 4.78039287752111,
        "delta_mean_median": 0.2119748736296168
      },
      "d_n": {
        "n": 858,
        "nan_frac": 0.0,
        "mean": 0.6765572003094726,
        "median": 4.968314897269011e-07,
        "std": 1.850330262294961,
        "iqr": 1.8656923174858093,
        "mad": 0.6744912466674577,
        "mad_sigma": 1.0000007223091727,
        "skewness": 1.546488553851191,
        "kurtosis_excess": 1.6880033240051109,
        "delta_mean_median": 0.6765567034779829
      },
      "d_l": {
        "n": 858,
        "nan_frac": 0.0,
        "mean": -0.14124536036708044,
        "median": 0.0,
        "std": 1.321813479764074,
        "iqr": 1.3765080571174622,
        "mad": 0.6744907200336456,
        "mad_sigma": 0.999999941521883,
        "skewness": -1.1225937119815905,
        "kurtosis_excess": 4.185249738273679,
        "delta_mean_median": -0.14124536036708044
      },
      "d_s": {
        "n": 858,
        "nan_frac": 0.0,
        "mean": 0.10967194747186462,
        "median": -1.8713035387918353e-07,
        "std": 1.1007926720936123,
        "iqr": 1.33722722530365,
        "mad": 0.6744907200336456,
        "mad_sigma": 0.999999941521883,
        "skewness": 0.7910837151081775,
        "kurtosis_excess": 1.3808200133212472,
        "delta_mean_median": 0.1096721346022185
      },
      "e_e": {
        "n": 858,
        "nan_frac": 0.0,
        "mean": -0.1327470518743059,
        "median": 0.0,
        "std": 1.1930880229618377,
        "iqr": 1.3448331505060196,
        "mad": 0.6744907200336456,
        "mad_sigma": 0.999999941521883,
        "skewness": -1.1043015139681231,
        "kurtosis_excess": 2.1679680525723075,
        "delta_mean_median": -0.1327470518743059
      },
      "e_s": {
        "n": 858,
        "nan_frac": 0.0,
        "mean": 0.18461627347366602,
        "median": -7.506459951400757e-07,
        "std": 1.4278736754448378,
        "iqr": 1.363763079047203,
        "mad": 0.6744915302842855,
        "mad_sigma": 1.0000011427994817,
        "skewness": 1.1218935012483304,
        "kurtosis_excess": 3.895771525002658,
        "delta_mean_median": 0.18461702411966116
      },
      "e_m": {
        "n": 858,
        "nan_frac": 0.0,
        "mean": 0.03825763989123787,
        "median": 0.0,
        "std": 1.0118934002202435,
        "iqr": 1.3828184306621552,
        "mad": 0.6744907200336456,
        "mad_sigma": 0.999999941521883,
        "skewness": 0.15305132674031308,
        "kurtosis_excess": 0.11060603306786643,
        "delta_mean_median": 0.03825763989123787
      }
    }
  },
  "entropy_provisional": {},
  "geometry_contract": {
    "policy_version": "standard_invalidity_v1",
    "status": "ok",
    "primary_requires_coords_9d": true,
    "shared_time_grid": {
      "epochs_before_policy": 858,
      "epochs_retained": 858,
      "epochs_dropped": 0,
      "drop_fraction": 0.0,
      "dropped_epoch_indices_preview": [],
      "drop_reason_counts": {
        "mnps_3d_nonfinite_rows": 0,
        "coords_9d_nonfinite_rows_affecting_primary": 0
      }
    },
    "mnps_3d": {
      "finite_row_fraction_before": 1.0,
      "nonfinite_row_count": 0,
      "degenerate_axes": [],
      "all_nan_axes": []
    },
    "coords_9d": {
      "available": true,
      "shape_matches_time_grid": true,
      "finite_row_fraction_before": 1.0,
      "nonfinite_row_count": 0,
      "nonfinite_rows_retained_on_shared_grid": 0,
      "degenerate_axes": [],
      "all_nan_axes": []
    },
    "time_grid": {
      "status": "ok",
      "warnings": [],
      "window_count": 858,
      "finite_window_bounds_fraction": 1.0,
      "dt_source": "window_start",
      "dt_sec_runtime": 4.0,
      "dt_sec_config": 4.0,
      "window_sec_config": 8.0,
      "dt_matches_runtime": true,
      "dt_matches_config_formula": true,
      "window_len_matches_config": true,
      "nonpositive_dt_count": 0,
      "nonpositive_window_len_count": 0,
      "dt_intervals_sec": {
        "n": 857,
        "mean": 4.0,
        "median": 4.0,
        "iqr": 0.0,
        "p95": 4.0,