{
  "dataset_id": "ds004511:sub-S201210:ses-01_rest_run-01",
  "subject": "sub-S201210",
  "session": "ses-01",
  "reliability_axes": {
    "m": 0.7199200150957754,
    "d": 0.6620806860237227,
    "e": 0.5194019867484192
  },
  "reliability_subcoords": {
    "m_a": 0.6890735296891016,
    "m_e": 0.7341951596895971,
    "m_o": 0.6782685936314903,
    "d_n": 0.7924121622915008,
    "d_l": 0.6269752751329195,
    "d_s": 0.7081997444996005,
    "e_e": 0.7297767529852708,
    "e_s": 0.4768719209208179,
    "e_m": 0.724781203067863
  }
}