{
  "dataset_id": "ds004511:sub-S201210:ses-01_rest_run-01",
  "subject": "sub-S201210",
  "session": "ses-01",
  "coverage": {
    "epochs": 150,
    "seconds": 600.0
  },
  "artifacts": {
    "methods": [
      "ica"
    ],
    "bad_eeg_channels": [
      "Batt_0",
      "Batt_1",
      "Batt_2",
      "Batt_3",
      "Foto",
      "Gnd-Ref",
      "Gnd-Ref1",
      "Gnd-Ref2",
      "Gnd-Ref3",
      "Ref",
      "Sync"
    ],
    "n_bad_eeg_channels": 11,
    "stem_collisions": {}
  },
  "ensemble": {
    "var_by_subcoord": {
      "m_a": 0.0008067102753557265,
      "m_e": 1.0029109382298515e-15,
      "m_o": 3.897140145043675e-15,
      "d_n": 7.622849291892553e-15,
      "d_l": 1.2950967067434233e-13,
      "d_s": 1.0993045581768118e-15,
      "e_e": 7.757670916243298e-13,
      "e_s": 5.40271156263504e-14,
      "e_m": 0.0
    },
    "var_mean": 8.963447514762806e-05,
    "var_max": 0.0008067102753557265
  },
  "reliability": {
    "axes": {
      "m": 0.7199200150957754,
      "d": 0.6620806860237227,
      "e": 0.5194019867484192
    },
    "subcoords": {
      "m_a": 0.6890735296891016,
      "m_e": 0.7341951596895971,
      "m_o": 0.6782685936314903,
      "d_n": 0.7924121622915008,
      "d_l": 0.6269752751329195,
      "d_s": 0.7081997444996005,
      "e_e": 0.7297767529852708,
      "e_s": 0.4768719209208179,
      "e_m": 0.724781203067863
    }
  },
  "dist_summary": {
    "axes": {
      "m": {
        "n": 150,
        "nan_frac": 0.0,
        "mean": 0.4521155505410085,
        "median": -0.0014147176407277584,
        "std": 1.2620314248432645,
        "iqr": 1.8465894386172295,
        "mad": 0.578323483467102,
        "mad_sigma": 0.8574223965883254,
        "skewness": 1.0033085743656371,
        "kurtosis_excess": -0.17170430248548652,
        "delta_mean_median": 0.45353026818173625
      },
      "d": {
        "n": 150,
        "nan_frac": 0.0,
        "mean": 0.04141760595763723,
        "median": -0.008670986397191882,
        "std": 0.4365830885492258,
        "iqr": 0.5736135765910149,
        "mad": 0.27590489387512207,
        "mad_sigma": 0.40905659565925595,
        "skewness": 0.8194076537513518,
        "kurtosis_excess": 1.328006230041364,
        "delta_mean_median": 0.05008859235482911
      },
      "e": {
        "n": 150,
        "nan_frac": 0.0,
        "mean": 0.05404348454903811,
        "median": 0.06662982702255249,
        "std": 0.41861875586858716,
        "iqr": 0.49046289548277855,
        "mad": 0.24540425091981888,
        "mad_sigma": 0.3638363424137234,
        "skewness": 0.30146725677795455,
        "kurtosis_excess": -0.06625935149705642,
        "delta_mean_median": -0.01258634247351438
      }
    },
    "subcoords": {
      "m_a": {
        "n": 150,
        "nan_frac": 0.0,
        "mean": 0.07202032861610254,
        "median": -0.04359305463731289,
        "std": 0.8533409499244782,
        "iqr": 1.2035373151302338,
        "mad": 0.606812721118331,
        "mad_sigma": 0.8996605403300374,
        "skewness": 0.2617969771081104,
        "kurtosis_excess": -0.610120108002357,
        "delta_mean_median": 0.11561338325341543
      },
      "m_e": {
        "n": 150,
        "nan_frac": 0.0,
        "mean": 0.6395990783146893,
        "median": 2.270098775625229e-08,
        "std": 1.5561438149310856,
        "iqr": 2.601926051080227,
        "mad": 0.6744907725369558,
        "mad_sigma": 1.0000000193632905,
        "skewness": 0.7201015664110216,
        "kurtosis_excess": -0.8012244945304117,
        "delta_mean_median": 0.6395990556137016
      },
      "m_o": {
        "n": 150,
        "nan_frac": 0.0,
        "mean": 0.7466558146756143,
        "median": 1.0593794286251068e-07,
        "std": 1.8381394798614694,
        "iqr": 1.7965867668390274,
        "mad": 0.674490749835968,
        "mad_sigma": 0.9999999857068061,
        "skewness": 1.4111428264786474,
        "kurtosis_excess": 1.0211174506460114,
        "delta_mean_median": 0.7466557087376714
      },
      "d_n": {
        "n": 150,
        "nan_frac": 0.0,
        "mean": -0.26569513049597543,
        "median": 0.0,
        "std": 0.9851986718568115,
        "iqr": 1.7139018774032593,
        "mad": 0.674490749835968,
        "mad_sigma": 0.9999999857068061,
        "skewness": -0.30263009746655173,
        "kurtosis_excess": -1.026347639267812,
        "delta_mean_median": -0.26569513049597543
      },
      "d_l": {
        "n": 150,
        "nan_frac": 0.0,
        "mean": 0.1343454915160934,
        "median": 0.0,
        "std": 0.9654873477528736,
        "iqr": 1.4127764701843262,
        "mad": 0.674490749835968,
        "mad_sigma": 0.9999999857068061,
        "skewness": 0.5595201372263295,
        "kurtosis_excess": -0.2682468975666885,
        "delta_mean_median": 0.1343454915160934
      },
      "d_s": {
        "n": 150,
        "nan_frac": 0.0,
        "mean": 0.31768726258538665,
        "median": 0.0,
        "std": 1.35999902700268,
        "iqr": 1.3340044766664505,
        "mad": 0.6744907200336456,
        "mad_sigma": 0.999999941521883,
        "skewness": 1.6705471703416153,
        "kurtosis_excess": 2.7005672063533392,
        "delta_mean_median": 0.31768726258538665
      },
      "e_e": {
        "n": 150,
        "nan_frac": 0.0,
        "mean": 0.1186025187621514,
        "median": 9.825453162193298e-07,
        "std": 0.8677920133469075,
        "iqr": 1.4360315203666687,
        "mad": 0.6744907200336456,
        "mad_sigma": 0.999999941521883,
        "skewness": -0.02885254171459749,
        "kurtosis_excess": -0.5999308928893377,
        "delta_mean_median": 0.11860153621683518
      },
      "e_s": {
        "n": 150,
        "nan_frac": 0.0,
        "mean": -0.04424296509474516,
        "median": 6.956979632377625e-07,
        "std": 0.9770674805949972,
        "iqr": 1.3326439261436462,
        "mad": 0.6744900839403272,
        "mad_sigma": 0.999998998449929,
        "skewness": -0.3538754856181872,
        "kurtosis_excess": 0.1840659662026658,
        "delta_mean_median": -0.044243660792708396
      },
      "e_m": {
        "n": 150,
        "nan_frac": 0.0,
        "mean": 0.2561243379364411,
        "median": -1.2479722499847412e-07,
        "std": 1.0117341611741169,
        "iqr": 1.464547038078308,
        "mad": 0.674490749835968,
        "mad_sigma": 0.9999999857068061,
        "skewness": 0.6452593914527743,
        "kurtosis_excess": -0.09237674501973725,
        "delta_mean_median": 0.2561244627336661
      }
    }
  },
  "entropy_provisional": {},
  "geometry_contract": {
    "policy_version": "standard_invalidity_v1",
    "status": "ok",
    "primary_requires_coords_9d": true,
    "shared_time_grid": {
      "epochs_before_policy": 150,
      "epochs_retained": 150,
      "epochs_dropped": 0,
      "drop_fraction": 0.0,
      "dropped_epoch_indices_preview": [],
      "drop_reason_counts": {
        "mnps_3d_nonfinite_rows": 0,
        "coords_9d_nonfinite_rows_affecting_primary": 0
      }
    },
    "mnps_3d": {
      "finite_row_fraction_before": 1.0,
      "nonfinite_row_count": 0,
      "degenerate_axes": [],
      "all_nan_axes": []
    },
    "coords_9d": {
      "available": true,
      "shape_matches_time_grid": true,
      "finite_row_fraction_before": 1.0,
      "nonfinite_row_count": 0,
      "nonfinite_rows_retained_on_shared_grid": 0,
      "degenerate_axes": [],
      "all_nan_axes": []
    },
    "time_grid": {
      "status": "ok",
      "warnings": [],
      "window_count": 150,
      "finite_window_bounds_fraction": 1.0,
      "dt_source": "window_start",
      "dt_sec_runtime": 4.0,
      "dt_sec_config": 4.0,
      "window_sec_config": 8.0,
      "dt_matches_runtime": true,
      "dt_matches_config_formula": true,
      "window_len_matches_config": true,
      "nonpositive_dt_count": 0,
      "nonpositive_window_len_count": 0,
      "dt_intervals_sec": {
        "n": 149,
        "mean": 4.0,
        "median": 4.0,
        "iqr": 0.0,