{
  "dataset_id": "ds004511:sub-S210224:ses-01_rest_run-01",
  "subject": "sub-S210224",
  "session": "ses-01",
  "reliability_axes": {
    "m": 0.8346075990745162,
    "d": 0.7168492660955762,
    "e": 0.5662756138508896
  },
  "reliability_subcoords": {
    "m_a": 0.8221110323197014,
    "m_e": 0.8367534162541922,
    "m_o": 0.749506642521196,
    "d_n": 0.8280184342973682,
    "d_l": 0.6981903635161866,
    "d_s": 0.8088569148380141,
    "e_e": 0.6969372136225584,
    "e_s": 0.7476841045647732,
    "e_m": 0.6844783290330422
  }
}