{
  "dataset_id": "ds004511:sub-S210224:ses-01_rest_run-01",
  "subject": "sub-S210224",
  "session": "ses-01",
  "coverage": {
    "epochs": 124,
    "seconds": 496.0
  },
  "artifacts": {
    "methods": [
      "ica"
    ],
    "bad_eeg_channels": [
      "Batt_0",
      "Batt_1",
      "Batt_2",
      "Batt_3",
      "Foto",
      "Gnd-Ref",
      "Gnd-Ref1",
      "Gnd-Ref2",
      "Gnd-Ref3",
      "Ref",
      "Sync"
    ],
    "n_bad_eeg_channels": 11,
    "stem_collisions": {}
  },
  "ensemble": {
    "var_by_subcoord": {
      "m_a": 0.0008216099813580513,
      "m_e": 7.012170724174198e-16,
      "m_o": 1.5066479964673252e-15,
      "d_n": 1.0826369403022732e-14,
      "d_l": 3.2546122914756115e-13,
      "d_s": 0.0,
      "e_e": 6.436289218605951e-13,
      "e_s": 5.054652172081092e-14,
      "e_m": 0.0
    },
    "var_mean": 9.128999804341358e-05,
    "var_max": 0.0008216099813580513
  },
  "reliability": {
    "axes": {
      "m": 0.8346075990745162,
      "d": 0.7168492660955762,
      "e": 0.5662756138508896
    },
    "subcoords": {
      "m_a": 0.8221110323197014,
      "m_e": 0.8367534162541922,
      "m_o": 0.749506642521196,
      "d_n": 0.8280184342973682,
      "d_l": 0.6981903635161866,
      "d_s": 0.8088569148380141,
      "e_e": 0.6969372136225584,
      "e_s": 0.7476841045647732,
      "e_m": 0.6844783290330422
    }
  },
  "dist_summary": {
    "axes": {
      "m": {
        "n": 124,
        "nan_frac": 0.0,
        "mean": 0.1513217172825769,
        "median": -0.07130123674869537,
        "std": 0.9929902459036598,
        "iqr": 1.4050457030534744,
        "mad": 0.6956503987312317,
        "mad_sigma": 1.031371281158924,
        "skewness": 0.6029354448846883,
        "kurtosis_excess": -0.2861444817922667,
        "delta_mean_median": 0.22262295403127227
      },
      "d": {
        "n": 124,
        "nan_frac": 0.0,
        "mean": 0.07215057282718912,
        "median": 0.04129639081656933,
        "std": 0.4470030736317164,
        "iqr": 0.4668853096663952,
        "mad": 0.23294305615127087,
        "mad_sigma": 0.3453613750498742,
        "skewness": 0.44852915050097175,
        "kurtosis_excess": 0.8108127055589023,
        "delta_mean_median": 0.03085418201061979
      },
      "e": {
        "n": 124,
        "nan_frac": 0.0,
        "mean": -0.0038546548270049596,
        "median": -0.044967347756028175,
        "std": 0.3937158861126736,
        "iqr": 0.5533681884407997,
        "mad": 0.27199243754148483,
        "mad_sigma": 0.4032559878990054,
        "skewness": 0.07514015864618999,
        "kurtosis_excess": -0.2268698820784154,
        "delta_mean_median": 0.04111269292902322
      }
    },
    "subcoords": {
      "m_a": {
        "n": 124,
        "nan_frac": 0.0,
        "mean": -0.03252681319211279,
        "median": -0.05825461074709892,
        "std": 0.9505184635521093,
        "iqr": 1.3847101777791977,
        "mad": 0.7093293070793152,
        "mad_sigma": 1.0516516306757926,
        "skewness": 0.09612411265407542,
        "kurtosis_excess": -0.5143834002377234,
        "delta_mean_median": 0.02572779755498613
      },
      "m_e": {
        "n": 124,
        "nan_frac": 0.0,
        "mean": 0.1341232463056522,
        "median": 0.0,
        "std": 0.8995015781724314,
        "iqr": 1.245661124587059,
        "mad": 0.674490749835968,
        "mad_sigma": 0.9999999857068061,
        "skewness": 0.1504355320954385,
        "kurtosis_excess": -0.7502980566814741,
        "delta_mean_median": 0.1341232463056522
      },
      "m_o": {
        "n": 124,
        "nan_frac": 0.0,
        "mean": 0.42564453877088043,
        "median": 0.0,
        "std": 1.484885469965265,
        "iqr": 1.4352284967899323,
        "mad": 0.6744908094406128,
        "mad_sigma": 1.0000000740766524,
        "skewness": 1.5334532958437328,
        "kurtosis_excess": 2.2380319412117418,
        "delta_mean_median": 0.42564453877088043
      },
      "d_n": {
        "n": 124,
        "nan_frac": 0.0,
        "mean": -0.18669056012144974,
        "median": 0.0,
        "std": 0.8440459901604349,
        "iqr": 1.5072503983974457,
        "mad": 0.674490749835968,
        "mad_sigma": 0.9999999857068061,
        "skewness": -0.23127224049559,
        "kurtosis_excess": -1.040946072264657,
        "delta_mean_median": -0.18669056012144974
      },
      "d_l": {
        "n": 124,
        "nan_frac": 0.0,
        "mean": 0.1673413020307048,
        "median": 7.424969226121902e-07,
        "std": 1.0751719312446455,
        "iqr": 1.369650274515152,
        "mad": 0.6744900073390454,
        "mad_sigma": 0.9999988848808686,
        "skewness": 0.7457301592845723,
        "kurtosis_excess": 0.14770456635370222,
        "delta_mean_median": 0.16734055953378218
      },
      "d_s": {
        "n": 124,
        "nan_frac": 0.0,
        "mean": 0.2555940335376128,
        "median": 0.0,
        "std": 1.1618793581909486,
        "iqr": 1.273353487253189,
        "mad": 0.6744907200336456,
        "mad_sigma": 0.999999941521883,
        "skewness": 1.360528858324023,
        "kurtosis_excess": 2.0474938626782775,
        "delta_mean_median": 0.2555940335376128
      },
      "e_e": {
        "n": 124,
        "nan_frac": 0.0,
        "mean": -0.029890315607190132,
        "median": 0.0,
        "std": 0.8723259807960794,
        "iqr": 1.3528372943401337,
        "mad": 0.6744907200336456,
        "mad_sigma": 0.999999941521883,
        "skewness": -0.43310689386856777,
        "kurtosis_excess": -0.02871787804386594,
        "delta_mean_median": -0.029890315607190132
      },
      "e_s": {
        "n": 124,
        "nan_frac": 0.0,
        "mean": 0.023734630208984468,
        "median": 1.2244272511452436e-06,
        "std": 1.1432804621787067,
        "iqr": 1.3453118950128555,
        "mad": 0.6744907200336456,
        "mad_sigma": 0.999999941521883,
        "skewness": -0.44924495982380597,
        "kurtosis_excess": 0.22743188328562658,
        "delta_mean_median": 0.023733405781733323
      },
      "e_m": {
        "n": 124,
        "nan_frac": 0.0,
        "mean": 0.1636438984874516,
        "median": -1.51805579662323e-07,
        "std": 1.1702862304663884,
        "iqr": 1.5367881506681442,
        "mad": 0.6744903596118093,
        "mad_sigma": 0.9999994071604683,
        "skewness": 1.3788091379076652,
        "kurtosis_excess": 4.248443400013702,
        "delta_mean_median": 0.16364405029303125
      }
    }
  },
  "entropy_provisional": {},
  "geometry_contract": {
    "policy_version": "standard_invalidity_v1",
    "status": "ok",
    "primary_requires_coords_9d": true,
    "shared_time_grid": {
      "epochs_before_policy": 124,
      "epochs_retained": 124,
      "epochs_dropped": 0,
      "drop_fraction": 0.0,
      "dropped_epoch_indices_preview": [],
      "drop_reason_counts": {
        "mnps_3d_nonfinite_rows": 0,
        "coords_9d_nonfinite_rows_affecting_primary": 0
      }
    },
    "mnps_3d": {
      "finite_row_fraction_before": 1.0,
      "nonfinite_row_count": 0,
      "degenerate_axes": [],
      "all_nan_axes": []
    },
    "coords_9d": {
      "available": true,
      "shape_matches_time_grid": true,
      "finite_row_fraction_before": 1.0,
      "nonfinite_row_count": 0,
      "nonfinite_rows_retained_on_shared_grid": 0,
      "degenerate_axes": [],
      "all_nan_axes": []
    },
    "time_grid": {
      "status": "ok",
      "warnings": [],
      "window_count": 124,
      "finite_window_bounds_fraction": 1.0,
      "dt_source": "window_start",
      "dt_sec_runtime": 4.0,
      "dt_sec_config": 4.0,
      "window_sec_config": 8.0,
      "dt_matches_runtime": true,
      "dt_matches_config_formula": true,
      "window_len_matches_config": true,
      "nonpositive_dt_count": 0,
      "nonpositive_window_len_count": 0,
      "dt_intervals_sec": {
        "n": 123,
        "mean": 4.0,
        "median": 4.0,
        "iqr": 0.0,
        "p95": 4.0,
        "max": 4.0
      },