{
  "dataset_id": "ds004511:sub-S201210:ses-01_gambling_run-01",
  "subject": "sub-S201210",
  "session": "ses-01",
  "reliability_axes": {
    "m": 0.6578491477897149,
    "d": 0.5553667652429218,
    "e": 0.510258893740193
  },
  "reliability_subcoords": {
    "m_a": 0.6804612933454266,
    "m_e": 0.6526679700726129,
    "m_o": 0.5611222401341678,
    "d_n": 0.6682827868580349,
    "d_l": 0.5127988379398081,
    "d_s": 0.40059717896322716,
    "e_e": 0.6502153617737231,
    "e_s": 0.45945612261257746,
    "e_m": 0.41774269420768484
  }
}