{
  "dataset_id": "ds004511:sub-S201210:ses-01_gambling_run-01",
  "subject": "sub-S201210",
  "session": "ses-01",
  "coverage": {
    "epochs": 951,
    "seconds": 3804.0
  },
  "artifacts": {
    "methods": [
      "ica"
    ],
    "bad_eeg_channels": [
      "Batt_0",
      "Batt_1",
      "Batt_2",
      "Batt_3",
      "FTT9",
      "Gnd-Ref",
      "Gnd-Ref1",
      "Gnd-Ref2",
      "Gnd-Ref3",
      "Ref",
      "Sync"
    ],
    "n_bad_eeg_channels": 11,
    "stem_collisions": {}
  },
  "ensemble": {
    "var_by_subcoord": {
      "m_a": 0.0006845651660114527,
      "m_e": 0.0,
      "m_o": 0.0,
      "d_n": 0.0,
      "d_l": 0.0,
      "d_s": 0.0,
      "e_e": 0.0,
      "e_s": 0.0,
      "e_m": 0.0
    },
    "var_mean": 7.606279622349475e-05,
    "var_max": 0.0006845651660114527
  },
  "reliability": {
    "axes": {
      "m": 0.6578491477897149,
      "d": 0.5553667652429218,
      "e": 0.510258893740193
    },
    "subcoords": {
      "m_a": 0.6804612933454266,
      "m_e": 0.6526679700726129,
      "m_o": 0.5611222401341678,
      "d_n": 0.6682827868580349,
      "d_l": 0.5127988379398081,
      "d_s": 0.40059717896322716,
      "e_e": 0.6502153617737231,
      "e_s": 0.45945612261257746,
      "e_m": 0.41774269420768484
    }
  },
  "dist_summary": {
    "axes": {
      "m": {
        "n": 951,
        "nan_frac": 0.0,
        "mean": -0.07346189724644754,
        "median": -0.007832146249711514,
        "std": 0.8081436321613218,
        "iqr": 1.0665726959705353,
        "mad": 0.5293567543849349,
        "mad_sigma": 0.7848243240511045,
        "skewness": -0.6379087428829361,
        "kurtosis_excess": 1.2886999322139552,
        "delta_mean_median": -0.06562975099673603
      },
      "d": {
        "n": 951,
        "nan_frac": 0.0,
        "mean": 0.13375126854119945,
        "median": 0.03639478608965874,
        "std": 0.7977169094336318,
        "iqr": 0.8314253836870193,
        "mad": 0.42066146060824394,
        "mad_sigma": 0.6236726814977824,
        "skewness": 0.6663139286073566,
        "kurtosis_excess": 1.6094782595900297,
        "delta_mean_median": 0.09735648245154072
      },
      "e": {
        "n": 951,
        "nan_frac": 0.0,
        "mean": 0.09843799998202987,
        "median": 0.052839528769254684,
        "std": 0.6603921372713216,
        "iqr": 0.7025611698627472,
        "mad": 0.3496726341545582,
        "mad_sigma": 0.5184246473975479,
        "skewness": 0.8266203365335394,
        "kurtosis_excess": 2.655302731946745,
        "delta_mean_median": 0.04559847121277519
      }
    },
    "subcoords": {
      "m_a": {
        "n": 951,
        "nan_frac": 0.0,
        "mean": -0.2615432581412836,
        "median": -0.008814066648483276,
        "std": 1.2027610104130562,
        "iqr": 1.3047980964183807,
        "mad": 0.6274564564228058,
        "mad_sigma": 0.9302669422924518,
        "skewness": -1.67083006783216,
        "kurtosis_excess": 4.279932778317059,
        "delta_mean_median": -0.2527291914928003
      },
      "m_e": {
        "n": 951,
        "nan_frac": 0.0,
        "mean": -0.11899908728452965,
        "median": 0.0,
        "std": 1.0209555952593952,
        "iqr": 1.380795180797577,
        "mad": 0.674490749835968,
        "mad_sigma": 0.9999999857068061,
        "skewness": -0.6753255558794131,
        "kurtosis_excess": 0.9125767085827139,
        "delta_mean_median": -0.11899908728452965
      },
      "m_o": {
        "n": 951,
        "nan_frac": 0.0,
        "mean": 0.24132900276798147,
        "median": 0.0,
        "std": 1.2774640040353047,
        "iqr": 1.4102346897125244,
        "mad": 0.674490749835968,
        "mad_sigma": 0.9999999857068061,
        "skewness": 1.579226290434371,
        "kurtosis_excess": 3.955574571974955,
        "delta_mean_median": 0.24132900276798147
      },
      "d_n": {
        "n": 951,
        "nan_frac": 0.0,
        "mean": 0.5246995411628629,
        "median": 0.0,
        "std": 1.6502837120012166,
        "iqr": 1.5352493226528168,
        "mad": 0.674490749835968,
        "mad_sigma": 0.9999999857068061,
        "skewness": 1.6402330215799739,
        "kurtosis_excess": 2.473882080563156,
        "delta_mean_median": 0.5246995411628629
      },
      "d_l": {
        "n": 951,
        "nan_frac": 0.0,
        "mean": -0.1398720442143354,
        "median": 0.0,
        "std": 1.2503639682151788,
        "iqr": 1.4059456288814545,
        "mad": 0.674490749835968,
        "mad_sigma": 0.9999999857068061,
        "skewness": -1.1389972358843414,
        "kurtosis_excess": 2.8778163772947236,
        "delta_mean_median": -0.1398720442143354
      },
      "d_s": {
        "n": 951,
        "nan_frac": 0.0,
        "mean": 0.23695474861093752,
        "median": 0.0,
        "std": 1.2443320801977962,
        "iqr": 1.3682253956794739,
        "mad": 0.674490749835968,
        "mad_sigma": 0.9999999857068061,
        "skewness": 1.355253521138623,
        "kurtosis_excess": 2.6108532244327485,
        "delta_mean_median": 0.23695474861093752
      },
      "e_e": {
        "n": 951,
        "nan_frac": 0.0,
        "mean": -0.067882250725134,
        "median": 0.0,
        "std": 1.053005877196659,
        "iqr": 1.342081904411316,
        "mad": 0.6744906902313232,
        "mad_sigma": 0.9999998973369598,
        "skewness": -0.5694153957208901,
        "kurtosis_excess": 0.6959576956156046,
        "delta_mean_median": -0.067882250725134
      },
      "e_s": {
        "n": 951,
        "nan_frac": 0.0,
        "mean": 0.32634668961172475,
        "median": 0.0,
        "std": 1.5638038668549623,
        "iqr": 1.3911480903625488,
        "mad": 0.674490749835968,
        "mad_sigma": 0.9999999857068061,
        "skewness": 1.8645458139993691,
        "kurtosis_excess": 4.3145625876495615,
        "delta_mean_median": 0.32634668961172475
      },
      "e_m": {
        "n": 951,
        "nan_frac": 0.0,
        "mean": 0.10073248775441838,
        "median": 0.0,
        "std": 1.0254242244906402,
        "iqr": 1.3489582538604736,
        "mad": 0.674490749835968,
        "mad_sigma": 0.9999999857068061,
        "skewness": 0.7266947421943698,
        "kurtosis_excess": 1.0961746333074576,
        "delta_mean_median": 0.10073248775441838
      }
    }
  },
  "entropy_provisional": {},
  "geometry_contract": {
    "policy_version": "standard_invalidity_v1",
    "status": "ok",
    "primary_requires_coords_9d": true,
    "shared_time_grid": {
      "epochs_before_policy": 951,
      "epochs_retained": 951,
      "epochs_dropped": 0,
      "drop_fraction": 0.0,
      "dropped_epoch_indices_preview": [],
      "drop_reason_counts": {
        "mnps_3d_nonfinite_rows": 0,
        "coords_9d_nonfinite_rows_affecting_primary": 0
      }
    },
    "mnps_3d": {
      "finite_row_fraction_before": 1.0,
      "nonfinite_row_count": 0,
      "degenerate_axes": [],
      "all_nan_axes": []
    },
    "coords_9d": {
      "available": true,
      "shape_matches_time_grid": true,
      "finite_row_fraction_before": 1.0,
      "nonfinite_row_count": 0,
      "nonfinite_rows_retained_on_shared_grid": 0,
      "degenerate_axes": [],
      "all_nan_axes": []
    },
    "time_grid": {
      "status": "ok",
      "warnings": [],
      "window_count": 951,
      "finite_window_bounds_fraction": 1.0,
      "dt_source": "window_start",
      "dt_sec_runtime": 4.0,
      "dt_sec_config": 4.0,
      "window_sec_config": 8.0,
      "dt_matches_runtime": true,
      "dt_matches_config_formula": true,
      "window_len_matches_config": true,
      "nonpositive_dt_count": 0,
      "nonpositive_window_len_count": 0,
      "dt_intervals_sec": {
        "n": 950,
        "mean": 4.0,
        "median": 4.0,
        "iqr": 0.0,
        "p95": 4.0,
        "max": 4.0
      },
      "window_lengths_sec": {
        "n": 951,
        "mean": 8.0,
        "median": 8.0,
        "iqr": 0.0,
        "p95": 8.0,
        "max": 8.0
      }
    },