{
  "dataset_id": "ds004511:sub-S201222:ses-01_rest_run-01",
  "subject": "sub-S201222",
  "session": "ses-01",
  "reliability_axes": {
    "m": 0.8159656614216566,
    "d": 0.4428598007102119,
    "e": 0.7502271555048626
  },
  "reliability_subcoords": {
    "m_a": 0.7166946970512009,
    "m_e": 0.8867497208922542,
    "m_o": 0.7595069932259637,
    "d_n": 0.77192837785735,
    "d_l": 0.6571217400063665,
    "d_s": 0.7783807684673196,
    "e_e": 0.7994189076441052,
    "e_s": 0.643428012695772,
    "e_m": 0.5552112273166624
  }
}