{
  "dataset_id": "ds004511:sub-S201222:ses-01_rest_run-01",
  "subject": "sub-S201222",
  "session": "ses-01",
  "coverage": {
    "epochs": 125,
    "seconds": 500.0
  },
  "artifacts": {
    "methods": [
      "ica"
    ],
    "bad_eeg_channels": [
      "Batt_0",
      "Batt_1",
      "Batt_2",
      "Batt_3",
      "Foto",
      "Gnd-Ref",
      "Gnd-Ref1",
      "Gnd-Ref2",
      "Gnd-Ref3",
      "Ref",
      "Sync"
    ],
    "n_bad_eeg_channels": 11,
    "stem_collisions": {}
  },
  "ensemble": {
    "var_by_subcoord": {
      "m_a": 0.0010057963663712144,
      "m_e": 0.0,
      "m_o": 0.0,
      "d_n": 0.0,
      "d_l": 0.0,
      "d_s": 0.0,
      "e_e": 0.0,
      "e_s": 0.0,
      "e_m": 0.0
    },
    "var_mean": 0.00011175515181902383,
    "var_max": 0.0010057963663712144
  },
  "reliability": {
    "axes": {
      "m": 0.8159656614216566,
      "d": 0.4428598007102119,
      "e": 0.7502271555048626
    },
    "subcoords": {
      "m_a": 0.7166946970512009,
      "m_e": 0.8867497208922542,
      "m_o": 0.7595069932259637,
      "d_n": 0.77192837785735,
      "d_l": 0.6571217400063665,
      "d_s": 0.7783807684673196,
      "e_e": 0.7994189076441052,
      "e_s": 0.643428012695772,
      "e_m": 0.5552112273166624
    }
  },
  "dist_summary": {
    "axes": {
      "m": {
        "n": 125,
        "nan_frac": 0.0,
        "mean": -0.024728917106986045,
        "median": 0.0782722532749176,
        "std": 0.8055815194488711,
        "iqr": 1.4342944025993347,
        "mad": 0.7135989367961884,
        "mad_sigma": 1.0579817836940288,
        "skewness": -0.040975194318124096,
        "kurtosis_excess": -1.3628689830985876,
        "delta_mean_median": -0.10300117038190365
      },
      "d": {
        "n": 125,
        "nan_frac": 0.0,
        "mean": 0.1108440229264088,
        "median": 0.11317406594753265,
        "std": 0.36988060959711516,
        "iqr": 0.3780791461467743,
        "mad": 0.18770979344844818,
        "mad_sigma": 0.27829853976666924,
        "skewness": 1.5147479419040377,
        "kurtosis_excess": 5.00920858889107,
        "delta_mean_median": -0.0023300430211238565
      },
      "e": {
        "n": 125,
        "nan_frac": 0.0,
        "mean": -0.29747734280861915,
        "median": -0.22062315046787262,
        "std": 0.5670337371129573,
        "iqr": 0.7515582367777824,
        "mad": 0.3564416915178299,
        "mad_sigma": 0.5284604518443345,
        "skewness": -0.4266185559104521,
        "kurtosis_excess": -0.15391368181758525,
        "delta_mean_median": -0.07685419234074653
      }
    },
    "subcoords": {
      "m_a": {
        "n": 125,
        "nan_frac": 0.0,
        "mean": -0.1564591231495142,
        "median": 0.012703917920589447,
        "std": 0.9533196020622932,
        "iqr": 1.2576371431350708,
        "mad": 0.6362501010298729,
        "mad_sigma": 0.9433043997868895,
        "skewness": -0.5453979825479937,
        "kurtosis_excess": -0.3759240694613988,
        "delta_mean_median": -0.16916304107010366
      },
      "m_e": {
        "n": 125,
        "nan_frac": 0.0,
        "mean": -0.11884870828688145,
        "median": 0.0,
        "std": 0.7117425578190854,
        "iqr": 1.406758964061737,
        "mad": 0.674490749835968,
        "mad_sigma": 0.9999999857068061,
        "skewness": -0.0968212953214252,
        "kurtosis_excess": -1.645061173891355,
        "delta_mean_median": -0.11884870828688145
      },
      "m_o": {
        "n": 125,
        "nan_frac": 0.0,
        "mean": 0.2718013418391347,
        "median": 0.0,
        "std": 0.9289192304452362,
        "iqr": 1.7859099507331848,
        "mad": 0.674490749835968,
        "mad_sigma": 0.9999999857068061,
        "skewness": 0.42804365048079007,
        "kurtosis_excess": -1.2895112574817325,
        "delta_mean_median": 0.2718013418391347
      },
      "d_n": {
        "n": 125,
        "nan_frac": 0.0,
        "mean": 0.10673574209213257,
        "median": 0.0,
        "std": 0.8586863466509718,
        "iqr": 1.344266414642334,
        "mad": 0.674490749835968,
        "mad_sigma": 0.9999999857068061,
        "skewness": 0.5722028240755928,
        "kurtosis_excess": -0.33952119025874117,
        "delta_mean_median": 0.10673574209213257
      },
      "d_l": {
        "n": 125,
        "nan_frac": 0.0,
        "mean": -0.1220030230069533,
        "median": 0.0,
        "std": 0.8179741249224679,
        "iqr": 1.3694643378257751,
        "mad": 0.674490749835968,
        "mad_sigma": 0.9999999857068061,
        "skewness": -0.07517184343260422,
        "kurtosis_excess": -0.9857652144982607,
        "delta_mean_median": -0.1220030230069533
      },
      "d_s": {
        "n": 125,
        "nan_frac": 0.0,
        "mean": 0.8000894039049744,
        "median": 0.0,
        "std": 1.6106445426799754,
        "iqr": 2.392047345638275,
        "mad": 0.674490749835968,
        "mad_sigma": 0.9999999857068061,
        "skewness": 0.9988472630423693,
        "kurtosis_excess": 0.1997044067047944,
        "delta_mean_median": 0.8000894039049744
      },
      "e_e": {
        "n": 125,
        "nan_frac": 0.0,
        "mean": -0.5422507745176554,
        "median": 0.0,
        "std": 1.273983820107298,
        "iqr": 1.8552963733673096,
        "mad": 0.674490749835968,
        "mad_sigma": 0.9999999857068061,
        "skewness": -0.7844789031282933,
        "kurtosis_excess": -0.3906406410180634,
        "delta_mean_median": -0.5422507745176554
      },
      "e_s": {
        "n": 125,
        "nan_frac": 0.0,
        "mean": 0.01913111599162221,
        "median": 0.0,
        "std": 0.979660438671667,
        "iqr": 1.352036714553833,
        "mad": 0.674490749835968,
        "mad_sigma": 0.9999999857068061,
        "skewness": 0.5544677964461129,
        "kurtosis_excess": -0.1584373935447192,
        "delta_mean_median": 0.01913111599162221
      },
      "e_m": {
        "n": 125,
        "nan_frac": 0.0,
        "mean": 0.09452773037366569,
        "median": 0.0,
        "std": 1.0276117757167016,
        "iqr": 1.3108043670654297,
        "mad": 0.674490749835968,
        "mad_sigma": 0.9999999857068061,
        "skewness": 0.2696294822497162,
        "kurtosis_excess": 0.10372479219590458,
        "delta_mean_median": 0.09452773037366569
      }
    }
  },
  "entropy_provisional": {},
  "geometry_contract": {
    "policy_version": "standard_invalidity_v1",
    "status": "ok",
    "primary_requires_coords_9d": true,
    "shared_time_grid": {
      "epochs_before_policy": 125,
      "epochs_retained": 125,
      "epochs_dropped": 0,
      "drop_fraction": 0.0,
      "dropped_epoch_indices_preview": [],
      "drop_reason_counts": {
        "mnps_3d_nonfinite_rows": 0,
        "coords_9d_nonfinite_rows_affecting_primary": 0
      }
    },
    "mnps_3d": {
      "finite_row_fraction_before": 1.0,
      "nonfinite_row_count": 0,
      "degenerate_axes": [],
      "all_nan_axes": []
    },
    "coords_9d": {
      "available": true,
      "shape_matches_time_grid": true,
      "finite_row_fraction_before": 1.0,
      "nonfinite_row_count": 0,
      "nonfinite_rows_retained_on_shared_grid": 0,
      "degenerate_axes": [],
      "all_nan_axes": []
    },
    "time_grid": {
      "status": "ok",
      "warnings": [],
      "window_count": 125,
      "finite_window_bounds_fraction": 1.0,
      "dt_source": "window_start",
      "dt_sec_runtime": 4.0,
      "dt_sec_config": 4.0,
      "window_sec_config": 8.0,
      "dt_matches_runtime": true,
      "dt_matches_config_formula": true,
      "window_len_matches_config": true,
      "nonpositive_dt_count": 0,
      "nonpositive_window_len_count": 0,
      "dt_intervals_sec": {
        "n": 124,
        "mean": 4.0,
        "median": 4.0,
        "iqr": 0.0,
        "p95": 4.0,
        "max": 4.0
      },
      "window_lengths_sec": {
        "n": 125,
        "mean": 8.0,
        "median": 8.0,
        "iqr": 0.0,
        "p95": 8.0,
        "max": 8.0
      }
    },