{
  "dataset_id": "ds004511:sub-S200121:ses-01_rest_run-01",
  "subject": "sub-S200121",
  "session": "ses-01",
  "reliability_axes": {
    "m": 0.7474618390700694,
    "d": 0.5458460008122663,
    "e": 0.5732232451712304
  },
  "reliability_subcoords": {
    "m_a": 0.6562971959432045,
    "m_e": 0.7603713073372383,
    "m_o": 0.6476399911433837,
    "d_n": 0.6902113573726113,
    "d_l": 0.6473485972213604,
    "d_s": 0.4832679411087013,
    "e_e": 0.6380679950629762,
    "e_s": 0.6248373612601889,
    "e_m": 0.45273909286027797
  }
}