{
  "dataset_id": "ds004511:sub-S200121:ses-01_rest_run-01",
  "subject": "sub-S200121",
  "session": "ses-01",
  "coverage": {
    "epochs": 127,
    "seconds": 508.0
  },
  "artifacts": {
    "methods": [
      "ica"
    ],
    "bad_eeg_channels": [
      "Batt_0",
      "Batt_1",
      "Batt_2",
      "Batt_3",
      "CP5",
      "Foto",
      "Gnd-Ref",
      "Gnd-Ref1",
      "Gnd-Ref2",
      "Gnd-Ref3",
      "P7",
      "Ref",
      "Sync"
    ],
    "n_bad_eeg_channels": 13,
    "stem_collisions": {}
  },
  "ensemble": {
    "var_by_subcoord": {
      "m_a": 0.0018255588365718722,
      "m_e": 0.0,
      "m_o": 0.0,
      "d_n": 0.0,
      "d_l": 0.0,
      "d_s": 0.0,
      "e_e": 0.0,
      "e_s": 0.0,
      "e_m": 0.0
    },
    "var_mean": 0.00020283987073020803,
    "var_max": 0.0018255588365718722
  },
  "reliability": {
    "axes": {
      "m": 0.7474618390700694,
      "d": 0.5458460008122663,
      "e": 0.5732232451712304
    },
    "subcoords": {
      "m_a": 0.6562971959432045,
      "m_e": 0.7603713073372383,
      "m_o": 0.6476399911433837,
      "d_n": 0.6902113573726113,
      "d_l": 0.6473485972213604,
      "d_s": 0.4832679411087013,
      "e_e": 0.6380679950629762,
      "e_s": 0.6248373612601889,
      "e_m": 0.45273909286027797
    }
  },
  "dist_summary": {
    "axes": {
      "m": {
        "n": 127,
        "nan_frac": 0.0,
        "mean": -0.047544296466063445,
        "median": -0.012275444343686104,
        "std": 1.2500931084219735,
        "iqr": 1.1354764103889465,
        "mad": 0.5767378676682711,
        "mad_sigma": 0.8550715626049786,
        "skewness": -0.07808093318855863,
        "kurtosis_excess": 2.3476218767581374,
        "delta_mean_median": -0.03526885212237734
      },
      "d": {
        "n": 127,
        "nan_frac": 0.0,
        "mean": -0.3209118910581167,
        "median": -0.019280508160591125,
        "std": 0.8161202277368034,
        "iqr": 0.9289636388421059,
        "mad": 0.33238543570041656,
        "mad_sigma": 0.4927946469694376,
        "skewness": -1.1923875368254993,
        "kurtosis_excess": 0.47276633483732633,
        "delta_mean_median": -0.30163138289752556
      },
      "e": {
        "n": 127,
        "nan_frac": 0.0,
        "mean": 0.3583617190304249,
        "median": 0.25878778100013733,
        "std": 0.8004896972701917,
        "iqr": 0.8495611399412155,
        "mad": 0.4276409447193146,
        "mad_sigma": 0.6340204646408557,
        "skewness": 1.2046098535572938,
        "kurtosis_excess": 1.4907658001325483,
        "delta_mean_median": 0.09957393803028758
      }
    },
    "subcoords": {
      "m_a": {
        "n": 127,
        "nan_frac": 0.0,
        "mean": -0.438567886935679,
        "median": 0.034983932971954346,
        "std": 1.7582761293912461,
        "iqr": 1.2187467366456985,
        "mad": 0.5030844211578369,
        "mad_sigma": 0.7458729628086089,
        "skewness": -1.511333539807853,
        "kurtosis_excess": 2.5903075655233314,
        "delta_mean_median": -0.47355181990763334
      },
      "m_e": {
        "n": 127,
        "nan_frac": 0.0,
        "mean": 0.1225365331821789,
        "median": 0.0,
        "std": 1.3978958726570532,
        "iqr": 1.3361699879169464,
        "mad": 0.674490749835968,
        "mad_sigma": 0.9999999857068061,
        "skewness": 0.4833493883304203,
        "kurtosis_excess": 1.5443209990603712,
        "delta_mean_median": 0.1225365331821789
      },
      "m_o": {
        "n": 127,
        "nan_frac": 0.0,
        "mean": 0.28332279646021175,
        "median": 0.0,
        "std": 1.3421096433090831,
        "iqr": 1.351595252752304,
        "mad": 0.674490749835968,
        "mad_sigma": 0.9999999857068061,
        "skewness": 1.495451478447386,
        "kurtosis_excess": 2.296832503968707,
        "delta_mean_median": 0.28332279646021175
      },
      "d_n": {
        "n": 127,
        "nan_frac": 0.0,
        "mean": -0.11270129235138691,
        "median": 0.0,
        "std": 1.9075896009674995,
        "iqr": 1.4766201972961426,
        "mad": 0.674490749835968,
        "mad_sigma": 0.9999999857068061,
        "skewness": 0.7437090458578993,
        "kurtosis_excess": 3.0104454002468364,
        "delta_mean_median": -0.11270129235138691
      },
      "d_l": {
        "n": 127,
        "nan_frac": 0.0,
        "mean": -0.5793513180248029,
        "median": 0.0,
        "std": 1.7086907514679666,
        "iqr": 1.6370820105075836,
        "mad": 0.674490749835968,
        "mad_sigma": 0.9999999857068061,
        "skewness": -1.4764432589635204,
        "kurtosis_excess": 1.9271652942950155,
        "delta_mean_median": -0.5793513180248029
      },
      "d_s": {
        "n": 127,
        "nan_frac": 0.0,
        "mean": 0.06414178098867258,
        "median": 0.0,
        "std": 0.98315403218015,
        "iqr": 1.2874679863452911,
        "mad": 0.674490749835968,
        "mad_sigma": 0.9999999857068061,
        "skewness": 0.41934983234769646,
        "kurtosis_excess": -0.2014746412733439,
        "delta_mean_median": 0.06414178098867258
      },
      "e_e": {
        "n": 127,
        "nan_frac": 0.0,
        "mean": -0.020920539773472652,
        "median": 0.0,
        "std": 1.0376131864030467,
        "iqr": 1.3482118248939514,
        "mad": 0.6744906902313232,
        "mad_sigma": 0.9999998973369598,
        "skewness": -0.2943857995999067,
        "kurtosis_excess": 0.9476781324725465,
        "delta_mean_median": -0.020920539773472652
      },
      "e_s": {
        "n": 127,
        "nan_frac": 0.0,
        "mean": 0.893101883773494,
        "median": 0.0,
        "std": 2.035669467547071,
        "iqr": 1.8383540660142899,
        "mad": 0.674490749835968,
        "mad_sigma": 0.9999999857068061,
        "skewness": 1.4509883923725446,
        "kurtosis_excess": 1.0681747701925444,
        "delta_mean_median": 0.893101883773494
      },
      "e_m": {
        "n": 127,
        "nan_frac": 0.0,
        "mean": 0.053396677833021156,
        "median": 0.0,
        "std": 1.0551345973040303,
        "iqr": 1.2730483412742615,
        "mad": 0.6744906902313232,
        "mad_sigma": 0.9999998973369598,
        "skewness": 0.6409185016278953,
        "kurtosis_excess": 1.1082290152522711,
        "delta_mean_median": 0.053396677833021156
      }
    }
  },
  "entropy_provisional": {},
  "geometry_contract": {
    "policy_version": "standard_invalidity_v1",
    "status": "ok",
    "primary_requires_coords_9d": true,
    "shared_time_grid": {
      "epochs_before_policy": 127,
      "epochs_retained": 127,
      "epochs_dropped": 0,
      "drop_fraction": 0.0,
      "dropped_epoch_indices_preview": [],
      "drop_reason_counts": {
        "mnps_3d_nonfinite_rows": 0,
        "coords_9d_nonfinite_rows_affecting_primary": 0
      }
    },
    "mnps_3d": {
      "finite_row_fraction_before": 1.0,
      "nonfinite_row_count": 0,
      "degenerate_axes": [],
      "all_nan_axes": []
    },
    "coords_9d": {
      "available": true,
      "shape_matches_time_grid": true,
      "finite_row_fraction_before": 1.0,
      "nonfinite_row_count": 0,
      "nonfinite_rows_retained_on_shared_grid": 0,
      "degenerate_axes": [],
      "all_nan_axes": []
    },
    "time_grid": {
      "status": "ok",
      "warnings": [],
      "window_count": 127,
      "finite_window_bounds_fraction": 1.0,
      "dt_source": "window_start",
      "dt_sec_runtime": 4.0,
      "dt_sec_config": 4.0,
      "window_sec_config": 8.0,
      "dt_matches_runtime": true,
      "dt_matches_config_formula": true,
      "window_len_matches_config": true,
      "nonpositive_dt_count": 0,
      "nonpositive_window_len_count": 0,
      "dt_intervals_sec": {
        "n": 126,
        "mean": 4.0,
        "median": 4.0,
        "iqr": 0.0,
        "p95": 4.0,
        "max": 4.0
      },
      "window_lengths_sec": {
        "n": 127,
        "mean": 8.0,
        "median": 8.0,
        "iqr": 0.0,
        "p95": 8.0,