{
  "dataset_id": "ds004511:sub-S200205:ses-01_gambling_run-01",
  "subject": "sub-S200205",
  "session": "ses-01",
  "reliability_axes": {
    "m": 0.6080347106381965,
    "d": 0.5457138898074166,
    "e": 0.6066343117170782
  },
  "reliability_subcoords": {
    "m_a": 0.669798507283161,
    "m_e": 0.6126945546659465,
    "m_o": 0.5202622497906877,
    "d_n": 0.7112552888785963,
    "d_l": 0.5792243811140144,
    "d_s": 0.49162000720759136,
    "e_e": 0.6776355273949203,
    "e_s": 0.5846583814618812,
    "e_m": 0.9669768512004991
  }
}