{
  "dataset_id": "ds004511:sub-S200205:ses-01_gambling_run-01",
  "subject": "sub-S200205",
  "session": "ses-01",
  "coverage": {
    "epochs": 912,
    "seconds": 3648.0
  },
  "artifacts": {
    "methods": [
      "ica"
    ],
    "bad_eeg_channels": [
      "Batt_0",
      "Batt_1",
      "Batt_2",
      "Batt_3",
      "Gnd-Ref",
      "Gnd-Ref1",
      "Gnd-Ref2",
      "Gnd-Ref3",
      "PO10",
      "Ref",
      "Sync"
    ],
    "n_bad_eeg_channels": 11,
    "stem_collisions": {}
  },
  "ensemble": {
    "var_by_subcoord": {
      "m_a": 0.000609652022831142,
      "m_e": 6.1998847624821635e-15,
      "m_o": 3.1802126443337617e-14,
      "d_n": 9.030413068255964e-15,
      "d_l": 6.279482820227902e-14,
      "d_s": 1.2766622882551953e-14,
      "e_e": 2.6411381762181385e-12,
      "e_s": 1.2144888501992857e-13,
      "e_m": 0.0
    },
    "var_mean": 6.773911396848033e-05,
    "var_max": 0.000609652022831142
  },
  "reliability": {
    "axes": {
      "m": 0.6080347106381965,
      "d": 0.5457138898074166,
      "e": 0.6066343117170782
    },
    "subcoords": {
      "m_a": 0.669798507283161,
      "m_e": 0.6126945546659465,
      "m_o": 0.5202622497906877,
      "d_n": 0.7112552888785963,
      "d_l": 0.5792243811140144,
      "d_s": 0.49162000720759136,
      "e_e": 0.6776355273949203,
      "e_s": 0.5846583814618812,
      "e_m": 0.9669768512004991
    }
  },
  "dist_summary": {
    "axes": {
      "m": {
        "n": 912,
        "nan_frac": 0.0,
        "mean": -0.11383962257278463,
        "median": -0.004361089318990707,
        "std": 0.9401249054969757,
        "iqr": 0.9757106825709343,
        "mad": 0.4867999106645584,
        "mad_sigma": 0.7217295475512743,
        "skewness": -1.1291275102474865,
        "kurtosis_excess": 2.6126083994297282,
        "delta_mean_median": -0.10947853325379392
      },
      "d": {
        "n": 912,
        "nan_frac": 0.0,
        "mean": -0.09104556453964781,
        "median": -0.020475663244724274,
        "std": 0.8070304192994491,
        "iqr": 0.9482995644211769,
        "mad": 0.4690883830189705,
        "mad_sigma": 0.6954704366639256,
        "skewness": -0.7031115790298694,
        "kurtosis_excess": 1.2029727812383344,
        "delta_mean_median": -0.07056990129492353
      },
      "e": {
        "n": 912,
        "nan_frac": 0.0,
        "mean": 0.23557787160672505,
        "median": 0.16130861639976501,
        "std": 0.9198149931928247,
        "iqr": 1.0205162838101387,
        "mad": 0.5090455859899521,
        "mad_sigma": 0.7547109857887029,
        "skewness": 0.8992554929829495,
        "kurtosis_excess": 1.4984307403380646,
        "delta_mean_median": 0.07426925520696004
      }
    },
    "subcoords": {
      "m_a": {
        "n": 912,
        "nan_frac": 0.0,
        "mean": -0.2756842816281214,
        "median": 0.011433128267526627,
        "std": 1.3015095659304943,
        "iqr": 1.2258303463459015,
        "mad": 0.5895892977714539,
        "mad_sigma": 0.8741250928759574,
        "skewness": -1.7940164679161508,
        "kurtosis_excess": 3.960498885754572,
        "delta_mean_median": -0.28711740989564805
      },
      "m_e": {
        "n": 912,
        "nan_frac": 0.0,
        "mean": -0.10991078064832611,
        "median": 0.0,
        "std": 1.2232235858076892,
        "iqr": 1.3500923216342926,
        "mad": 0.6744907796382904,
        "mad_sigma": 1.0000000298917293,
        "skewness": -1.1947196265920974,
        "kurtosis_excess": 3.4666989808107305,
        "delta_mean_median": -0.10991078064832611
      },
      "m_o": {
        "n": 912,
        "nan_frac": 0.0,
        "mean": 0.10434445178339445,
        "median": -1.9988510757684708e-07,
        "std": 1.0787243191767497,
        "iqr": 1.3276796489953995,
        "mad": 0.6744909497210756,
        "mad_sigma": 1.0000002820564666,
        "skewness": 0.8074358451160738,
        "kurtosis_excess": 1.9589316570905924,
        "delta_mean_median": 0.10434465166850203
      },
      "d_n": {
        "n": 912,
        "nan_frac": 0.0,
        "mean": 0.18913512378665537,
        "median": 0.0,
        "std": 1.2584381906657227,
        "iqr": 1.3428503721952438,
        "mad": 0.6744908094406128,
        "mad_sigma": 1.0000000740766524,
        "skewness": 1.8101769515884394,
        "kurtosis_excess": 5.545442487725428,
        "delta_mean_median": 0.18913512378665537
      },
      "d_l": {
        "n": 912,
        "nan_frac": 0.0,
        "mean": -0.32596746473593574,
        "median": 0.0,
        "std": 1.5293498900681104,
        "iqr": 1.3538663983345032,
        "mad": 0.674490749835968,
        "mad_sigma": 0.9999999857068061,
        "skewness": -1.900288643069397,
        "kurtosis_excess": 4.216023938479665,
        "delta_mean_median": -0.32596746473593574
      },
      "d_s": {
        "n": 912,
        "nan_frac": 0.0,
        "mean": 0.09661732653726256,
        "median": -1.8061837181448936e-07,
        "std": 1.0749390648308994,
        "iqr": 1.3664072304964066,
        "mad": 0.6744905394152738,
        "mad_sigma": 0.9999996737370849,
        "skewness": 0.8125002779172692,
        "kurtosis_excess": 1.5408349894847566,
        "delta_mean_median": 0.09661750715563437
      },
      "e_e": {
        "n": 912,
        "nan_frac": 0.0,
        "mean": 0.035751405061251205,
        "median": 0.0,
        "std": 1.005531407099573,
        "iqr": 1.3751674145460129,
        "mad": 0.6744907200336456,
        "mad_sigma": 0.999999941521883,
        "skewness": 0.071880728013415,
        "kurtosis_excess": 0.17587423143558079,
        "delta_mean_median": 0.035751405061251205
      },
      "e_s": {
        "n": 912,
        "nan_frac": 0.0,
        "mean": 0.4563332707406708,
        "median": 7.03614205121994e-07,
        "std": 1.7463116136797034,
        "iqr": 1.3984739780426025,
        "mad": 0.674490749835968,
        "mad_sigma": 0.9999999857068061,
        "skewness": 1.9418603258199665,
        "kurtosis_excess": 3.609776271842872,
        "delta_mean_median": 0.4563325671264657
      },
      "e_m": {
        "n": 912,
        "nan_frac": 0.0,
        "mean": 1.335049999611871,
        "median": 7.937342161312699e-08,
        "std": 2.745614898586804,
        "iqr": 3.4458723291754723,
        "mad": 0.6744907994070672,
        "mad_sigma": 1.000000059200918,
        "skewness": 1.0103242386915223,
        "kurtosis_excess": -0.7870528907236092,
        "delta_mean_median": 1.3350499202384494
      }
    }
  },
  "entropy_provisional": {},
  "geometry_contract": {
    "policy_version": "standard_invalidity_v1",
    "status": "adjusted",
    "primary_requires_coords_9d": true,
    "shared_time_grid": {
      "epochs_before_policy": 912,
      "epochs_retained": 912,
      "epochs_dropped": 0,
      "drop_fraction": 0.0,
      "dropped_epoch_indices_preview": [],
      "drop_reason_counts": {
        "mnps_3d_nonfinite_rows": 0,
        "coords_9d_nonfinite_rows_affecting_primary": 0
      }
    },
    "mnps_3d": {
      "finite_row_fraction_before": 1.0,
      "nonfinite_row_count": 0,
      "degenerate_axes": [],
      "all_nan_axes": []
    },
    "coords_9d": {
      "available": true,
      "shape_matches_time_grid": true,
      "finite_row_fraction_before": 1.0,
      "nonfinite_row_count": 0,
      "nonfinite_rows_retained_on_shared_grid": 0,
      "degenerate_axes": [],
      "all_nan_axes": []
    },
    "time_grid": {
      "status": "ok",
      "warnings": [],
      "window_count": 912,
      "finite_window_bounds_fraction": 1.0,
      "dt_source": "window_start",
      "dt_sec_runtime": 4.0,
      "dt_sec_config": 4.0,
      "window_sec_config": 8.0,
      "dt_matches_runtime": true,
      "dt_matches_config_formula": true,
      "window_len_matches_config": true,
      "nonpositive_dt_count": 0,
      "nonpositive_window_len_count": 0,
      "dt_intervals_sec": {
        "n": 911,
        "mean": 4.0,
        "median": 4.0,
        "iqr": 0.0,