{
  "dataset_id": "ds004511:sub-S200313:ses-01_gambling_run-01",
  "subject": "sub-S200313",
  "session": "ses-01",
  "reliability_axes": {
    "m": 0.6049625739055546,
    "d": 0.7220987800316909,
    "e": 0.6842373963480597
  },
  "reliability_subcoords": {
    "m_a": 0.7087401445757506,
    "m_e": 0.5958736209408397,
    "m_o": 0.5082298462939621,
    "d_n": 0.7524464613047678,
    "d_l": 0.754882479929053,
    "d_s": 0.4772082373804504,
    "e_e": 0.7727021529441712,
    "e_s": 0.6799848046608886,
    "e_m": 0.4091895671755268
  }
}