{
  "dataset_id": "ds004511:sub-S200313:ses-01_gambling_run-01",
  "subject": "sub-S200313",
  "session": "ses-01",
  "coverage": {
    "epochs": 894,
    "seconds": 3576.0
  },
  "artifacts": {
    "methods": [
      "ica"
    ],
    "bad_eeg_channels": [
      "Batt_0",
      "Batt_1",
      "Batt_2",
      "Batt_3",
      "Gnd-Ref",
      "Gnd-Ref1",
      "Gnd-Ref2",
      "Gnd-Ref3",
      "Ref",
      "Sync"
    ],
    "n_bad_eeg_channels": 10,
    "stem_collisions": {}
  },
  "ensemble": {
    "var_by_subcoord": {
      "m_a": 0.0006498250877484679,
      "m_e": 7.200764303946262e-15,
      "m_o": 9.574858741696717e-15,
      "d_n": 3.929281233743713e-15,
      "d_l": 4.9923647572718e-14,
      "d_s": 5.81390370687964e-15,
      "e_e": 1.6510996129343036e-12,
      "e_s": 4.76019810862708e-14,
      "e_m": 0.0
    },
    "var_mean": 7.220278772484577e-05,
    "var_max": 0.0006498250877484679
  },
  "reliability": {
    "axes": {
      "m": 0.6049625739055546,
      "d": 0.7220987800316909,
      "e": 0.6842373963480597
    },
    "subcoords": {
      "m_a": 0.7087401445757506,
      "m_e": 0.5958736209408397,
      "m_o": 0.5082298462939621,
      "d_n": 0.7524464613047678,
      "d_l": 0.754882479929053,
      "d_s": 0.4772082373804504,
      "e_e": 0.7727021529441712,
      "e_s": 0.6799848046608886,
      "e_m": 0.4091895671755268
    }
  },
  "dist_summary": {
    "axes": {
      "m": {
        "n": 894,
        "nan_frac": 0.0,
        "mean": -0.14526922374995535,
        "median": -0.04439474642276764,
        "std": 0.9406310305857017,
        "iqr": 1.158772274851799,
        "mad": 0.5718571245670319,
        "mad_sigma": 0.8478353728830814,
        "skewness": -1.038180165371721,
        "kurtosis_excess": 3.0574972618475655,
        "delta_mean_median": -0.10087447732718771
      },
      "d": {
        "n": 894,
        "nan_frac": 0.0,
        "mean": 0.1049256858106828,
        "median": 0.11865151301026344,
        "std": 0.8145300704861528,
        "iqr": 0.9427992850542068,
        "mad": 0.4742114581167698,
        "mad_sigma": 0.7030659078039229,
        "skewness": -0.0015739564715290988,
        "kurtosis_excess": 1.6182012076641348,
        "delta_mean_median": -0.01372582719958064
      },
      "e": {
        "n": 894,
        "nan_frac": 0.0,
        "mean": 0.09470103708602659,
        "median": 0.03550133854150772,
        "std": 0.7394226219661797,
        "iqr": 0.7360701337456703,
        "mad": 0.36539769172668457,
        "mad_sigma": 0.5417386177539825,
        "skewness": 0.9253586447307051,
        "kurtosis_excess": 2.682213747603953,
        "delta_mean_median": 0.05919969854451887
      }
    },
    "subcoords": {
      "m_a": {
        "n": 894,
        "nan_frac": 0.0,
        "mean": -0.20750531283992715,
        "median": -0.014383181929588318,
        "std": 1.2429062154829045,
        "iqr": 1.129149168729782,
        "mad": 0.5578969120979309,
        "mad_sigma": 0.8271379618763923,
        "skewness": -1.8566420226575076,
        "kurtosis_excess": 5.54367896139056,
        "delta_mean_median": -0.19312213091033884
      },
      "m_e": {
        "n": 894,
        "nan_frac": 0.0,
        "mean": -0.2395296804216259,
        "median": 0.0,
        "std": 1.215804832076583,
        "iqr": 1.4086396545171738,
        "mad": 0.6744907796382904,
        "mad_sigma": 1.0000000298917293,
        "skewness": -1.2424322754238541,
        "kurtosis_excess": 2.4579301746003246,
        "delta_mean_median": -0.2395296804216259
      },
      "m_o": {
        "n": 894,
        "nan_frac": 0.0,
        "mean": 0.055685493321459056,
        "median": -1.1816155165433884e-07,
        "std": 1.179783975318068,
        "iqr": 1.3480083644390106,
        "mad": 0.6744907796382904,
        "mad_sigma": 1.0000000298917293,
        "skewness": 0.5604897276396207,
        "kurtosis_excess": 1.5776597624905992,
        "delta_mean_median": 0.05568561148301071
      },
      "d_n": {
        "n": 894,
        "nan_frac": 0.0,
        "mean": 0.2886791104967529,
        "median": 0.0,
        "std": 1.382279457394317,
        "iqr": 1.332888439297676,
        "mad": 0.6744907796382904,
        "mad_sigma": 1.0000000298917293,
        "skewness": 1.5263584751686847,
        "kurtosis_excess": 3.039286641060957,
        "delta_mean_median": 0.2886791104967529
      },
      "d_l": {
        "n": 894,
        "nan_frac": 0.0,
        "mean": -0.10957905584691047,
        "median": -3.6263372749090195e-07,
        "std": 1.166990356852076,
        "iqr": 1.3418145179748535,
        "mad": 0.6744911124696955,
        "mad_sigma": 1.0000005233475706,
        "skewness": -1.3887249173743146,
        "kurtosis_excess": 3.9600522739890165,
        "delta_mean_median": -0.10957869321318298
      },
      "d_s": {
        "n": 894,
        "nan_frac": 0.0,
        "mean": 0.4049870154152492,
        "median": -1.25466613098979e-07,
        "std": 1.6053319781895965,
        "iqr": 1.43666473031044,
        "mad": 0.6744906243693549,
        "mad_sigma": 0.9999997996900055,
        "skewness": 1.6480438767013543,
        "kurtosis_excess": 3.116824050248355,
        "delta_mean_median": 0.4049871408818623
      },
      "e_e": {
        "n": 894,
        "nan_frac": 0.0,
        "mean": -0.07386327872622625,
        "median": 2.3922184482216835e-06,
        "std": 1.063865838120162,
        "iqr": 1.3473570793867111,
        "mad": 0.6744882682105526,
        "mad_sigma": 0.9999963064489653,
        "skewness": -0.689986039579135,
        "kurtosis_excess": 0.9756943517886367,
        "delta_mean_median": -0.07386567094467447
      },
      "e_s": {
        "n": 894,
        "nan_frac": 0.0,
        "mean": 0.3267574408155412,
        "median": -5.070469342172146e-07,
        "std": 1.584562586557818,
        "iqr": 1.35614413022995,
        "mad": 0.6744902427890338,
        "mad_sigma": 0.9999992339590215,
        "skewness": 1.9345611619382084,
        "kurtosis_excess": 4.405307365989954,
        "delta_mean_median": 0.3267579478624754
      },
      "e_m": {
        "n": 894,
        "nan_frac": 0.0,
        "mean": 0.07485796761427124,
        "median": -1.330627128481865e-07,
        "std": 1.0802730921522974,
        "iqr": 1.3315164595842361,
        "mad": 0.674490749835968,
        "mad_sigma": 0.9999999857068061,
        "skewness": 0.3581969925102026,
        "kurtosis_excess": 0.6034415473327361,
        "delta_mean_median": 0.07485810067698409
      }
    }
  },
  "entropy_provisional": {},
  "geometry_contract": {
    "policy_version": "standard_invalidity_v1",
    "status": "ok",
    "primary_requires_coords_9d": true,
    "shared_time_grid": {
      "epochs_before_policy": 894,
      "epochs_retained": 894,
      "epochs_dropped": 0,
      "drop_fraction": 0.0,
      "dropped_epoch_indices_preview": [],
      "drop_reason_counts": {
        "mnps_3d_nonfinite_rows": 0,
        "coords_9d_nonfinite_rows_affecting_primary": 0
      }
    },
    "mnps_3d": {
      "finite_row_fraction_before": 1.0,
      "nonfinite_row_count": 0,
      "degenerate_axes": [],
      "all_nan_axes": []
    },
    "coords_9d": {
      "available": true,
      "shape_matches_time_grid": true,
      "finite_row_fraction_before": 1.0,
      "nonfinite_row_count": 0,
      "nonfinite_rows_retained_on_shared_grid": 0,
      "degenerate_axes": [],
      "all_nan_axes": []
    },
    "time_grid": {
      "status": "ok",
      "warnings": [],
      "window_count": 894,
      "finite_window_bounds_fraction": 1.0,
      "dt_source": "window_start",
      "dt_sec_runtime": 4.0,
      "dt_sec_config": 4.0,
      "window_sec_config": 8.0,
      "dt_matches_runtime": true,
      "dt_matches_config_formula": true,
      "window_len_matches_config": true,
      "nonpositive_dt_count": 0,
      "nonpositive_window_len_count": 0,
      "dt_intervals_sec": {
        "n": 893,
        "mean": 4.0,
        "median": 4.0,
        "iqr": 0.0,