{
  "dataset_id": "ds004511:sub-S210224:ses-01_cognitive_control_run-01",
  "subject": "sub-S210224",
  "session": "ses-01",
  "reliability_axes": {
    "m": 0.5817296194735015,
    "d": 0.7853854808441815,
    "e": 0.6180972318355665
  },
  "reliability_subcoords": {
    "m_a": 0.6041269701656967,
    "m_e": 0.6496750163846595,
    "m_o": 0.5785236040138592,
    "d_n": 0.7624793188868794,
    "d_l": 0.7281489620918231,
    "d_s": 0.504122743135796,
    "e_e": 0.7034019639787895,
    "e_s": 0.6113892942993602,
    "e_m": 0.6562261059165035
  }
}