{
  "dataset_id": "ds004511:sub-S210224:ses-01_cognitive_control_run-01",
  "subject": "sub-S210224",
  "session": "ses-01",
  "coverage": {
    "epochs": 259,
    "seconds": 1036.0
  },
  "artifacts": {
    "methods": [
      "ica"
    ],
    "bad_eeg_channels": [
      "Batt_0",
      "Batt_1",
      "Batt_2",
      "Batt_3",
      "Gnd-Ref",
      "Gnd-Ref1",
      "Gnd-Ref2",
      "Gnd-Ref3",
      "Ref",
      "Sync"
    ],
    "n_bad_eeg_channels": 10,
    "stem_collisions": {}
  },
  "ensemble": {
    "var_by_subcoord": {
      "m_a": 0.0022528045810759068,
      "m_e": 0.0,
      "m_o": 0.0,
      "d_n": 0.0,
      "d_l": 0.0,
      "d_s": 0.0,
      "e_e": 0.0,
      "e_s": 0.0,
      "e_m": 0.0
    },
    "var_mean": 0.0002503116201195452,
    "var_max": 0.0022528045810759068
  },
  "reliability": {
    "axes": {
      "m": 0.5817296194735015,
      "d": 0.7853854808441815,
      "e": 0.6180972318355665
    },
    "subcoords": {
      "m_a": 0.6041269701656967,
      "m_e": 0.6496750163846595,
      "m_o": 0.5785236040138592,
      "d_n": 0.7624793188868794,
      "d_l": 0.7281489620918231,
      "d_s": 0.504122743135796,
      "e_e": 0.7034019639787895,
      "e_s": 0.6113892942993602,
      "e_m": 0.6562261059165035
    }
  },
  "dist_summary": {
    "axes": {
      "m": {
        "n": 259,
        "nan_frac": 0.0,
        "mean": -0.04005798523792544,
        "median": 0.04725997522473335,
        "std": 0.8541930688350904,
        "iqr": 1.1393637359142303,
        "mad": 0.5642086751759052,
        "mad_sigma": 0.8364957818157971,
        "skewness": -0.7733739938466937,
        "kurtosis_excess": 1.3567116727456252,
        "delta_mean_median": -0.0873179604626588
      },
      "d": {
        "n": 259,
        "nan_frac": 0.0,
        "mean": 0.04528203015629217,
        "median": 0.09408639371395111,
        "std": 0.7305532305085978,
        "iqr": 0.8284417688846588,
        "mad": 0.4125838428735733,
        "mad_sigma": 0.6116968054443598,
        "skewness": 0.3833271029742753,
        "kurtosis_excess": 0.7375800067601541,
        "delta_mean_median": -0.04880436355765894
      },
      "e": {
        "n": 259,
        "nan_frac": 0.0,
        "mean": -0.07194156886633975,
        "median": -0.01326213963329792,
        "std": 0.5508999850453112,
        "iqr": 0.7399600744247437,
        "mad": 0.3681392204016447,
        "mad_sigma": 0.5458032081674784,
        "skewness": -0.12422430339018935,
        "kurtosis_excess": -0.3170760852043717,
        "delta_mean_median": -0.05867942923304183
      }
    },
    "subcoords": {
      "m_a": {
        "n": 259,
        "nan_frac": 0.0,
        "mean": -0.0638172121064083,
        "median": 0.026392996311187744,
        "std": 0.989942076566626,
        "iqr": 1.1392320096492767,
        "mad": 0.5520598292350769,
        "mad_sigma": 0.818483902823925,
        "skewness": -0.6595709607449074,
        "kurtosis_excess": 1.726091134379237,
        "delta_mean_median": -0.09021020841759604
      },
      "m_e": {
        "n": 259,
        "nan_frac": 0.0,
        "mean": -0.17405998962127714,
        "median": 0.0,
        "std": 1.1769571768119982,
        "iqr": 1.39507657289505,
        "mad": 0.6744908094406128,
        "mad_sigma": 1.0000000740766524,
        "skewness": -1.1923909382145192,
        "kurtosis_excess": 2.663195352392438,
        "delta_mean_median": -0.17405998962127714
      },
      "m_o": {
        "n": 259,
        "nan_frac": 0.0,
        "mean": 0.15645719239125064,
        "median": 0.0,
        "std": 1.1578279393433637,
        "iqr": 1.3806719183921814,
        "mad": 0.674490749835968,
        "mad_sigma": 0.9999999857068061,
        "skewness": 0.9873053682520105,
        "kurtosis_excess": 1.915100160905518,
        "delta_mean_median": 0.15645719239125064
      },
      "d_n": {
        "n": 259,
        "nan_frac": 0.0,
        "mean": 0.12283417067138126,
        "median": 0.0,
        "std": 1.3233886842488203,
        "iqr": 1.355892688035965,
        "mad": 0.6744908094406128,
        "mad_sigma": 1.0000000740766524,
        "skewness": 1.260095537853812,
        "kurtosis_excess": 3.161464392879309,
        "delta_mean_median": 0.12283417067138126
      },
      "d_l": {
        "n": 259,
        "nan_frac": 0.0,
        "mean": -0.0668913576177512,
        "median": 0.0,
        "std": 0.9961474120400453,
        "iqr": 1.3750636279582977,
        "mad": 0.674490749835968,
        "mad_sigma": 0.9999999857068061,
        "skewness": -0.332878080683242,
        "kurtosis_excess": -0.17010618222268903,
        "delta_mean_median": -0.0668913576177512
      },
      "d_s": {
        "n": 259,
        "nan_frac": 0.0,
        "mean": 0.235303838938676,
        "median": 0.0,
        "std": 1.2861498160044698,
        "iqr": 1.3957934975624084,
        "mad": 0.674490749835968,
        "mad_sigma": 0.9999999857068061,
        "skewness": 1.7416341613809336,
        "kurtosis_excess": 4.286694193642692,
        "delta_mean_median": 0.235303838938676
      },
      "e_e": {
        "n": 259,
        "nan_frac": 0.0,
        "mean": -0.17883947977623596,
        "median": 0.0,
        "std": 1.0675425473167004,
        "iqr": 1.5025749504566193,
        "mad": 0.6744906902313232,
        "mad_sigma": 0.9999998973369598,
        "skewness": -0.38767946496469474,
        "kurtosis_excess": -0.0815089512067213,
        "delta_mean_median": -0.17883947977623596
      },
      "e_s": {
        "n": 259,
        "nan_frac": 0.0,
        "mean": 0.05945008636801054,
        "median": 0.0,
        "std": 1.0147409014043258,
        "iqr": 1.3939416408538818,
        "mad": 0.674490749835968,
        "mad_sigma": 0.9999999857068061,
        "skewness": 0.342430861024808,
        "kurtosis_excess": -0.12295744547890752,
        "delta_mean_median": 0.05945008636801054
      },
      "e_m": {
        "n": 259,
        "nan_frac": 0.0,
        "mean": 0.24140494955437525,
        "median": 0.0,
        "std": 1.1234065028299711,
        "iqr": 1.428777664899826,
        "mad": 0.6744906306266785,
        "mad_sigma": 0.9999998089671135,
        "skewness": 0.7133055343031153,
        "kurtosis_excess": 0.09813871271004615,
        "delta_mean_median": 0.24140494955437525
      }
    }
  },
  "entropy_provisional": {},
  "geometry_contract": {
    "policy_version": "standard_invalidity_v1",
    "status": "ok",
    "primary_requires_coords_9d": true,
    "shared_time_grid": {
      "epochs_before_policy": 259,
      "epochs_retained": 259,
      "epochs_dropped": 0,
      "drop_fraction": 0.0,
      "dropped_epoch_indices_preview": [],
      "drop_reason_counts": {
        "mnps_3d_nonfinite_rows": 0,
        "coords_9d_nonfinite_rows_affecting_primary": 0
      }
    },
    "mnps_3d": {
      "finite_row_fraction_before": 1.0,
      "nonfinite_row_count": 0,
      "degenerate_axes": [],
      "all_nan_axes": []
    },
    "coords_9d": {
      "available": true,
      "shape_matches_time_grid": true,
      "finite_row_fraction_before": 1.0,
      "nonfinite_row_count": 0,
      "nonfinite_rows_retained_on_shared_grid": 0,
      "degenerate_axes": [],
      "all_nan_axes": []
    },
    "time_grid": {
      "status": "ok",
      "warnings": [],
      "window_count": 259,
      "finite_window_bounds_fraction": 1.0,
      "dt_source": "window_start",
      "dt_sec_runtime": 4.0,
      "dt_sec_config": 4.0,
      "window_sec_config": 8.0,
      "dt_matches_runtime": true,
      "dt_matches_config_formula": true,
      "window_len_matches_config": true,
      "nonpositive_dt_count": 0,
      "nonpositive_window_len_count": 0,
      "dt_intervals_sec": {
        "n": 258,
        "mean": 4.0,
        "median": 4.0,
        "iqr": 0.0,
        "p95": 4.0,
        "max": 4.0
      },
      "window_lengths_sec": {
        "n": 259,
        "mean": 8.0,
        "median": 8.0,
        "iqr": 0.0,
        "p95": 8.0,
        "max": 8.0
      }
    },