{
  "dataset_id": "ds004511:sub-S210209:ses-01_rest_run-01",
  "subject": "sub-S210209",
  "session": "ses-01",
  "reliability_axes": {
    "m": 0.6991683027554776,
    "d": 0.24663990867739818,
    "e": 0.6085872861447296
  },
  "reliability_subcoords": {
    "m_a": 0.3935171743848986,
    "m_e": 0.7301586160230858,
    "m_o": 0.44093310605299757,
    "d_n": 0.4217089189025066,
    "d_l": 0.42586199807929304,
    "d_s": 0.4595060238908342,
    "e_e": 0.7752021239542423,
    "e_s": 0.29994464937263743,
    "e_m": 0.4970413849742891
  }
}