{
  "dataset_id": "ds004511:sub-S210209:ses-01_rest_run-01",
  "subject": "sub-S210209",
  "session": "ses-01",
  "coverage": {
    "epochs": 124,
    "seconds": 496.0
  },
  "artifacts": {
    "methods": [
      "ica"
    ],
    "bad_eeg_channels": [
      "Batt_0",
      "Batt_1",
      "Batt_2",
      "Batt_3",
      "Foto",
      "Gnd-Ref",
      "Gnd-Ref1",
      "Gnd-Ref2",
      "Gnd-Ref3",
      "Ref",
      "Sync",
      "TP10"
    ],
    "n_bad_eeg_channels": 12,
    "stem_collisions": {}
  },
  "ensemble": {
    "var_by_subcoord": {
      "m_a": 0.0017807099502533674,
      "m_e": 1.6025463562500258e-14,
      "m_o": 2.2201678836304348e-14,
      "d_n": 6.768023641523513e-15,
      "d_l": 1.2479860894698547e-13,
      "d_s": 4.852789821190289e-15,
      "e_e": 1.0848752587467106e-13,
      "e_s": 1.7924904453531926e-13,
      "e_m": 0.0
    },
    "var_mean": 0.00019785666119063894,
    "var_max": 0.0017807099502533674
  },
  "reliability": {
    "axes": {
      "m": 0.6991683027554776,
      "d": 0.24663990867739818,
      "e": 0.6085872861447296
    },
    "subcoords": {
      "m_a": 0.3935171743848986,
      "m_e": 0.7301586160230858,
      "m_o": 0.44093310605299757,
      "d_n": 0.4217089189025066,
      "d_l": 0.42586199807929304,
      "d_s": 0.4595060238908342,
      "e_e": 0.7752021239542423,
      "e_s": 0.29994464937263743,
      "e_m": 0.4970413849742891
    }
  },
  "dist_summary": {
    "axes": {
      "m": {
        "n": 124,
        "nan_frac": 0.0,
        "mean": 0.3549440436801242,
        "median": -0.07585481181740761,
        "std": 1.4846805934897411,
        "iqr": 0.9478264302015305,
        "mad": 0.49621525406837463,
        "mad_sigma": 0.7356887356817722,
        "skewness": 1.6473666062094394,
        "kurtosis_excess": 2.6308481015138785,
        "delta_mean_median": 0.43079885549753183
      },
      "d": {
        "n": 124,
        "nan_frac": 0.0,
        "mean": 0.1313488961219968,
        "median": -0.06818312406539917,
        "std": 1.002740980454169,
        "iqr": 0.8376045599579811,
        "mad": 0.36219391226768494,
        "mad_sigma": 0.5369886943280696,
        "skewness": 1.9907944608798591,
        "kurtosis_excess": 9.504493094502475,
        "delta_mean_median": 0.19953202018739596
      },
      "e": {
        "n": 124,
        "nan_frac": 0.0,
        "mean": 0.10409934587416149,
        "median": 0.12212235108017921,
        "std": 0.7270709087664929,
        "iqr": 0.821564570069313,
        "mad": 0.47182852029800415,
        "mad_sigma": 0.6995329641938209,
        "skewness": 0.3467751849041512,
        "kurtosis_excess": 0.6876814391047863,
        "delta_mean_median": -0.018023005206017725
      }
    },
    "subcoords": {
      "m_a": {
        "n": 124,
        "nan_frac": 0.0,
        "mean": -0.003156229553203429,
        "median": -0.08406263217329979,
        "std": 1.3517680390167788,
        "iqr": 1.371608093380928,
        "mad": 0.7055073417723179,
        "mad_sigma": 1.0459851849116384,
        "skewness": -1.0488060966276265,
        "kurtosis_excess": 5.063111243062492,
        "delta_mean_median": 0.08090640262009637
      },
      "m_e": {
        "n": 124,
        "nan_frac": 0.0,
        "mean": 0.5215162363564295,
        "median": -5.774199962615967e-08,
        "std": 2.008110195764093,
        "iqr": 1.3420062810182571,
        "mad": 0.6744907777756453,
        "mad_sigma": 1.0000000271301717,
        "skewness": 1.4951052478222728,
        "kurtosis_excess": 1.7781632143066508,
        "delta_mean_median": 0.5215162940984291
      },
      "m_o": {
        "n": 124,
        "nan_frac": 0.0,
        "mean": 0.6447385043551724,
        "median": 0.0,
        "std": 2.07638467710075,
        "iqr": 1.438638523221016,
        "mad": 0.6744907796382904,
        "mad_sigma": 1.0000000298917293,
        "skewness": 1.6113818154380168,
        "kurtosis_excess": 1.569267857710499,
        "delta_mean_median": 0.6447385043551724
      },
      "d_n": {
        "n": 124,
        "nan_frac": 0.0,
        "mean": -0.1468135834401173,
        "median": -2.621673047542572e-07,
        "std": 1.6747598003696451,
        "iqr": 1.4019727259874344,
        "mad": 0.6744907796382904,
        "mad_sigma": 1.0000000298917293,
        "skewness": 0.9020916349540061,
        "kurtosis_excess": 4.545698090189251,
        "delta_mean_median": -0.14681332127281255
      },
      "d_l": {
        "n": 124,
        "nan_frac": 0.0,
        "mean": 0.34962451649499277,
        "median": 0.0,
        "std": 1.7109221378621744,
        "iqr": 1.4613537192344666,
        "mad": 0.6744907200336456,
        "mad_sigma": 0.999999941521883,
        "skewness": 0.4867285877907491,
        "kurtosis_excess": 4.075063157956031,
        "delta_mean_median": 0.34962451649499277
      },
      "d_s": {
        "n": 124,
        "nan_frac": 0.0,
        "mean": -0.011168147677615765,
        "median": -9.220093488693237e-08,
        "std": 1.0102454113491677,
        "iqr": 1.3517992198467255,
        "mad": 0.6744908420369029,
        "mad_sigma": 1.0000001224039121,
        "skewness": 0.1956121419552807,
        "kurtosis_excess": 0.04487442510879225,
        "delta_mean_median": -0.011168055476680878
      },
      "e_e": {
        "n": 124,
        "nan_frac": 0.0,
        "mean": 0.33771352771849883,
        "median": 0.0,
        "std": 1.3643034752734946,
        "iqr": 1.572072595357895,
        "mad": 0.6744907200336456,
        "mad_sigma": 0.999999941521883,
        "skewness": 0.92804774957327,
        "kurtosis_excess": 0.5335537879050603,
        "delta_mean_median": 0.33771352771849883
      },
      "e_s": {
        "n": 124,
        "nan_frac": 0.0,
        "mean": -0.21632618796561034,
        "median": 9.275972843170166e-07,
        "std": 1.4706406753211794,
        "iqr": 1.3983547538518906,
        "mad": 0.6744907796382904,
        "mad_sigma": 1.0000000298917293,
        "skewness": 0.0447773916163961,
        "kurtosis_excess": 6.644496479442335,
        "delta_mean_median": -0.21632711556289466
      },
      "e_m": {
        "n": 124,
        "nan_frac": 0.0,
        "mean": 0.10715876375475238,
        "median": 0.0,
        "std": 1.1667566936243918,
        "iqr": 1.3331792503595352,
        "mad": 0.6744906604290009,
        "mad_sigma": 0.9999998531520367,
        "skewness": 0.6754493510893972,
        "kurtosis_excess": 0.5656242641535862,
        "delta_mean_median": 0.10715876375475238
      }
    }
  },
  "entropy_provisional": {},
  "geometry_contract": {
    "policy_version": "standard_invalidity_v1",
    "status": "ok",
    "primary_requires_coords_9d": true,
    "shared_time_grid": {
      "epochs_before_policy": 124,
      "epochs_retained": 124,
      "epochs_dropped": 0,
      "drop_fraction": 0.0,
      "dropped_epoch_indices_preview": [],
      "drop_reason_counts": {
        "mnps_3d_nonfinite_rows": 0,
        "coords_9d_nonfinite_rows_affecting_primary": 0
      }
    },
    "mnps_3d": {
      "finite_row_fraction_before": 1.0,
      "nonfinite_row_count": 0,
      "degenerate_axes": [],
      "all_nan_axes": []
    },
    "coords_9d": {
      "available": true,
      "shape_matches_time_grid": true,
      "finite_row_fraction_before": 1.0,
      "nonfinite_row_count": 0,
      "nonfinite_rows_retained_on_shared_grid": 0,
      "degenerate_axes": [],
      "all_nan_axes": []
    },
    "time_grid": {
      "status": "ok",
      "warnings": [],
      "window_count": 124,
      "finite_window_bounds_fraction": 1.0,
      "dt_source": "window_start",
      "dt_sec_runtime": 4.0,
      "dt_sec_config": 4.0,
      "window_sec_config": 8.0,
      "dt_matches_runtime": true,
      "dt_matches_config_formula": true,
      "window_len_matches_config": true,
      "nonpositive_dt_count": 0,
      "nonpositive_window_len_count": 0,
      "dt_intervals_sec": {
        "n": 123,
        "mean": 4.0,
        "median": 4.0,
        "iqr": 0.0,