{
  "dataset_id": "ds004511:sub-S210225:ses-01_cognitive_control_run-01",
  "subject": "sub-S210225",
  "session": "ses-01",
  "reliability_axes": {
    "m": 0.4776431802606359,
    "d": 0.6031020374825445,
    "e": 0.48263200011429624
  },
  "reliability_subcoords": {
    "m_a": 0.6266514338638256,
    "m_e": 0.4439627428621596,
    "m_o": 0.7022574153278023,
    "d_n": 0.8279356018644864,
    "d_l": 0.5737838784601903,
    "d_s": 0.6520224096814404,
    "e_e": 0.5161004727396098,
    "e_s": 0.5300223397047231,
    "e_m": 0.4611067328633306
  }
}