{
  "dataset_id": "ds004511:sub-S210225:ses-01_cognitive_control_run-01",
  "subject": "sub-S210225",
  "session": "ses-01",
  "coverage": {
    "epochs": 246,
    "seconds": 984.0
  },
  "artifacts": {
    "methods": [
      "ica"
    ],
    "bad_eeg_channels": [
      "Batt_0",
      "Batt_1",
      "Batt_2",
      "Batt_3",
      "Gnd-Ref",
      "Gnd-Ref1",
      "Gnd-Ref2",
      "Gnd-Ref3",
      "OPO4",
      "Ref",
      "Sync",
      "TPP8"
    ],
    "n_bad_eeg_channels": 12,
    "stem_collisions": {}
  },
  "ensemble": {
    "var_by_subcoord": {
      "m_a": 0.002961746184155345,
      "m_e": 1.4449431709191544e-14,
      "m_o": 2.9859334406065474e-15,
      "d_n": 4.54943157798815e-14,
      "d_l": 1.6737558062619728e-13,
      "d_s": 1.2541373104954512e-14,
      "e_e": 4.097727365759418e-12,
      "e_s": 2.0666427553647782e-13,
      "e_m": 0.0
    },
    "var_mean": 0.0003290829098558426,
    "var_max": 0.002961746184155345
  },
  "reliability": {
    "axes": {
      "m": 0.4776431802606359,
      "d": 0.6031020374825445,
      "e": 0.48263200011429624
    },
    "subcoords": {
      "m_a": 0.6266514338638256,
      "m_e": 0.4439627428621596,
      "m_o": 0.7022574153278023,
      "d_n": 0.8279356018644864,
      "d_l": 0.5737838784601903,
      "d_s": 0.6520224096814404,
      "e_e": 0.5161004727396098,
      "e_s": 0.5300223397047231,
      "e_m": 0.4611067328633306
    }
  },
  "dist_summary": {
    "axes": {
      "m": {
        "n": 246,
        "nan_frac": 0.0,
        "mean": -0.09297131124753277,
        "median": -0.03079373948276043,
        "std": 0.7844278748194397,
        "iqr": 0.8145878240466118,
        "mad": 0.4050839841365814,
        "mad_sigma": 0.6005775148808956,
        "skewness": -1.0252254248972237,
        "kurtosis_excess": 3.5118050901539917,
        "delta_mean_median": -0.062177571764772344
      },
      "d": {
        "n": 246,
        "nan_frac": 0.0,
        "mean": -0.00716689884723202,
        "median": 0.055277545005083084,
        "std": 0.9088196894520812,
        "iqr": 0.8095054253935814,
        "mad": 0.4267888516187668,
        "mad_sigma": 0.6327571514099836,
        "skewness": -0.42000160586527585,
        "kurtosis_excess": 1.930632110146484,
        "delta_mean_median": -0.0624444438523151
      },
      "e": {
        "n": 246,
        "nan_frac": 0.0,
        "mean": 0.09462954486981488,
        "median": 0.030071312561631203,
        "std": 0.7794848854104921,
        "iqr": 0.9544989615678787,
        "mad": 0.47211832739412785,
        "mad_sigma": 0.6999626321945339,
        "skewness": 0.4345040185822624,
        "kurtosis_excess": 0.7342530808863175,
        "delta_mean_median": 0.06455823230818368
      }
    },
    "subcoords": {
      "m_a": {
        "n": 246,
        "nan_frac": 0.0,
        "mean": -0.23158801425763262,
        "median": 0.03816426545381546,
        "std": 1.317111400788213,
        "iqr": 1.098222404718399,
        "mad": 0.5585125908255577,
        "mad_sigma": 0.8280507671579718,
        "skewness": -1.7227793003922065,
        "kurtosis_excess": 4.055560338820759,
        "delta_mean_median": -0.2697522797114481
      },
      "m_e": {
        "n": 246,
        "nan_frac": 0.0,
        "mean": -0.1587355793037308,
        "median": 0.0,
        "std": 1.0132543508451706,
        "iqr": 1.287035956978798,
        "mad": 0.674490749835968,
        "mad_sigma": 0.9999999857068061,
        "skewness": -0.7226449309285364,
        "kurtosis_excess": 0.883180218030911,
        "delta_mean_median": -0.1587355793037308
      },
      "m_o": {
        "n": 246,
        "nan_frac": 0.0,
        "mean": 0.1783902794955586,
        "median": -1.1478550732135773e-07,
        "std": 1.0696224914921488,
        "iqr": 1.3827600181102753,
        "mad": 0.6744907796382904,
        "mad_sigma": 1.0000000298917293,
        "skewness": 1.1055642375891594,
        "kurtosis_excess": 1.5312533344906676,
        "delta_mean_median": 0.17839039428106593
      },
      "d_n": {
        "n": 246,
        "nan_frac": 0.0,
        "mean": 0.2945887837710419,
        "median": 0.0,
        "std": 1.4675172000247776,
        "iqr": 1.3572998195886612,
        "mad": 0.6744907796382904,
        "mad_sigma": 1.0000000298917293,
        "skewness": 1.5924384747023341,
        "kurtosis_excess": 2.7645242484688914,
        "delta_mean_median": 0.2945887837710419
      },
      "d_l": {
        "n": 246,
        "nan_frac": 0.0,
        "mean": -0.28206606602061507,
        "median": 7.960479706525803e-07,
        "std": 1.613669936650862,
        "iqr": 1.3232297748327255,
        "mad": 0.6744899835903198,
        "mad_sigma": 0.999998849671008,
        "skewness": -1.511040152023192,
        "kurtosis_excess": 3.0623097718041503,
        "delta_mean_median": -0.2820668620685857
      },
      "d_s": {
        "n": 246,
        "nan_frac": 0.0,
        "mean": 0.25904547620083895,
        "median": -8.463393896818161e-08,
        "std": 1.1746584691822464,
        "iqr": 1.4925835579633713,
        "mad": 0.6744907248066738,
        "mad_sigma": 0.9999999485983746,
        "skewness": 1.1928628280173754,
        "kurtosis_excess": 1.7968270214960045,
        "delta_mean_median": 0.2590455608347779
      },
      "e_e": {
        "n": 246,
        "nan_frac": 0.0,
        "mean": -0.06899175949856579,
        "median": -3.5159755498170853e-06,
        "std": 1.0175013892881188,
        "iqr": 1.4046849310398102,
        "mad": 0.6744906604290009,
        "mad_sigma": 0.9999998531520367,
        "skewness": -0.2646917384074275,
        "kurtosis_excess": 0.13331291395173706,
        "delta_mean_median": -0.06898824352301597
      },
      "e_s": {
        "n": 246,
        "nan_frac": 0.0,
        "mean": 0.3190876590807324,
        "median": -6.89411535859108e-07,
        "std": 1.693006919264757,
        "iqr": 1.34351746737957,
        "mad": 0.6744907796382904,
        "mad_sigma": 1.0000000298917293,
        "skewness": 1.8341904788903887,
        "kurtosis_excess": 3.6063883719117475,
        "delta_mean_median": 0.31908834849226825
      },
      "e_m": {
        "n": 246,
        "nan_frac": 0.0,
        "mean": 0.09176572601545632,
        "median": 0.0,
        "std": 0.9967505627589992,
        "iqr": 1.3611745834350586,
        "mad": 0.6744906902313232,
        "mad_sigma": 0.9999998973369598,
        "skewness": 0.257764527422929,
        "kurtosis_excess": -0.3255034257629452,
        "delta_mean_median": 0.09176572601545632
      }
    }
  },
  "entropy_provisional": {},
  "geometry_contract": {
    "policy_version": "standard_invalidity_v1",
    "status": "ok",
    "primary_requires_coords_9d": true,
    "shared_time_grid": {
      "epochs_before_policy": 246,
      "epochs_retained": 246,
      "epochs_dropped": 0,
      "drop_fraction": 0.0,
      "dropped_epoch_indices_preview": [],
      "drop_reason_counts": {
        "mnps_3d_nonfinite_rows": 0,
        "coords_9d_nonfinite_rows_affecting_primary": 0
      }
    },
    "mnps_3d": {
      "finite_row_fraction_before": 1.0,
      "nonfinite_row_count": 0,
      "degenerate_axes": [],
      "all_nan_axes": []
    },
    "coords_9d": {
      "available": true,
      "shape_matches_time_grid": true,
      "finite_row_fraction_before": 1.0,
      "nonfinite_row_count": 0,
      "nonfinite_rows_retained_on_shared_grid": 0,
      "degenerate_axes": [],
      "all_nan_axes": []
    },
    "time_grid": {
      "status": "ok",
      "warnings": [],
      "window_count": 246,
      "finite_window_bounds_fraction": 1.0,
      "dt_source": "window_start",
      "dt_sec_runtime": 4.0,
      "dt_sec_config": 4.0,
      "window_sec_config": 8.0,
      "dt_matches_runtime": true,
      "dt_matches_config_formula": true,
      "window_len_matches_config": true,
      "nonpositive_dt_count": 0,
      "nonpositive_window_len_count": 0,
      "dt_intervals_sec": {
        "n": 245,
        "mean": 4.0,
        "median": 4.0,