{
  "dataset_id": "ds004511:sub-S210203:ses-01_cognitive_control_run-01",
  "subject": "sub-S210203",
  "session": "ses-01",
  "reliability_axes": {
    "m": 0.6671767336413159,
    "d": 0.6191723862556755,
    "e": 0.5734055677955067
  },
  "reliability_subcoords": {
    "m_a": 0.7838084404698196,
    "m_e": 0.711850313898455,
    "m_o": 0.6779653293072535,
    "d_n": 0.652648872616492,
    "d_l": 0.7017498428996747,
    "d_s": 0.758439945532007,
    "e_e": 0.648165902779152,
    "e_s": 0.6955970084692902,
    "e_m": 0.4519056899595026
  }
}