{
  "dataset_id": "ds004511:sub-S210203:ses-01_cognitive_control_run-01",
  "subject": "sub-S210203",
  "session": "ses-01",
  "coverage": {
    "epochs": 257,
    "seconds": 1028.0
  },
  "artifacts": {
    "methods": [
      "ica"
    ],
    "bad_eeg_channels": [
      "Batt_0",
      "Batt_1",
      "Batt_2",
      "Batt_3",
      "Gnd-Ref",
      "Gnd-Ref1",
      "Gnd-Ref2",
      "Gnd-Ref3",
      "Ref",
      "Sync"
    ],
    "n_bad_eeg_channels": 10,
    "stem_collisions": {}
  },
  "ensemble": {
    "var_by_subcoord": {
      "m_a": 0.00014374834427144378,
      "m_e": 0.0,
      "m_o": 0.0,
      "d_n": 0.0,
      "d_l": 0.0,
      "d_s": 0.0,
      "e_e": 0.0,
      "e_s": 0.0,
      "e_m": 0.0
    },
    "var_mean": 1.597203825238264e-05,
    "var_max": 0.00014374834427144378
  },
  "reliability": {
    "axes": {
      "m": 0.6671767336413159,
      "d": 0.6191723862556755,
      "e": 0.5734055677955067
    },
    "subcoords": {
      "m_a": 0.7838084404698196,
      "m_e": 0.711850313898455,
      "m_o": 0.6779653293072535,
      "d_n": 0.652648872616492,
      "d_l": 0.7017498428996747,
      "d_s": 0.758439945532007,
      "e_e": 0.648165902779152,
      "e_s": 0.6955970084692902,
      "e_m": 0.4519056899595026
    }
  },
  "dist_summary": {
    "axes": {
      "m": {
        "n": 257,
        "nan_frac": 0.0,
        "mean": 0.008167234813823485,
        "median": -0.012902197428047657,
        "std": 0.7463554244751882,
        "iqr": 0.9704083502292633,
        "mad": 0.48278450686484575,
        "mad_sigma": 0.7157763098778203,
        "skewness": -0.07102168925070311,
        "kurtosis_excess": -0.20937795163013373,
        "delta_mean_median": 0.02106943224187114
      },
      "d": {
        "n": 257,
        "nan_frac": 0.0,
        "mean": 0.09975717162010386,
        "median": 0.09392596781253815,
        "std": 0.4727892334162765,
        "iqr": 0.4940701276063919,
        "mad": 0.24756939709186554,
        "mad_sigma": 0.36704638812839985,
        "skewness": 0.03903825638824313,
        "kurtosis_excess": 2.5660345365171056,
        "delta_mean_median": 0.005831203807565716
      },
      "e": {
        "n": 257,
        "nan_frac": 0.0,
        "mean": -0.05691725600049704,
        "median": -0.069364033639431,
        "std": 0.5548308822538534,
        "iqr": 0.5483565628528595,
        "mad": 0.28316397219896317,
        "mad_sigma": 0.4198189051821828,
        "skewness": 0.8879420707142244,
        "kurtosis_excess": 4.121820464315953,
        "delta_mean_median": 0.01244677763893396
      }
    },
    "subcoords": {
      "m_a": {
        "n": 257,
        "nan_frac": 0.0,
        "mean": -0.056731560640761826,
        "median": 0.015559196472167969,
        "std": 1.0123740225820053,
        "iqr": 1.2652814388275146,
        "mad": 0.6433625817298889,
        "mad_sigma": 0.9538493636727332,
        "skewness": -0.44445898535781375,
        "kurtosis_excess": 0.4902815011139774,
        "delta_mean_median": -0.07229075711292979
      },
      "m_e": {
        "n": 257,
        "nan_frac": 0.0,
        "mean": -0.13117063322905378,
        "median": 0.0,
        "std": 0.961488068709467,
        "iqr": 1.2863551378250122,
        "mad": 0.674490749835968,
        "mad_sigma": 0.9999999857068061,
        "skewness": -0.3938166872372698,
        "kurtosis_excess": -0.32473902301386515,
        "delta_mean_median": -0.13117063322905378
      },
      "m_o": {
        "n": 257,
        "nan_frac": 0.0,
        "mean": 0.2678852100015875,
        "median": 0.0,
        "std": 1.1385473601099865,
        "iqr": 1.483151912689209,
        "mad": 0.674490749835968,
        "mad_sigma": 0.9999999857068061,
        "skewness": 0.920206005994583,
        "kurtosis_excess": 0.3704338892856027,
        "delta_mean_median": 0.2678852100015875
      },
      "d_n": {
        "n": 257,
        "nan_frac": 0.0,
        "mean": 0.2478846659999819,
        "median": 0.0,
        "std": 1.286437989391266,
        "iqr": 1.535381019115448,
        "mad": 0.674490749835968,
        "mad_sigma": 0.9999999857068061,
        "skewness": 1.0391060338918943,
        "kurtosis_excess": 1.4103428073843522,
        "delta_mean_median": 0.2478846659999819
      },
      "d_l": {
        "n": 257,
        "nan_frac": 0.0,
        "mean": -0.062147495021557995,
        "median": 0.0,
        "std": 1.0221762820786984,
        "iqr": 1.3087441325187683,
        "mad": 0.6744908094406128,
        "mad_sigma": 1.0000000740766524,
        "skewness": -0.0952406694478924,
        "kurtosis_excess": 0.4125112410635583,
        "delta_mean_median": -0.062147495021557995
      },
      "d_s": {
        "n": 257,
        "nan_frac": 0.0,
        "mean": 0.3093931439843623,
        "median": 0.0,
        "std": 1.2821229963566487,
        "iqr": 1.3695544600486755,
        "mad": 0.674490749835968,
        "mad_sigma": 0.9999999857068061,
        "skewness": 1.6328800153749687,
        "kurtosis_excess": 2.9985446240412994,
        "delta_mean_median": 0.3093931439843623
      },
      "e_e": {
        "n": 257,
        "nan_frac": 0.0,
        "mean": -0.12215726519119473,
        "median": 0.0,
        "std": 0.9981353909546095,
        "iqr": 1.375340759754181,
        "mad": 0.6744906902313232,
        "mad_sigma": 0.9999998973369598,
        "skewness": -0.47499293890703803,
        "kurtosis_excess": -0.014712794671026597,
        "delta_mean_median": -0.12215726519119473
      },
      "e_s": {
        "n": 257,
        "nan_frac": 0.0,
        "mean": 0.02517199054779847,
        "median": 0.0,
        "std": 1.140102875256545,
        "iqr": 1.3096855878829956,
        "mad": 0.674490749835968,
        "mad_sigma": 0.9999999857068061,
        "skewness": 1.1067106530049642,
        "kurtosis_excess": 4.386136892547466,
        "delta_mean_median": 0.02517199054779847
      },
      "e_m": {
        "n": 257,
        "nan_frac": 0.0,
        "mean": 0.09503860130420513,
        "median": 0.0,
        "std": 1.016063446667,
        "iqr": 1.3528303503990173,
        "mad": 0.6744906306266785,
        "mad_sigma": 0.9999998089671135,
        "skewness": 0.6291056965075564,
        "kurtosis_excess": 0.6178574476364598,
        "delta_mean_median": 0.09503860130420513
      }
    }
  },
  "entropy_provisional": {},
  "geometry_contract": {
    "policy_version": "standard_invalidity_v1",
    "status": "ok",
    "primary_requires_coords_9d": true,
    "shared_time_grid": {
      "epochs_before_policy": 257,
      "epochs_retained": 257,
      "epochs_dropped": 0,
      "drop_fraction": 0.0,
      "dropped_epoch_indices_preview": [],
      "drop_reason_counts": {
        "mnps_3d_nonfinite_rows": 0,
        "coords_9d_nonfinite_rows_affecting_primary": 0
      }
    },
    "mnps_3d": {
      "finite_row_fraction_before": 1.0,
      "nonfinite_row_count": 0,
      "degenerate_axes": [],
      "all_nan_axes": []
    },
    "coords_9d": {
      "available": true,
      "shape_matches_time_grid": true,
      "finite_row_fraction_before": 1.0,
      "nonfinite_row_count": 0,
      "nonfinite_rows_retained_on_shared_grid": 0,
      "degenerate_axes": [],
      "all_nan_axes": []
    },
    "time_grid": {
      "status": "ok",
      "warnings": [],
      "window_count": 257,
      "finite_window_bounds_fraction": 1.0,
      "dt_source": "window_start",
      "dt_sec_runtime": 4.0,
      "dt_sec_config": 4.0,
      "window_sec_config": 8.0,
      "dt_matches_runtime": true,
      "dt_matches_config_formula": true,
      "window_len_matches_config": true,
      "nonpositive_dt_count": 0,
      "nonpositive_window_len_count": 0,
      "dt_intervals_sec": {
        "n": 256,
        "mean": 4.0,
        "median": 4.0,
        "iqr": 0.0,
        "p95": 4.0,
        "max": 4.0
      },
      "window_lengths_sec": {
        "n": 257,
        "mean": 8.0,
        "median": 8.0,
        "iqr": 0.0,
        "p95": 8.0,
        "max": 8.0
      }
    },