{
  "dataset_id": "ds004511:sub-S210203:ses-01_rest_run-01",
  "subject": "sub-S210203",
  "session": "ses-01",
  "reliability_axes": {
    "m": 0.8509525669183788,
    "d": 0.7516853372742878,
    "e": 0.34859077198418753
  },
  "reliability_subcoords": {
    "m_a": 0.7373440120740452,
    "m_e": 0.854359047747223,
    "m_o": 0.8513033767916414,
    "d_n": 0.7447639957842909,
    "d_l": 0.8833374905020102,
    "d_s": 0.7269274920997748,
    "e_e": 0.8037806069972978,
    "e_s": 0.8627280641087097,
    "e_m": 0.3706023726277486
  }
}