{
  "dataset_id": "ds004511:sub-S210203:ses-01_rest_run-01",
  "subject": "sub-S210203",
  "session": "ses-01",
  "coverage": {
    "epochs": 124,
    "seconds": 496.0
  },
  "artifacts": {
    "methods": [
      "ica"
    ],
    "bad_eeg_channels": [
      "Batt_0",
      "Batt_1",
      "Batt_2",
      "Batt_3",
      "Foto",
      "Gnd-Ref",
      "Gnd-Ref1",
      "Gnd-Ref2",
      "Gnd-Ref3",
      "Ref",
      "Sync"
    ],
    "n_bad_eeg_channels": 11,
    "stem_collisions": {}
  },
  "ensemble": {
    "var_by_subcoord": {
      "m_a": 0.001990223303437233,
      "m_e": 2.2999883722281227e-15,
      "m_o": 1.371303227627697e-14,
      "d_n": 9.329452968086412e-15,
      "d_l": 1.1918249590361918e-13,
      "d_s": 1.5427244002403067e-16,
      "e_e": 1.587457514615545e-13,
      "e_s": 4.663525425205317e-13,
      "e_m": 0.0
    },
    "var_mean": 0.00022113592268966777,
    "var_max": 0.001990223303437233
  },
  "reliability": {
    "axes": {
      "m": 0.8509525669183788,
      "d": 0.7516853372742878,
      "e": 0.34859077198418753
    },
    "subcoords": {
      "m_a": 0.7373440120740452,
      "m_e": 0.854359047747223,
      "m_o": 0.8513033767916414,
      "d_n": 0.7447639957842909,
      "d_l": 0.8833374905020102,
      "d_s": 0.7269274920997748,
      "e_e": 0.8037806069972978,
      "e_s": 0.8627280641087097,
      "e_m": 0.3706023726277486
    }
  },
  "dist_summary": {
    "axes": {
      "m": {
        "n": 124,
        "nan_frac": 0.0,
        "mean": 0.69547750214265,
        "median": -0.024167407304048538,
        "std": 1.6351762276082114,
        "iqr": 1.6882056593894958,
        "mad": 0.5445475988090038,
        "mad_sigma": 0.807346269994229,
        "skewness": 1.344417024080239,
        "kurtosis_excess": 0.6312925449834927,
        "delta_mean_median": 0.7196449094466986
      },
      "d": {
        "n": 124,
        "nan_frac": 0.0,
        "mean": 0.14940565998380584,
        "median": 0.07604600861668587,
        "std": 0.4640025435633282,
        "iqr": 0.5632093921303749,
        "mad": 0.2397642768919468,
        "mad_sigma": 0.3554745169200003,
        "skewness": 0.6896984067234274,
        "kurtosis_excess": 0.9770485409402685,
        "delta_mean_median": 0.07335965136711997
      },
      "e": {
        "n": 124,
        "nan_frac": 0.0,
        "mean": -0.0034847463060530925,
        "median": 0.03814629279077053,
        "std": 0.3356224959000712,
        "iqr": 0.46530935168266296,
        "mad": 0.223426915705204,
        "mad_sigma": 0.33125274522453546,
        "skewness": -0.23714228493628792,
        "kurtosis_excess": -0.12351062306637406,
        "delta_mean_median": -0.04163103909682362
      }
    },
    "subcoords": {
      "m_a": {
        "n": 124,
        "nan_frac": 0.0,
        "mean": 0.2894763426494695,
        "median": -0.02468346245586872,
        "std": 1.1907361985375482,
        "iqr": 1.326072320342064,
        "mad": 0.605251133441925,
        "mad_sigma": 0.8973453304409981,
        "skewness": 0.8395713648256439,
        "kurtosis_excess": -0.20465657975508567,
        "delta_mean_median": 0.3141598051053382
      },
      "m_e": {
        "n": 124,
        "nan_frac": 0.0,
        "mean": 0.8126642518947201,
        "median": 0.0,
        "std": 1.9279703553994427,
        "iqr": 1.79086222499609,
        "mad": 0.6744907200336456,
        "mad_sigma": 0.999999941521883,
        "skewness": 1.5172722821216447,
        "kurtosis_excess": 1.2860326150410106,
        "delta_mean_median": 0.8126642518947201
      },
      "m_o": {
        "n": 124,
        "nan_frac": 0.0,
        "mean": 1.111628725396229,
        "median": 0.0,
        "std": 2.2721025402592283,
        "iqr": 2.3528269827365875,
        "mad": 0.674490749835968,
        "mad_sigma": 0.9999999857068061,
        "skewness": 1.2352395444448352,
        "kurtosis_excess": 0.0653883364007335,
        "delta_mean_median": 1.111628725396229
      },
      "d_n": {
        "n": 124,
        "nan_frac": 0.0,
        "mean": -0.5325910536902806,
        "median": 0.0,
        "std": 1.4733212759846548,
        "iqr": 1.575641505420208,
        "mad": 0.674490749835968,
        "mad_sigma": 0.9999999857068061,
        "skewness": -1.1104164893431945,
        "kurtosis_excess": 0.5495371206941368,
        "delta_mean_median": -0.5325910536902806
      },
      "d_l": {
        "n": 124,
        "nan_frac": 0.0,
        "mean": 0.6517889459632458,
        "median": 0.0,
        "std": 1.7175901566247784,
        "iqr": 2.0138079226017,
        "mad": 0.674490749835968,
        "mad_sigma": 0.9999999857068061,
        "skewness": 1.4529471316622007,
        "kurtosis_excess": 1.3229365465596734,
        "delta_mean_median": 0.6517889459632458
      },
      "d_s": {
        "n": 124,
        "nan_frac": 0.0,
        "mean": -0.10400835606044219,
        "median": 6.449408829212189e-08,
        "std": 0.9874681374334443,
        "iqr": 1.3730217069387436,
        "mad": 0.6744907796382904,
        "mad_sigma": 1.0000000298917293,
        "skewness": -0.17775983425232542,
        "kurtosis_excess": -0.6120393170982235,
        "delta_mean_median": -0.10400842055453048
      },
      "e_e": {
        "n": 124,
        "nan_frac": 0.0,
        "mean": 0.22301285322229827,
        "median": 8.41217115521431e-07,
        "std": 1.0559834774454189,
        "iqr": 1.5815027207136154,
        "mad": 0.6744915612507612,
        "mad_sigma": 1.0000011887103784,
        "skewness": 0.5335192252722141,
        "kurtosis_excess": -0.738063073727047,
        "delta_mean_median": 0.22301201200518275
      },
      "e_s": {
        "n": 124,
        "nan_frac": 0.0,
        "mean": -0.31557831925437635,
        "median": 8.753268048167229e-07,
        "std": 1.2151151916962915,
        "iqr": 1.4108127653598785,
        "mad": 0.6744916549650952,
        "mad_sigma": 1.00000132765125,
        "skewness": -1.0060472878370297,
        "kurtosis_excess": 0.6530183890298722,
        "delta_mean_median": -0.31557919458118117
      },
      "e_m": {
        "n": 124,
        "nan_frac": 0.0,
        "mean": 0.02901694536088936,
        "median": 0.0,
        "std": 0.9534223710784319,
        "iqr": 1.329269528388977,
        "mad": 0.6744906604290009,
        "mad_sigma": 0.9999998531520367,
        "skewness": 0.05524803179590372,
        "kurtosis_excess": -0.4630864463876807,
        "delta_mean_median": 0.02901694536088936
      }
    }
  },
  "entropy_provisional": {},
  "geometry_contract": {
    "policy_version": "standard_invalidity_v1",
    "status": "ok",
    "primary_requires_coords_9d": true,
    "shared_time_grid": {
      "epochs_before_policy": 124,
      "epochs_retained": 124,
      "epochs_dropped": 0,
      "drop_fraction": 0.0,
      "dropped_epoch_indices_preview": [],
      "drop_reason_counts": {
        "mnps_3d_nonfinite_rows": 0,
        "coords_9d_nonfinite_rows_affecting_primary": 0
      }
    },
    "mnps_3d": {
      "finite_row_fraction_before": 1.0,
      "nonfinite_row_count": 0,
      "degenerate_axes": [],
      "all_nan_axes": []
    },
    "coords_9d": {
      "available": true,
      "shape_matches_time_grid": true,
      "finite_row_fraction_before": 1.0,
      "nonfinite_row_count": 0,
      "nonfinite_rows_retained_on_shared_grid": 0,
      "degenerate_axes": [],
      "all_nan_axes": []
    },
    "time_grid": {
      "status": "ok",
      "warnings": [],
      "window_count": 124,
      "finite_window_bounds_fraction": 1.0,
      "dt_source": "window_start",
      "dt_sec_runtime": 4.0,
      "dt_sec_config": 4.0,
      "window_sec_config": 8.0,
      "dt_matches_runtime": true,
      "dt_matches_config_formula": true,
      "window_len_matches_config": true,
      "nonpositive_dt_count": 0,
      "nonpositive_window_len_count": 0,
      "dt_intervals_sec": {
        "n": 123,
        "mean": 4.0,
        "median": 4.0,
        "iqr": 0.0,
        "p95": 4.0,
        "max": 4.0
      },