{
  "dataset_id": "ds004511:sub-S200121:ses-01_cognitive_control_run-01",
  "subject": "sub-S200121",
  "session": "ses-01",
  "reliability_axes": {
    "m": 0.5834459853294369,
    "d": 0.6959760481485783,
    "e": 0.6640363937763566
  },
  "reliability_subcoords": {
    "m_a": 0.6940190023019052,
    "m_e": 0.5797964811108932,
    "m_o": 0.5774644149796911,
    "d_n": 0.8737115753836918,
    "d_l": 0.6973683699966119,
    "d_s": 0.5071281986929012,
    "e_e": 0.6734543644639808,
    "e_s": 0.6771363670241298,
    "e_m": 0.6131440295445701
  }
}