{
  "dataset_id": "ds004511:sub-S200121:ses-01_cognitive_control_run-01",
  "subject": "sub-S200121",
  "session": "ses-01",
  "coverage": {
    "epochs": 246,
    "seconds": 984.0
  },
  "artifacts": {
    "methods": [
      "ica"
    ],
    "bad_eeg_channels": [
      "Batt_0",
      "Batt_1",
      "Batt_2",
      "Batt_3",
      "CCP3",
      "CP5",
      "CPP3",
      "FT9",
      "Gnd-Ref",
      "Gnd-Ref1",
      "Gnd-Ref2",
      "Gnd-Ref3",
      "O2",
      "P1",
      "PPO1",
      "Ref",
      "Sync"
    ],
    "n_bad_eeg_channels": 17,
    "stem_collisions": {}
  },
  "ensemble": {
    "var_by_subcoord": {
      "m_a": 0.0014783567748963833,
      "m_e": 1.3245020314897604e-15,
      "m_o": 6.429208768555898e-16,
      "d_n": 4.295493810906742e-15,
      "d_l": 6.90639358853426e-14,
      "d_s": 3.637354293087834e-15,
      "e_e": 2.5591119934970097e-12,
      "e_s": 7.095252120212225e-14,
      "e_m": 0.0
    },
    "var_mean": 0.0001642618641783791,
    "var_max": 0.0014783567748963833
  },
  "reliability": {
    "axes": {
      "m": 0.5834459853294369,
      "d": 0.6959760481485783,
      "e": 0.6640363937763566
    },
    "subcoords": {
      "m_a": 0.6940190023019052,
      "m_e": 0.5797964811108932,
      "m_o": 0.5774644149796911,
      "d_n": 0.8737115753836918,
      "d_l": 0.6973683699966119,
      "d_s": 0.5071281986929012,
      "e_e": 0.6734543644639808,
      "e_s": 0.6771363670241298,
      "e_m": 0.6131440295445701
    }
  },
  "dist_summary": {
    "axes": {
      "m": {
        "n": 246,
        "nan_frac": 0.0,
        "mean": -0.20629171835404359,
        "median": -0.004914996738079935,
        "std": 1.1562139160522817,
        "iqr": 1.2161008566617966,
        "mad": 0.5857996642589569,
        "mad_sigma": 0.8685065822303295,
        "skewness": -1.4551784496680662,
        "kurtosis_excess": 2.9462407726352104,
        "delta_mean_median": -0.20137672161596365
      },
      "d": {
        "n": 246,
        "nan_frac": 0.0,
        "mean": -0.1284233815428551,
        "median": -0.08529806509613991,
        "std": 0.7317919150355974,
        "iqr": 0.7961319461464882,
        "mad": 0.4111463464796543,
        "mad_sigma": 0.6095655732907355,
        "skewness": -0.5393859623190483,
        "kurtosis_excess": 0.24864213700026694,
        "delta_mean_median": -0.04312531644671519
      },
      "e": {
        "n": 246,
        "nan_frac": 0.0,
        "mean": 0.3850739193958139,
        "median": 0.2321924865245819,
        "std": 0.7334532003517542,
        "iqr": 0.7270742896944284,
        "mad": 0.35563067346811295,
        "mad_sigma": 0.5272580364838242,
        "skewness": 1.1571391161830777,
        "kurtosis_excess": 1.2552044985698814,
        "delta_mean_median": 0.15288143287123201
      }
    },
    "subcoords": {
      "m_a": {
        "n": 246,
        "nan_frac": 0.0,
        "mean": -0.5161625023446674,
        "median": -0.028234519064426422,
        "std": 1.524229883209511,
        "iqr": 1.6280320659279823,
        "mad": 0.6690558195114136,
        "mad_sigma": 0.9919421580076218,
        "skewness": -1.3769473629591562,
        "kurtosis_excess": 1.590160526485735,
        "delta_mean_median": -0.487927983280241
      },
      "m_e": {
        "n": 246,
        "nan_frac": 0.0,
        "mean": -0.15462905125374474,
        "median": 0.0,
        "std": 1.3600670649155557,
        "iqr": 1.24171282351017,
        "mad": 0.6744907796382904,
        "mad_sigma": 1.0000000298917293,
        "skewness": -1.708517931020977,
        "kurtosis_excess": 4.509639786233165,
        "delta_mean_median": -0.15462905125374474
      },
      "m_o": {
        "n": 246,
        "nan_frac": 0.0,
        "mean": 0.1574981230807044,
        "median": 0.0,
        "std": 1.1183735946491766,
        "iqr": 1.3207614421844482,
        "mad": 0.6744908094406128,
        "mad_sigma": 1.0000000740766524,
        "skewness": 1.4588455555558992,
        "kurtosis_excess": 5.027782823395087,
        "delta_mean_median": 0.1574981230807044
      },
      "d_n": {
        "n": 246,
        "nan_frac": 0.0,
        "mean": 0.17996090184897184,
        "median": 0.0,
        "std": 1.2958556666341041,
        "iqr": 1.3395432233810425,
        "mad": 0.674490749835968,
        "mad_sigma": 0.9999999857068061,
        "skewness": 1.6545329484809848,
        "kurtosis_excess": 3.9416282756721186,
        "delta_mean_median": 0.17996090184897184
      },
      "d_l": {
        "n": 246,
        "nan_frac": 0.0,
        "mean": -0.40040994814892367,
        "median": 0.0,
        "std": 1.3046507928005429,
        "iqr": 1.6291682571172714,
        "mad": 0.6744907796382904,
        "mad_sigma": 1.0000000298917293,
        "skewness": -1.1544755139315424,
        "kurtosis_excess": 0.6823485625283645,
        "delta_mean_median": -0.40040994814892367
      },
      "d_s": {
        "n": 246,
        "nan_frac": 0.0,
        "mean": 0.1174224386733722,
        "median": 8.568167686462402e-08,
        "std": 1.0892868284113064,
        "iqr": 1.4733172506093979,
        "mad": 0.6744907796382904,
        "mad_sigma": 1.0000000298917293,
        "skewness": 0.5635371533980307,
        "kurtosis_excess": 0.34848930758760144,
        "delta_mean_median": 0.11742235299169533
      },
      "e_e": {
        "n": 246,
        "nan_frac": 0.0,
        "mean": -0.022756507811401556,
        "median": 2.534361556172371e-06,
        "std": 0.9594735473331065,
        "iqr": 1.3489104360342026,
        "mad": 0.6744932245928794,
        "mad_sigma": 1.000003654781403,
        "skewness": -0.38025743426864833,
        "kurtosis_excess": 0.25152823381317546,
        "delta_mean_median": -0.022759042172957728
      },
      "e_s": {
        "n": 246,
        "nan_frac": 0.0,
        "mean": 0.9563784609942477,
        "median": 0.0,
        "std": 2.1630349054191376,
        "iqr": 2.316969707608223,
        "mad": 0.6744907796382904,
        "mad_sigma": 1.0000000298917293,
        "skewness": 1.3537812936236437,
        "kurtosis_excess": 0.5050008228878267,
        "delta_mean_median": 0.9563784609942477
      },
      "e_m": {
        "n": 246,
        "nan_frac": 0.0,
        "mean": 0.1333098384131473,
        "median": 1.7532147467136383e-07,
        "std": 0.9981548749530805,
        "iqr": 1.2997137904167175,
        "mad": 0.6744908655527979,
        "mad_sigma": 1.0000001572685782,
        "skewness": 0.371152653824953,
        "kurtosis_excess": 0.05206080962245352,
        "delta_mean_median": 0.13330966309167264
      }
    }
  },
  "entropy_provisional": {},
  "geometry_contract": {
    "policy_version": "standard_invalidity_v1",
    "status": "ok",
    "primary_requires_coords_9d": true,
    "shared_time_grid": {
      "epochs_before_policy": 246,
      "epochs_retained": 246,
      "epochs_dropped": 0,
      "drop_fraction": 0.0,
      "dropped_epoch_indices_preview": [],
      "drop_reason_counts": {
        "mnps_3d_nonfinite_rows": 0,
        "coords_9d_nonfinite_rows_affecting_primary": 0
      }
    },
    "mnps_3d": {
      "finite_row_fraction_before": 1.0,
      "nonfinite_row_count": 0,
      "degenerate_axes": [],
      "all_nan_axes": []
    },
    "coords_9d": {
      "available": true,
      "shape_matches_time_grid": true,
      "finite_row_fraction_before": 1.0,
      "nonfinite_row_count": 0,
      "nonfinite_rows_retained_on_shared_grid": 0,
      "degenerate_axes": [],
      "all_nan_axes": []
    },
    "time_grid": {
      "status": "ok",
      "warnings": [],
      "window_count": 246,
      "finite_window_bounds_fraction": 1.0,
      "dt_source": "window_start",
      "dt_sec_runtime": 4.0,
      "dt_sec_config": 4.0,
      "window_sec_config": 8.0,
      "dt_matches_runtime": true,
      "dt_matches_config_formula": true,
      "window_len_matches_config": true,
      "nonpositive_dt_count": 0,
      "nonpositive_window_len_count": 0,
      "dt_intervals_sec": {
        "n": 245,
        "mean": 4.0,