{
  "dataset_id": "ds004511:sub-S210127:ses-01_cognitive_control_run-01",
  "subject": "sub-S210127",
  "session": "ses-01",
  "reliability_axes": {
    "m": 0.4755754201976337,
    "d": 0.6853034506435108,
    "e": 0.5305829420275595
  },
  "reliability_subcoords": {
    "m_a": 0.730917753495948,
    "m_e": 0.504947452637936,
    "m_o": 0.5850838564404235,
    "d_n": 0.7397676309871579,
    "d_l": 0.6198812955493698,
    "d_s": 0.5335037327961762,
    "e_e": 0.6857639955759193,
    "e_s": 0.5190188623612806,
    "e_m": 0.7057045987730853
  }
}