{
  "dataset_id": "ds004511:sub-S210127:ses-01_cognitive_control_run-01",
  "subject": "sub-S210127",
  "session": "ses-01",
  "coverage": {
    "epochs": 271,
    "seconds": 1084.0
  },
  "artifacts": {
    "methods": [
      "ica"
    ],
    "bad_eeg_channels": [
      "Batt_0",
      "Batt_1",
      "Batt_2",
      "Batt_3",
      "Gnd-Ref",
      "Gnd-Ref1",
      "Gnd-Ref2",
      "Gnd-Ref3",
      "Ref",
      "Sync"
    ],
    "n_bad_eeg_channels": 10,
    "stem_collisions": {}
  },
  "ensemble": {
    "var_by_subcoord": {
      "m_a": 0.00031774371745996177,
      "m_e": 0.0,
      "m_o": 0.0,
      "d_n": 0.0,
      "d_l": 0.0,
      "d_s": 0.0,
      "e_e": 0.0,
      "e_s": 0.0,
      "e_m": 0.0
    },
    "var_mean": 3.530485749555131e-05,
    "var_max": 0.00031774371745996177
  },
  "reliability": {
    "axes": {
      "m": 0.4755754201976337,
      "d": 0.6853034506435108,
      "e": 0.5305829420275595
    },
    "subcoords": {
      "m_a": 0.730917753495948,
      "m_e": 0.504947452637936,
      "m_o": 0.5850838564404235,
      "d_n": 0.7397676309871579,
      "d_l": 0.6198812955493698,
      "d_s": 0.5335037327961762,
      "e_e": 0.6857639955759193,
      "e_s": 0.5190188623612806,
      "e_m": 0.7057045987730853
    }
  },
  "dist_summary": {
    "axes": {
      "m": {
        "n": 271,
        "nan_frac": 0.0,
        "mean": -0.10211349613608009,
        "median": -0.07618594169616699,
        "std": 0.774215089708507,
        "iqr": 0.8996157646179199,
        "mad": 0.4833875298500061,
        "mad_sigma": 0.716670351755619,
        "skewness": -0.4965137838978048,
        "kurtosis_excess": 0.6362819921949745,
        "delta_mean_median": -0.025927554439913097
      },
      "d": {
        "n": 271,
        "nan_frac": 0.0,
        "mean": 0.12821472477106846,
        "median": 0.09635623544454575,
        "std": 0.6465651913309253,
        "iqr": 0.7757808715105057,
        "mad": 0.3973969593644142,
        "mad_sigma": 0.5891807319536805,
        "skewness": 0.6719228972865996,
        "kurtosis_excess": 2.1924196338498767,
        "delta_mean_median": 0.031858489326522715
      },
      "e": {
        "n": 271,
        "nan_frac": 0.0,
        "mean": 0.05454436265451085,
        "median": 0.006801116280257702,
        "std": 0.6260575504358229,
        "iqr": 0.7828890234231949,
        "mad": 0.3720597503706813,
        "mad_sigma": 0.551615785899572,
        "skewness": 0.12788465383440792,
        "kurtosis_excess": 0.32637632713326603,
        "delta_mean_median": 0.047743246374253145
      }
    },
    "subcoords": {
      "m_a": {
        "n": 271,
        "nan_frac": 0.0,
        "mean": -0.10537201251380998,
        "median": 0.08505970239639282,
        "std": 0.915955416860833,
        "iqr": 1.1976361274719238,
        "mad": 0.5889732241630554,
        "mad_sigma": 0.8732117021441459,
        "skewness": -0.7957168272295203,
        "kurtosis_excess": 0.8081147096545465,
        "delta_mean_median": -0.1904317149102028
      },
      "m_e": {
        "n": 271,
        "nan_frac": 0.0,
        "mean": -0.1934890809513601,
        "median": 0.0,
        "std": 1.2467464899686314,
        "iqr": 1.3732398450374603,
        "mad": 0.674490749835968,
        "mad_sigma": 0.9999999857068061,
        "skewness": -1.131237176713755,
        "kurtosis_excess": 2.158454572076166,
        "delta_mean_median": -0.1934890809513601
      },
      "m_o": {
        "n": 271,
        "nan_frac": 0.0,
        "mean": 0.014057288853609694,
        "median": 0.0,
        "std": 1.0478065140212705,
        "iqr": 1.343815416097641,
        "mad": 0.674490749835968,
        "mad_sigma": 0.9999999857068061,
        "skewness": 0.012695924207598772,
        "kurtosis_excess": -0.17046301752253035,
        "delta_mean_median": 0.014057288853609694
      },
      "d_n": {
        "n": 271,
        "nan_frac": 0.0,
        "mean": 0.22590466680643545,
        "median": 0.0,
        "std": 1.4441650382983928,
        "iqr": 1.3495007455348969,
        "mad": 0.674490749835968,
        "mad_sigma": 0.9999999857068061,
        "skewness": 1.4825759850528406,
        "kurtosis_excess": 3.482221094658721,
        "delta_mean_median": 0.22590466680643545
      },
      "d_l": {
        "n": 271,
        "nan_frac": 0.0,
        "mean": -0.03181854396422928,
        "median": 0.0,
        "std": 0.9976813576015164,
        "iqr": 1.3501107394695282,
        "mad": 0.674490749835968,
        "mad_sigma": 0.9999999857068061,
        "skewness": -0.30882347398813176,
        "kurtosis_excess": 0.22328002267667957,
        "delta_mean_median": -0.03181854396422928
      },
      "d_s": {
        "n": 271,
        "nan_frac": 0.0,
        "mean": 0.42243726171700907,
        "median": 0.0,
        "std": 1.4968489488889667,
        "iqr": 1.3890557289123535,
        "mad": 0.674490749835968,
        "mad_sigma": 0.9999999857068061,
        "skewness": 1.7160706537178547,
        "kurtosis_excess": 3.1615080907691064,
        "delta_mean_median": 0.42243726171700907
      },
      "e_e": {
        "n": 271,
        "nan_frac": 0.0,
        "mean": -0.014635044090772853,
        "median": 0.0,
        "std": 1.034766507798128,
        "iqr": 1.3369681537151337,
        "mad": 0.6744906902313232,
        "mad_sigma": 0.9999998973369598,
        "skewness": -0.23234314549899907,
        "kurtosis_excess": 0.39897564280478237,
        "delta_mean_median": -0.014635044090772853
      },
      "e_s": {
        "n": 271,
        "nan_frac": 0.0,
        "mean": 0.14540542253358393,
        "median": 0.0,
        "std": 1.211788986843304,
        "iqr": 1.364821434020996,
        "mad": 0.674490749835968,
        "mad_sigma": 0.9999999857068061,
        "skewness": 1.076498022965879,
        "kurtosis_excess": 2.487761139135448,
        "delta_mean_median": 0.14540542253358393
      },
      "e_m": {
        "n": 271,
        "nan_frac": 0.0,
        "mean": 0.13683245109387318,
        "median": 0.0,
        "std": 0.9481019662808251,
        "iqr": 1.3741418719291687,
        "mad": 0.6744906902313232,
        "mad_sigma": 0.9999998973369598,
        "skewness": 0.44876261835661996,
        "kurtosis_excess": -0.41101830257998717,
        "delta_mean_median": 0.13683245109387318
      }
    }
  },
  "entropy_provisional": {},
  "geometry_contract": {
    "policy_version": "standard_invalidity_v1",
    "status": "ok",
    "primary_requires_coords_9d": true,
    "shared_time_grid": {
      "epochs_before_policy": 271,
      "epochs_retained": 271,
      "epochs_dropped": 0,
      "drop_fraction": 0.0,
      "dropped_epoch_indices_preview": [],
      "drop_reason_counts": {
        "mnps_3d_nonfinite_rows": 0,
        "coords_9d_nonfinite_rows_affecting_primary": 0
      }
    },
    "mnps_3d": {
      "finite_row_fraction_before": 1.0,
      "nonfinite_row_count": 0,
      "degenerate_axes": [],
      "all_nan_axes": []
    },
    "coords_9d": {
      "available": true,
      "shape_matches_time_grid": true,
      "finite_row_fraction_before": 1.0,
      "nonfinite_row_count": 0,
      "nonfinite_rows_retained_on_shared_grid": 0,
      "degenerate_axes": [],
      "all_nan_axes": []
    },
    "time_grid": {
      "status": "ok",
      "warnings": [],
      "window_count": 271,
      "finite_window_bounds_fraction": 1.0,
      "dt_source": "window_start",
      "dt_sec_runtime": 4.0,
      "dt_sec_config": 4.0,
      "window_sec_config": 8.0,
      "dt_matches_runtime": true,
      "dt_matches_config_formula": true,
      "window_len_matches_config": true,
      "nonpositive_dt_count": 0,
      "nonpositive_window_len_count": 0,
      "dt_intervals_sec": {
        "n": 270,
        "mean": 4.0,
        "median": 4.0,
        "iqr": 0.0,
        "p95": 4.0,
        "max": 4.0
      },
      "window_lengths_sec": {
        "n": 271,
        "mean": 8.0,
        "median": 8.0,
        "iqr": 0.0,
        "p95": 8.0,
        "max": 8.0
      }
    },