{
  "dataset_id": "ds004511:sub-S210215:ses-01_cognitive_control_run-01",
  "subject": "sub-S210215",
  "session": "ses-01",
  "reliability_axes": {
    "m": 0.7398814776423891,
    "d": 0.7532218341143697,
    "e": 0.5236899178007641
  },
  "reliability_subcoords": {
    "m_a": 0.7330484643562635,
    "m_e": 0.7843201903873845,
    "m_o": 0.5100705239468455,
    "d_n": 0.8857427564502929,
    "d_l": 0.6666308494353079,
    "d_s": 0.48425449035300394,
    "e_e": 0.6260529434101714,
    "e_s": 0.6493400571253246,
    "e_m": 0.46634472989062814
  }
}