{
  "dataset_id": "ds004511:sub-S210215:ses-01_cognitive_control_run-01",
  "subject": "sub-S210215",
  "session": "ses-01",
  "coverage": {
    "epochs": 256,
    "seconds": 1024.0
  },
  "artifacts": {
    "methods": [
      "ica"
    ],
    "bad_eeg_channels": [
      "Batt_0",
      "Batt_1",
      "Batt_2",
      "Batt_3",
      "FT9",
      "Gnd-Ref",
      "Gnd-Ref1",
      "Gnd-Ref2",
      "Gnd-Ref3",
      "Ref",
      "Sync"
    ],
    "n_bad_eeg_channels": 11,
    "stem_collisions": {}
  },
  "ensemble": {
    "var_by_subcoord": {
      "m_a": 0.0013537093764171004,
      "m_e": 5.5493558356943355e-15,
      "m_o": 6.491244614579856e-15,
      "d_n": 2.605023147742762e-15,
      "d_l": 2.5903161993828805e-14,
      "d_s": 1.758434977489065e-14,
      "e_e": 2.4496077909164082e-12,
      "e_s": 4.213257753750074e-14,
      "e_m": 0.0
    },
    "var_mean": 0.00015041215321855267,
    "var_max": 0.0013537093764171004
  },
  "reliability": {
    "axes": {
      "m": 0.7398814776423891,
      "d": 0.7532218341143697,
      "e": 0.5236899178007641
    },
    "subcoords": {
      "m_a": 0.7330484643562635,
      "m_e": 0.7843201903873845,
      "m_o": 0.5100705239468455,
      "d_n": 0.8857427564502929,
      "d_l": 0.6666308494353079,
      "d_s": 0.48425449035300394,
      "e_e": 0.6260529434101714,
      "e_s": 0.6493400571253246,
      "e_m": 0.46634472989062814
    }
  },
  "dist_summary": {
    "axes": {
      "m": {
        "n": 256,
        "nan_frac": 0.0,
        "mean": -0.1388618155160657,
        "median": -0.03666391968727112,
        "std": 0.9682818115366876,
        "iqr": 1.1417116075754166,
        "mad": 0.5594640374183655,
        "mad_sigma": 0.8294613818764686,
        "skewness": -0.9762699972753821,
        "kurtosis_excess": 1.4747307149171291,
        "delta_mean_median": -0.10219789582879457
      },
      "d": {
        "n": 256,
        "nan_frac": 0.0,
        "mean": 0.18014046486496227,
        "median": 0.07634110748767853,
        "std": 0.7310201051343886,
        "iqr": 0.9137102514505386,
        "mad": 0.4543877989053726,
        "mad_sigma": 0.6736753506571054,
        "skewness": 0.7617102613657709,
        "kurtosis_excess": 1.4268463845436736,
        "delta_mean_median": 0.10379935737728374
      },
      "e": {
        "n": 256,
        "nan_frac": 0.0,
        "mean": 0.037805717102401104,
        "median": 0.05135338194668293,
        "std": 0.6917156838189619,
        "iqr": 0.6739836931228638,
        "mad": 0.34947045147418976,
        "mad_sigma": 0.5181248913556337,
        "skewness": -0.24703117116805168,
        "kurtosis_excess": 3.3570561610732117,
        "delta_mean_median": -0.013547664844281826
      }
    },
    "subcoords": {
      "m_a": {
        "n": 256,
        "nan_frac": 0.0,
        "mean": -0.22046771266468568,
        "median": -0.01448800042271614,
        "std": 1.2219245613576324,
        "iqr": 1.136944055557251,
        "mad": 0.5812083184719086,
        "mad_sigma": 0.8616994529664516,
        "skewness": -1.524043050034115,
        "kurtosis_excess": 2.8598235112031265,
        "delta_mean_median": -0.20597971224196954
      },
      "m_e": {
        "n": 256,
        "nan_frac": 0.0,
        "mean": -0.24493100227846298,
        "median": 4.0745362639427185e-07,
        "std": 1.3759541656784988,
        "iqr": 1.3407546281814575,
        "mad": 0.6744903423823416,
        "mad_sigma": 0.9999993816160596,
        "skewness": -1.500925675611655,
        "kurtosis_excess": 2.8804760159756153,
        "delta_mean_median": -0.24493140973208938
      },
      "m_o": {
        "n": 256,
        "nan_frac": 0.0,
        "mean": 0.10321310438484943,
        "median": 1.902226358652115e-07,
        "std": 0.95748608032175,
        "iqr": 1.409508690237999,
        "mad": 0.6744909400586039,
        "mad_sigma": 1.0000002677308861,
        "skewness": 0.5606498685267985,
        "kurtosis_excess": 0.24594382627369482,
        "delta_mean_median": 0.10321291416221356
      },
      "d_n": {
        "n": 256,
        "nan_frac": 0.0,
        "mean": 0.5989544571166334,
        "median": -5.569308996200562e-07,
        "std": 1.8798373009266416,
        "iqr": 1.4440650641918182,
        "mad": 0.6744902227073908,
        "mad_sigma": 0.9999992041859775,
        "skewness": 1.6776427736666188,
        "kurtosis_excess": 1.9533036015078737,
        "delta_mean_median": 0.598955014047533
      },
      "d_l": {
        "n": 256,
        "nan_frac": 0.0,
        "mean": -0.07603204190672841,
        "median": 5.457550287246704e-07,
        "std": 1.2123350883701869,
        "iqr": 1.324929654598236,
        "mad": 0.674490749835968,
        "mad_sigma": 0.9999999857068061,
        "skewness": -1.1616778388272921,
        "kurtosis_excess": 2.485210363864379,
        "delta_mean_median": -0.07603258766175713
      },
      "d_s": {
        "n": 256,
        "nan_frac": 0.0,
        "mean": 0.1824777827941375,
        "median": 1.6029662219807506e-07,
        "std": 1.1349300107187215,
        "iqr": 1.3858820497989655,
        "mad": 0.6744907796382904,
        "mad_sigma": 1.0000000298917293,
        "skewness": 1.5048254296713008,
        "kurtosis_excess": 4.005511170525178,
        "delta_mean_median": 0.1824776224975153
      },
      "e_e": {
        "n": 256,
        "nan_frac": 0.0,
        "mean": -0.0512878207518952,
        "median": -3.216788172721863e-06,
        "std": 0.9922773698107533,
        "iqr": 1.354602500796318,
        "mad": 0.6744906604290009,
        "mad_sigma": 0.9999998531520367,
        "skewness": -0.2643857318451524,
        "kurtosis_excess": -0.01616445379768372,
        "delta_mean_median": -0.051284603963722475
      },
      "e_s": {
        "n": 256,
        "nan_frac": 0.0,
        "mean": 0.15868869183032075,
        "median": 0.0,
        "std": 1.3590769714483433,
        "iqr": 1.34672212600708,
        "mad": 0.674490749835968,
        "mad_sigma": 0.9999999857068061,
        "skewness": 1.5958187665836667,
        "kurtosis_excess": 4.925311520086345,
        "delta_mean_median": 0.15868869183032075
      },
      "e_m": {
        "n": 256,
        "nan_frac": 0.0,
        "mean": 0.06387463306964491,
        "median": 2.4028122425079346e-07,
        "std": 1.0242651870954576,
        "iqr": 1.3085688352584839,
        "mad": 0.674490449950099,
        "mad_sigma": 0.9999995410960167,
        "skewness": 0.007750291974190603,
        "kurtosis_excess": -0.2741034650978871,
        "delta_mean_median": 0.06387439278842066
      }
    }
  },
  "entropy_provisional": {},
  "geometry_contract": {
    "policy_version": "standard_invalidity_v1",
    "status": "ok",
    "primary_requires_coords_9d": true,
    "shared_time_grid": {
      "epochs_before_policy": 256,
      "epochs_retained": 256,
      "epochs_dropped": 0,
      "drop_fraction": 0.0,
      "dropped_epoch_indices_preview": [],
      "drop_reason_counts": {
        "mnps_3d_nonfinite_rows": 0,
        "coords_9d_nonfinite_rows_affecting_primary": 0
      }
    },
    "mnps_3d": {
      "finite_row_fraction_before": 1.0,
      "nonfinite_row_count": 0,
      "degenerate_axes": [],
      "all_nan_axes": []
    },
    "coords_9d": {
      "available": true,
      "shape_matches_time_grid": true,
      "finite_row_fraction_before": 1.0,
      "nonfinite_row_count": 0,
      "nonfinite_rows_retained_on_shared_grid": 0,
      "degenerate_axes": [],
      "all_nan_axes": []
    },
    "time_grid": {
      "status": "ok",
      "warnings": [],
      "window_count": 256,
      "finite_window_bounds_fraction": 1.0,
      "dt_source": "window_start",
      "dt_sec_runtime": 4.0,
      "dt_sec_config": 4.0,
      "window_sec_config": 8.0,
      "dt_matches_runtime": true,
      "dt_matches_config_formula": true,
      "window_len_matches_config": true,
      "nonpositive_dt_count": 0,
      "nonpositive_window_len_count": 0,
      "dt_intervals_sec": {
        "n": 255,