{
  "dataset_id": "ds004511:sub-S201222:ses-01_gambling_run-01",
  "subject": "sub-S201222",
  "session": "ses-01",
  "reliability_axes": {
    "m": 0.5319962393194334,
    "d": 0.5784284135973151,
    "e": 0.5100147532864401
  },
  "reliability_subcoords": {
    "m_a": 0.5039739909891233,
    "m_e": 0.5536377606040485,
    "m_o": 0.5476635526698356,
    "d_n": 0.67442221003819,
    "d_l": 0.46767895073746135,
    "d_s": 0.5005423737666909,
    "e_e": 0.5872008306466086,
    "e_s": 0.4634192710037803,
    "e_m": 0.4660396164971448
  }
}