{
  "dataset_id": "ds004511:sub-S201222:ses-01_gambling_run-01",
  "subject": "sub-S201222",
  "session": "ses-01",
  "coverage": {
    "epochs": 880,
    "seconds": 3520.0
  },
  "artifacts": {
    "methods": [
      "ica"
    ],
    "bad_eeg_channels": [
      "Batt_0",
      "Batt_1",
      "Batt_2",
      "Batt_3",
      "Gnd-Ref",
      "Gnd-Ref1",
      "Gnd-Ref2",
      "Gnd-Ref3",
      "Ref",
      "Sync"
    ],
    "n_bad_eeg_channels": 10,
    "stem_collisions": {}
  },
  "ensemble": {
    "var_by_subcoord": {
      "m_a": 0.00022772526426706463,
      "m_e": 1.6976095415467338e-14,
      "m_o": 6.4728936457775915e-15,
      "d_n": 1.2730521914823502e-15,
      "d_l": 3.5572483543869216e-14,
      "d_s": 1.0916572482674684e-14,
      "e_e": 3.26745358200653e-13,
      "e_s": 3.620273704299862e-14,
      "e_m": 0.0
    },
    "var_mean": 2.530280718902487e-05,
    "var_max": 0.00022772526426706463
  },
  "reliability": {
    "axes": {
      "m": 0.5319962393194334,
      "d": 0.5784284135973151,
      "e": 0.5100147532864401
    },
    "subcoords": {
      "m_a": 0.5039739909891233,
      "m_e": 0.5536377606040485,
      "m_o": 0.5476635526698356,
      "d_n": 0.67442221003819,
      "d_l": 0.46767895073746135,
      "d_s": 0.5005423737666909,
      "e_e": 0.5872008306466086,
      "e_s": 0.4634192710037803,
      "e_m": 0.4660396164971448
    }
  },
  "dist_summary": {
    "axes": {
      "m": {
        "n": 880,
        "nan_frac": 0.0,
        "mean": 0.01369720104809279,
        "median": 0.020941621623933315,
        "std": 0.8188216828066136,
        "iqr": 1.0601157546043396,
        "mad": 0.5328758591786027,
        "mad_sigma": 0.7900417488181963,
        "skewness": -0.438812038010056,
        "kurtosis_excess": 1.1861361428667063,
        "delta_mean_median": -0.007244420575840526
      },
      "d": {
        "n": 880,
        "nan_frac": 0.0,
        "mean": 0.143150451121404,
        "median": 0.0630282536149025,
        "std": 0.775627207999984,
        "iqr": 0.9552274793386459,
        "mad": 0.47638315707445145,
        "mad_sigma": 0.7062856686785817,
        "skewness": 0.7785321639222063,
        "kurtosis_excess": 0.5556199440758203,
        "delta_mean_median": 0.08012219750650151
      },
      "e": {
        "n": 880,
        "nan_frac": 0.0,
        "mean": 0.06899580080392877,
        "median": 0.038581494241952896,
        "std": 0.651038461601099,
        "iqr": 0.820442333817482,
        "mad": 0.4102562852203846,
        "mad_sigma": 0.6082459684677421,
        "skewness": 0.5502445642382084,
        "kurtosis_excess": 1.0909939450219843,
        "delta_mean_median": 0.03041430656197587
      }
    },
    "subcoords": {
      "m_a": {
        "n": 880,
        "nan_frac": 0.0,
        "mean": -0.06002023237630386,
        "median": -0.02181453350931406,
        "std": 0.999386665384524,
        "iqr": 1.242184430360794,
        "mad": 0.6210669875144958,
        "mad_sigma": 0.9207939156889915,
        "skewness": -0.39708444812024585,
        "kurtosis_excess": 0.9113660303647664,
        "delta_mean_median": -0.0382056988669898
      },
      "m_e": {
        "n": 880,
        "nan_frac": 0.0,
        "mean": -0.09046746477258487,
        "median": 0.0,
        "std": 1.119375808913096,
        "iqr": 1.3437428176403046,
        "mad": 0.6744907796382904,
        "mad_sigma": 1.0000000298917293,
        "skewness": -0.7966792875826971,
        "kurtosis_excess": 1.9153068468676997,
        "delta_mean_median": -0.09046746477258487
      },
      "m_o": {
        "n": 880,
        "nan_frac": 0.0,
        "mean": 0.24257582571378655,
        "median": 0.0,
        "std": 1.2726531982593265,
        "iqr": 1.3870514333248138,
        "mad": 0.674490749835968,
        "mad_sigma": 0.9999999857068061,
        "skewness": 1.4443046648581488,
        "kurtosis_excess": 3.0565434854057996,
        "delta_mean_median": 0.24257582571378655
      },
      "d_n": {
        "n": 880,
        "nan_frac": 0.0,
        "mean": 0.16928370370905296,
        "median": 0.0,
        "std": 1.0052004248108963,
        "iqr": 1.3985733091831207,
        "mad": 0.6744907200336456,
        "mad_sigma": 0.999999941521883,
        "skewness": 0.7275556176085203,
        "kurtosis_excess": 0.1684205205463054,
        "delta_mean_median": 0.16928370370905296
      },
      "d_l": {
        "n": 880,
        "nan_frac": 0.0,
        "mean": 0.08791273771573535,
        "median": 0.0,
        "std": 1.0534393483594513,
        "iqr": 1.3662283271551132,
        "mad": 0.674490749835968,
        "mad_sigma": 0.9999999857068061,
        "skewness": 0.5795854320100925,
        "kurtosis_excess": 0.6109659010945676,
        "delta_mean_median": 0.08791273771573535
      },
      "d_s": {
        "n": 880,
        "nan_frac": 0.0,
        "mean": 0.25825150263765617,
        "median": 0.0,
        "std": 1.2786085628138146,
        "iqr": 1.3587518334388733,
        "mad": 0.674490749835968,
        "mad_sigma": 0.9999999857068061,
        "skewness": 1.5632566649684148,
        "kurtosis_excess": 3.5264564992672085,
        "delta_mean_median": 0.25825150263765617
      },
      "e_e": {
        "n": 880,
        "nan_frac": 0.0,
        "mean": -0.03387938879671062,
        "median": 0.0,
        "std": 1.0111117074858627,
        "iqr": 1.3503453135490417,
        "mad": 0.6744906902313232,
        "mad_sigma": 0.9999998973369598,
        "skewness": -0.25415794483707893,
        "kurtosis_excess": 0.11456854736488697,
        "delta_mean_median": -0.03387938879671062
      },
      "e_s": {
        "n": 880,
        "nan_frac": 0.0,
        "mean": 0.1979316405573627,
        "median": -2.1659070625901222e-07,
        "std": 1.1924330196048176,
        "iqr": 1.3646375685930252,
        "mad": 0.6744909366243519,
        "mad_sigma": 1.0000002626392641,
        "skewness": 1.245403641744395,
        "kurtosis_excess": 2.27763130731255,
        "delta_mean_median": 0.19793185714806896
      },
      "e_m": {
        "n": 880,
        "nan_frac": 0.0,
        "mean": 0.31911902957098476,
        "median": 1.327134668827057e-07,
        "std": 1.548422942719124,
        "iqr": 1.3965419679880142,
        "mad": 0.6744907200336456,
        "mad_sigma": 0.999999941521883,
        "skewness": 1.8845587411116884,
        "kurtosis_excess": 4.142503329593622,
        "delta_mean_median": 0.3191188968575179
      }
    }
  },
  "entropy_provisional": {},
  "geometry_contract": {
    "policy_version": "standard_invalidity_v1",
    "status": "ok",
    "primary_requires_coords_9d": true,
    "shared_time_grid": {
      "epochs_before_policy": 880,
      "epochs_retained": 880,
      "epochs_dropped": 0,
      "drop_fraction": 0.0,
      "dropped_epoch_indices_preview": [],
      "drop_reason_counts": {
        "mnps_3d_nonfinite_rows": 0,
        "coords_9d_nonfinite_rows_affecting_primary": 0
      }
    },
    "mnps_3d": {
      "finite_row_fraction_before": 1.0,
      "nonfinite_row_count": 0,
      "degenerate_axes": [],
      "all_nan_axes": []
    },
    "coords_9d": {
      "available": true,
      "shape_matches_time_grid": true,
      "finite_row_fraction_before": 1.0,
      "nonfinite_row_count": 0,
      "nonfinite_rows_retained_on_shared_grid": 0,
      "degenerate_axes": [],
      "all_nan_axes": []
    },
    "time_grid": {
      "status": "ok",
      "warnings": [],
      "window_count": 880,
      "finite_window_bounds_fraction": 1.0,
      "dt_source": "window_start",
      "dt_sec_runtime": 4.0,
      "dt_sec_config": 4.0,
      "window_sec_config": 8.0,
      "dt_matches_runtime": true,
      "dt_matches_config_formula": true,
      "window_len_matches_config": true,
      "nonpositive_dt_count": 0,
      "nonpositive_window_len_count": 0,
      "dt_intervals_sec": {
        "n": 879,
        "mean": 4.0,
        "median": 4.0,
        "iqr": 0.0,
        "p95": 4.0,
        "max": 4.0
      },