{
  "dataset_id": "ds004511:sub-S210202:ses-01_rest_run-01",
  "subject": "sub-S210202",
  "session": "ses-01",
  "reliability_axes": {
    "m": 0.8677440655297589,
    "d": 0.4525166677212169,
    "e": 0.4234538912727838
  },
  "reliability_subcoords": {
    "m_a": 0.4571754932788825,
    "m_e": 0.9082305722150444,
    "m_o": 0.770687121415138,
    "d_n": 0.8664388623772034,
    "d_l": 0.39835178905488405,
    "d_s": 0.7998966002831079,
    "e_e": 0.8044064335095389,
    "e_s": 0.27733041816569703,
    "e_m": 0.5021105705341313
  }
}