{
  "dataset_id": "ds004511:sub-S210202:ses-01_rest_run-01",
  "subject": "sub-S210202",
  "session": "ses-01",
  "coverage": {
    "epochs": 126,
    "seconds": 504.0
  },
  "artifacts": {
    "methods": [
      "ica"
    ],
    "bad_eeg_channels": [
      "Batt_0",
      "Batt_1",
      "Batt_2",
      "Batt_3",
      "Foto",
      "Gnd-Ref",
      "Gnd-Ref1",
      "Gnd-Ref2",
      "Gnd-Ref3",
      "Ref",
      "Sync"
    ],
    "n_bad_eeg_channels": 11,
    "stem_collisions": {}
  },
  "ensemble": {
    "var_by_subcoord": {
      "m_a": 0.005010449793189764,
      "m_e": 2.5276005247154565e-15,
      "m_o": 1.569642472029338e-15,
      "d_n": 0.0,
      "d_l": 3.3336377549490065e-14,
      "d_s": 6.216163041662497e-16,
      "e_e": 9.191517989434739e-13,
      "e_s": 1.1114270989003375e-13,
      "e_m": 0.0
    },
    "var_mean": 0.0005567166438064571,
    "var_max": 0.005010449793189764
  },
  "reliability": {
    "axes": {
      "m": 0.8677440655297589,
      "d": 0.4525166677212169,
      "e": 0.4234538912727838
    },
    "subcoords": {
      "m_a": 0.4571754932788825,
      "m_e": 0.9082305722150444,
      "m_o": 0.770687121415138,
      "d_n": 0.8664388623772034,
      "d_l": 0.39835178905488405,
      "d_s": 0.7998966002831079,
      "e_e": 0.8044064335095389,
      "e_s": 0.27733041816569703,
      "e_m": 0.5021105705341313
    }
  },
  "dist_summary": {
    "axes": {
      "m": {
        "n": 126,
        "nan_frac": 0.0,
        "mean": -0.3297340267833086,
        "median": -0.008335556136444211,
        "std": 1.1516659942937413,
        "iqr": 1.3700783997774124,
        "mad": 0.6451786712277681,
        "mad_sigma": 0.9565418979622888,
        "skewness": -0.9085546519677423,
        "kurtosis_excess": 0.04640087679082194,
        "delta_mean_median": -0.3213984706468644
      },
      "d": {
        "n": 126,
        "nan_frac": 0.0,
        "mean": 0.19716202188283205,
        "median": 0.1939842477440834,
        "std": 0.998321516143101,
        "iqr": 1.1430668979883194,
        "mad": 0.6278220936655998,
        "mad_sigma": 0.9308090360686182,
        "skewness": 0.1877448876691066,
        "kurtosis_excess": -0.05763338121610939,
        "delta_mean_median": 0.0031777741387486458
      },
      "e": {
        "n": 126,
        "nan_frac": 0.0,
        "mean": 0.10745128734722836,
        "median": 0.17572228610515594,
        "std": 0.8865183338182099,
        "iqr": 0.8019987046718597,
        "mad": 0.38828618824481964,
        "mad_sigma": 0.5756731026917695,
        "skewness": -0.19269248991849816,
        "kurtosis_excess": 1.729567574211437,
        "delta_mean_median": -0.06827099875792758
      }
    },
    "subcoords": {
      "m_a": {
        "n": 126,
        "nan_frac": 0.0,
        "mean": -0.1420750407879019,
        "median": -0.027975007891654968,
        "std": 1.0939579909801072,
        "iqr": 1.212472915649414,
        "mad": 0.6085763275623322,
        "mad_sigma": 0.9022752632439136,
        "skewness": -1.4060305619927453,
        "kurtosis_excess": 3.9748854322845286,
        "delta_mean_median": -0.11410003289624693
      },
      "m_e": {
        "n": 126,
        "nan_frac": 0.0,
        "mean": -0.7682122973991292,
        "median": 3.026798367500305e-07,
        "std": 2.051677929266582,
        "iqr": 1.53280907869339,
        "mad": 0.674490749835968,
        "mad_sigma": 0.9999999857068061,
        "skewness": -1.2263682503577615,
        "kurtosis_excess": 0.20280168309290847,
        "delta_mean_median": -0.768212600078966
      },
      "m_o": {
        "n": 126,
        "nan_frac": 0.0,
        "mean": -0.05236854824045348,
        "median": 0.0,
        "std": 1.1011647219690333,
        "iqr": 1.4008209556341171,
        "mad": 0.674490749835968,
        "mad_sigma": 0.9999999857068061,
        "skewness": 0.11242385628851059,
        "kurtosis_excess": -0.46902219594214234,
        "delta_mean_median": -0.05236854824045348
      },
      "d_n": {
        "n": 126,
        "nan_frac": 0.0,
        "mean": 0.4116877101117834,
        "median": -4.6496279537677765e-07,
        "std": 1.5458292630704384,
        "iqr": 1.3567559570074081,
        "mad": 0.6744907200336456,
        "mad_sigma": 0.999999941521883,
        "skewness": 1.0378541909754253,
        "kurtosis_excess": 0.19034015467229493,
        "delta_mean_median": 0.4116881750745788
      },
      "d_l": {
        "n": 126,
        "nan_frac": 0.0,
        "mean": -0.23894836359873547,
        "median": -5.089968908578157e-07,
        "std": 1.4180593228404175,
        "iqr": 1.3460530042648315,
        "mad": 0.6744912588328589,
        "mad_sigma": 1.0000007403455966,
        "skewness": -1.3783759237854174,
        "kurtosis_excess": 2.383768848884092,
        "delta_mean_median": -0.23894785460184462
      },
      "d_s": {
        "n": 126,
        "nan_frac": 0.0,
        "mean": 1.0912608467042446,
        "median": 0.0,
        "std": 2.4323699063496136,
        "iqr": 1.8212295472621918,
        "mad": 0.6744908094406128,
        "mad_sigma": 1.0000000740766524,
        "skewness": 1.316597036813503,
        "kurtosis_excess": 0.08635093706668195,
        "delta_mean_median": 1.0912608467042446
      },
      "e_e": {
        "n": 126,
        "nan_frac": 0.0,
        "mean": -0.15902541338333062,
        "median": 0.0,
        "std": 1.3634343043119383,
        "iqr": 1.2907030582427979,
        "mad": 0.6744906902313232,
        "mad_sigma": 0.9999998973369598,
        "skewness": -1.7691123841016805,
        "kurtosis_excess": 4.370692910964618,
        "delta_mean_median": -0.15902541338333062
      },
      "e_s": {
        "n": 126,
        "nan_frac": 0.0,
        "mean": 0.4538468133273815,
        "median": 0.0,
        "std": 1.5727631293756048,
        "iqr": 1.4219851344823837,
        "mad": 0.674490749835968,
        "mad_sigma": 0.9999999857068061,
        "skewness": 1.8915179443962926,
        "kurtosis_excess": 3.7559300143762426,
        "delta_mean_median": 0.4538468133273815
      },
      "e_m": {
        "n": 126,
        "nan_frac": 0.0,
        "mean": 0.49878414455682984,
        "median": -1.5273690223693848e-07,
        "std": 1.553238314762293,
        "iqr": 1.354952059686184,
        "mad": 0.6744906604290009,
        "mad_sigma": 0.9999998531520367,
        "skewness": 1.578753554335624,
        "kurtosis_excess": 2.4222410642615895,
        "delta_mean_median": 0.4987842972937321
      }
    }
  },
  "entropy_provisional": {},
  "geometry_contract": {
    "policy_version": "standard_invalidity_v1",
    "status": "ok",
    "primary_requires_coords_9d": true,
    "shared_time_grid": {
      "epochs_before_policy": 126,
      "epochs_retained": 126,
      "epochs_dropped": 0,
      "drop_fraction": 0.0,
      "dropped_epoch_indices_preview": [],
      "drop_reason_counts": {
        "mnps_3d_nonfinite_rows": 0,
        "coords_9d_nonfinite_rows_affecting_primary": 0
      }
    },
    "mnps_3d": {
      "finite_row_fraction_before": 1.0,
      "nonfinite_row_count": 0,
      "degenerate_axes": [],
      "all_nan_axes": []
    },
    "coords_9d": {
      "available": true,
      "shape_matches_time_grid": true,
      "finite_row_fraction_before": 1.0,
      "nonfinite_row_count": 0,
      "nonfinite_rows_retained_on_shared_grid": 0,
      "degenerate_axes": [],
      "all_nan_axes": []
    },
    "time_grid": {
      "status": "ok",
      "warnings": [],
      "window_count": 126,
      "finite_window_bounds_fraction": 1.0,
      "dt_source": "window_start",
      "dt_sec_runtime": 4.0,
      "dt_sec_config": 4.0,
      "window_sec_config": 8.0,
      "dt_matches_runtime": true,
      "dt_matches_config_formula": true,
      "window_len_matches_config": true,
      "nonpositive_dt_count": 0,
      "nonpositive_window_len_count": 0,
      "dt_intervals_sec": {
        "n": 125,
        "mean": 4.0,
        "median": 4.0,
        "iqr": 0.0,
        "p95": 4.0,