{
  "dataset_id": "ds004511:sub-S201120:ses-01_rest_run-01",
  "subject": "sub-S201120",
  "session": "ses-01",
  "reliability_axes": {
    "m": 0.6781501429525388,
    "d": 0.731110536252608,
    "e": 0.5242004984934037
  },
  "reliability_subcoords": {
    "m_a": 0.5881510655763521,
    "m_e": 0.6779224654312641,
    "m_o": 0.5440399179912984,
    "d_n": 0.6743249265125236,
    "d_l": 0.63842742380475,
    "d_s": 0.6184284751025135,
    "e_e": 0.6114860884463487,
    "e_s": 0.6528361546951715,
    "e_m": 0.4825086466167632
  }
}