{
  "dataset_id": "ds004511:sub-S201120:ses-01_rest_run-01",
  "subject": "sub-S201120",
  "session": "ses-01",
  "coverage": {
    "epochs": 124,
    "seconds": 496.0
  },
  "artifacts": {
    "methods": [
      "ica"
    ],
    "bad_eeg_channels": [
      "Batt_0",
      "Batt_1",
      "Batt_2",
      "Batt_3",
      "FPAF1",
      "Foto",
      "Gnd-Ref",
      "Gnd-Ref1",
      "Gnd-Ref2",
      "Gnd-Ref3",
      "Ref",
      "Sync"
    ],
    "n_bad_eeg_channels": 12,
    "stem_collisions": {}
  },
  "ensemble": {
    "var_by_subcoord": {
      "m_a": 0.0004856133891735226,
      "m_e": 5.7419177648242864e-15,
      "m_o": 3.608831305621993e-15,
      "d_n": 7.561357241020732e-15,
      "d_l": 5.507508511748416e-13,
      "d_s": 4.17725478773362e-15,
      "e_e": 6.381992373807877e-13,
      "e_s": 4.507559961137303e-13,
      "e_m": 0.0
    },
    "var_mean": 5.395704342603534e-05,
    "var_max": 0.0004856133891735226
  },
  "reliability": {
    "axes": {
      "m": 0.6781501429525388,
      "d": 0.731110536252608,
      "e": 0.5242004984934037
    },
    "subcoords": {
      "m_a": 0.5881510655763521,
      "m_e": 0.6779224654312641,
      "m_o": 0.5440399179912984,
      "d_n": 0.6743249265125236,
      "d_l": 0.63842742380475,
      "d_s": 0.6184284751025135,
      "e_e": 0.6114860884463487,
      "e_s": 0.6528361546951715,
      "e_m": 0.4825086466167632
    }
  },
  "dist_summary": {
    "axes": {
      "m": {
        "n": 124,
        "nan_frac": 0.0,
        "mean": -0.013114152446148856,
        "median": 0.05653702653944492,
        "std": 0.8586979373580939,
        "iqr": 1.1751438081264496,
        "mad": 0.6074151638895273,
        "mad_sigma": 0.9005537219826132,
        "skewness": -0.0755814454363862,
        "kurtosis_excess": 0.2167087582211491,
        "delta_mean_median": -0.06965117898559378
      },
      "d": {
        "n": 124,
        "nan_frac": 0.0,
        "mean": -0.11853738375864323,
        "median": -0.14369569718837738,
        "std": 0.698792188719564,
        "iqr": 0.7859628647565842,
        "mad": 0.4076971858739853,
        "mad_sigma": 0.6044518477767705,
        "skewness": -1.5484734102606301,
        "kurtosis_excess": 5.5275786786266625,
        "delta_mean_median": 0.025158313429734153
      },
      "e": {
        "n": 124,
        "nan_frac": 0.0,
        "mean": -0.03451689907665094,
        "median": -0.08786284551024437,
        "std": 0.6830999211981389,
        "iqr": 0.8261387199163437,
        "mad": 0.42645299434661865,
        "mad_sigma": 0.6322592094182968,
        "skewness": 0.8768853074738332,
        "kurtosis_excess": 2.701568031856283,
        "delta_mean_median": 0.05334594643359343
      }
    },
    "subcoords": {
      "m_a": {
        "n": 124,
        "nan_frac": 0.0,
        "mean": -0.14461152990078252,
        "median": -0.08721241727471352,
        "std": 1.236122092188264,
        "iqr": 1.3575813621282578,
        "mad": 0.6756814382970333,
        "mad_sigma": 1.0017653004191815,
        "skewness": -1.6497290129463427,
        "kurtosis_excess": 5.283787835634351,
        "delta_mean_median": -0.057399112626069004
      },
      "m_e": {
        "n": 124,
        "nan_frac": 0.0,
        "mean": 0.06295267196612493,
        "median": 0.0,
        "std": 0.9062017806057382,
        "iqr": 1.2602857202291489,
        "mad": 0.674490749835968,
        "mad_sigma": 0.9999999857068061,
        "skewness": 0.006908628486069546,
        "kurtosis_excess": -0.44645093754913123,
        "delta_mean_median": 0.06295267196612493
      },
      "m_o": {
        "n": 124,
        "nan_frac": 0.0,
        "mean": 0.0750894632055274,
        "median": 0.0,
        "std": 0.983203752921633,
        "iqr": 1.3165602087974548,
        "mad": 0.674490749835968,
        "mad_sigma": 0.9999999857068061,
        "skewness": 0.7969048060208335,
        "kurtosis_excess": 0.6230023854225282,
        "delta_mean_median": 0.0750894632055274
      },
      "d_n": {
        "n": 124,
        "nan_frac": 0.0,
        "mean": -0.18661429393555848,
        "median": 4.870817065238953e-07,
        "std": 1.135332489838409,
        "iqr": 1.353853851556778,
        "mad": 0.6744912369176745,
        "mad_sigma": 1.0000007078541442,
        "skewness": -0.6179267725749074,
        "kurtosis_excess": -0.043692157443894875,
        "delta_mean_median": -0.186614781017265
      },
      "d_l": {
        "n": 124,
        "nan_frac": 0.0,
        "mean": -0.17391647168082155,
        "median": -7.649650797247887e-07,
        "std": 1.2938898204504876,
        "iqr": 1.3259089291095734,
        "mad": 0.6744907200336456,
        "mad_sigma": 0.999999941521883,
        "skewness": -2.021735241792154,
        "kurtosis_excess": 7.640181845540523,
        "delta_mean_median": -0.17391570671574183
      },
      "d_s": {
        "n": 124,
        "nan_frac": 0.0,
        "mean": 0.16521014704091114,
        "median": -1.1699739843606949e-07,
        "std": 1.0605179482802634,
        "iqr": 1.3318921476602554,
        "mad": 0.6744906328385696,
        "mad_sigma": 0.9999998122464632,
        "skewness": 1.2385647341439554,
        "kurtosis_excess": 2.168435135379121,
        "delta_mean_median": 0.16521026403830957
      },
      "e_e": {
        "n": 124,
        "nan_frac": 0.0,
        "mean": -0.12976467161769828,
        "median": 0.0,
        "std": 1.0820831736789445,
        "iqr": 1.3200299590826035,
        "mad": 0.6744907200336456,
        "mad_sigma": 0.999999941521883,
        "skewness": -0.47459493963706323,
        "kurtosis_excess": 0.1760980777459369,
        "delta_mean_median": -0.12976467161769828
      },
      "e_s": {
        "n": 124,
        "nan_frac": 0.0,
        "mean": 0.09210967280781798,
        "median": 1.053791493177414e-06,
        "std": 1.3308283168577033,
        "iqr": 1.3577642291784286,
        "mad": 0.6744918036274612,
        "mad_sigma": 1.000001548058074,
        "skewness": 1.9903200304916724,
        "kurtosis_excess": 7.098997145338203,
        "delta_mean_median": 0.0921086190163248
      },
      "e_m": {
        "n": 124,
        "nan_frac": 0.0,
        "mean": 0.04722078979360841,
        "median": 0.0,
        "std": 0.975540106003097,
        "iqr": 1.3130515813827515,
        "mad": 0.6744907200336456,
        "mad_sigma": 0.999999941521883,
        "skewness": -0.11298872603715278,
        "kurtosis_excess": 0.09168977645018517,
        "delta_mean_median": 0.04722078979360841
      }
    }
  },
  "entropy_provisional": {},
  "geometry_contract": {
    "policy_version": "standard_invalidity_v1",
    "status": "ok",
    "primary_requires_coords_9d": true,
    "shared_time_grid": {
      "epochs_before_policy": 124,
      "epochs_retained": 124,
      "epochs_dropped": 0,
      "drop_fraction": 0.0,
      "dropped_epoch_indices_preview": [],
      "drop_reason_counts": {
        "mnps_3d_nonfinite_rows": 0,
        "coords_9d_nonfinite_rows_affecting_primary": 0
      }
    },
    "mnps_3d": {
      "finite_row_fraction_before": 1.0,
      "nonfinite_row_count": 0,
      "degenerate_axes": [],
      "all_nan_axes": []
    },
    "coords_9d": {
      "available": true,
      "shape_matches_time_grid": true,
      "finite_row_fraction_before": 1.0,
      "nonfinite_row_count": 0,
      "nonfinite_rows_retained_on_shared_grid": 0,
      "degenerate_axes": [],
      "all_nan_axes": []
    },
    "time_grid": {
      "status": "ok",
      "warnings": [],
      "window_count": 124,
      "finite_window_bounds_fraction": 1.0,
      "dt_source": "window_start",
      "dt_sec_runtime": 4.0,
      "dt_sec_config": 4.0,
      "window_sec_config": 8.0,
      "dt_matches_runtime": true,
      "dt_matches_config_formula": true,
      "window_len_matches_config": true,
      "nonpositive_dt_count": 0,
      "nonpositive_window_len_count": 0,
      "dt_intervals_sec": {
        "n": 123,
        "mean": 4.0,
        "median": 4.0,
        "iqr": 0.0,