{
  "dataset_id": "ds004511:sub-S210315:ses-01_gambling_run-01",
  "subject": "sub-S210315",
  "session": "ses-01",
  "reliability_axes": {
    "m": 0.5812289104759668,
    "d": 0.6167673163368854,
    "e": 0.5789935901606049
  },
  "reliability_subcoords": {
    "m_a": 0.654072958907577,
    "m_e": 0.5715925112648579,
    "m_o": 0.4311394581936545,
    "d_n": 0.6428399144098135,
    "d_l": 0.6504429326657063,
    "d_s": 0.5217656628494958,
    "e_e": 0.7541388084737919,
    "e_s": 0.6705686698733943,
    "e_m": 0.5442536452394006
  }
}