{
  "dataset_id": "ds004511:sub-S210315:ses-01_gambling_run-01",
  "subject": "sub-S210315",
  "session": "ses-01",
  "coverage": {
    "epochs": 914,
    "seconds": 3656.0
  },
  "artifacts": {
    "methods": [
      "ica"
    ],
    "bad_eeg_channels": [
      "Batt_0",
      "Batt_1",
      "Batt_2",
      "Batt_3",
      "Gnd-Ref",
      "Gnd-Ref1",
      "Gnd-Ref2",
      "Gnd-Ref3",
      "Ref",
      "Sync"
    ],
    "n_bad_eeg_channels": 10,
    "stem_collisions": {}
  },
  "ensemble": {
    "var_by_subcoord": {
      "m_a": 0.00013034159201197326,
      "m_e": 3.1009916856561404e-14,
      "m_o": 6.554093612233178e-15,
      "d_n": 9.635587615883061e-15,
      "d_l": 1.4070821873109207e-13,
      "d_s": 2.2244166008938623e-14,
      "e_e": 1.3881230149712098e-13,
      "e_s": 7.987751763196063e-14,
      "e_m": 0.0
    },
    "var_mean": 1.4482399160090563e-05,
    "var_max": 0.00013034159201197326
  },
  "reliability": {
    "axes": {
      "m": 0.5812289104759668,
      "d": 0.6167673163368854,
      "e": 0.5789935901606049
    },
    "subcoords": {
      "m_a": 0.654072958907577,
      "m_e": 0.5715925112648579,
      "m_o": 0.4311394581936545,
      "d_n": 0.6428399144098135,
      "d_l": 0.6504429326657063,
      "d_s": 0.5217656628494958,
      "e_e": 0.7541388084737919,
      "e_s": 0.6705686698733943,
      "e_m": 0.5442536452394006
    }
  },
  "dist_summary": {
    "axes": {
      "m": {
        "n": 914,
        "nan_frac": 0.0,
        "mean": -0.07881496883702059,
        "median": 0.011715739034116268,
        "std": 0.8660336102699269,
        "iqr": 1.0530700236558914,
        "mad": 0.5155765125527978,
        "mad_sigma": 0.764393737510778,
        "skewness": -0.8623822285821164,
        "kurtosis_excess": 1.8227853014149202,
        "delta_mean_median": -0.09053070787113686
      },
      "d": {
        "n": 914,
        "nan_frac": 0.0,
        "mean": 0.28383156153614403,
        "median": 0.043943408876657486,
        "std": 1.1910309871113458,
        "iqr": 1.0758001431822777,
        "mad": 0.5298274345695972,
        "mad_sigma": 0.7855221544928849,
        "skewness": 1.632542142115743,
        "kurtosis_excess": 2.884565089229362,
        "delta_mean_median": 0.23988815265948654
      },
      "e": {
        "n": 914,
        "nan_frac": 0.0,
        "mean": -0.06554941837260646,
        "median": -0.059409501031041145,
        "std": 0.5635319753077958,
        "iqr": 0.6867909282445908,
        "mad": 0.3446129262447357,
        "mad_sigma": 0.5109231244504452,
        "skewness": 0.8108826612516415,
        "kurtosis_excess": 4.573625786916198,
        "delta_mean_median": -0.0061399173415653124
      }
    },
    "subcoords": {
      "m_a": {
        "n": 914,
        "nan_frac": 0.0,
        "mean": -0.22906011106401553,
        "median": 0.04374181479215622,
        "std": 1.2588175580887466,
        "iqr": 1.191177025437355,
        "mad": 0.5688681825995445,
        "mad_sigma": 0.8434039675220847,
        "skewness": -1.6499568741148352,
        "kurtosis_excess": 3.530911223346065,
        "delta_mean_median": -0.27280192585617175
      },
      "m_e": {
        "n": 914,
        "nan_frac": 0.0,
        "mean": -0.19428759311831248,
        "median": 5.00120222568512e-07,
        "std": 1.2504061211493802,
        "iqr": 1.384713664650917,
        "mad": 0.674491279758513,
        "mad_sigma": 1.0000007713699712,
        "skewness": -1.144812962571619,
        "kurtosis_excess": 2.0176740862959024,
        "delta_mean_median": -0.19428809323853505
      },
      "m_o": {
        "n": 914,
        "nan_frac": 0.0,
        "mean": 0.26932266357719603,
        "median": -2.039596438407898e-07,
        "std": 1.3337321201548877,
        "iqr": 1.3928702622652054,
        "mad": 0.6744905458763242,
        "mad_sigma": 0.9999996833162381,
        "skewness": 1.492969219657679,
        "kurtosis_excess": 3.5624795377733065,
        "delta_mean_median": 0.26932286753683987
      },
      "d_n": {
        "n": 914,
        "nan_frac": 0.0,
        "mean": 0.552558765414984,
        "median": -6.237532943487167e-07,
        "std": 1.905302658437301,
        "iqr": 1.4660768806934357,
        "mad": 0.674490749835968,
        "mad_sigma": 0.9999999857068061,
        "skewness": 1.8604154817103746,
        "kurtosis_excess": 2.877874782491909,
        "delta_mean_median": 0.5525593891682784
      },
      "d_l": {
        "n": 914,
        "nan_frac": 0.0,
        "mean": 0.1562135529021885,
        "median": 0.0,
        "std": 1.314662083767386,
        "iqr": 1.3560354858636856,
        "mad": 0.6744907796382904,
        "mad_sigma": 1.0000000298917293,
        "skewness": 0.5640226654494024,
        "kurtosis_excess": 2.6716140582874734,
        "delta_mean_median": 0.1562135529021885
      },
      "d_s": {
        "n": 914,
        "nan_frac": 0.0,
        "mean": 0.17769997438015436,
        "median": 0.0,
        "std": 1.1595883728347183,
        "iqr": 1.3420848697423935,
        "mad": 0.674490749835968,
        "mad_sigma": 0.9999999857068061,
        "skewness": 1.1469836918456737,
        "kurtosis_excess": 2.594103736701098,
        "delta_mean_median": 0.17769997438015436
      },
      "e_e": {
        "n": 914,
        "nan_frac": 0.0,
        "mean": -0.0736797002087606,
        "median": 2.418295480310917e-06,
        "std": 0.9561712258269778,
        "iqr": 1.3673400282859802,
        "mad": 0.6744931383291259,
        "mad_sigma": 1.000003526886762,
        "skewness": -0.12752397318981556,
        "kurtosis_excess": -0.37818493690378574,
        "delta_mean_median": -0.07368211850424092
      },
      "e_s": {
        "n": 914,
        "nan_frac": 0.0,
        "mean": -0.05609649470222694,
        "median": 0.0,
        "std": 1.2557905761519659,
        "iqr": 1.3515654802322388,
        "mad": 0.674490749835968,
        "mad_sigma": 0.9999999857068061,
        "skewness": 0.3238092035065125,
        "kurtosis_excess": 3.428150524335364,
        "delta_mean_median": -0.05609649470222694
      },
      "e_m": {
        "n": 914,
        "nan_frac": 0.0,
        "mean": -0.030552038718319366,
        "median": -1.050502760335803e-07,
        "std": 0.9301969390434878,
        "iqr": 1.3347121477127075,
        "mad": 0.674490644785692,
        "mad_sigma": 0.9999998299592668,
        "skewness": -0.008742093202033181,
        "kurtosis_excess": -0.327469046301347,
        "delta_mean_median": -0.030551933668043332
      }
    }
  },
  "entropy_provisional": {},
  "geometry_contract": {
    "policy_version": "standard_invalidity_v1",
    "status": "adjusted",
    "primary_requires_coords_9d": true,
    "shared_time_grid": {
      "epochs_before_policy": 914,
      "epochs_retained": 914,
      "epochs_dropped": 0,
      "drop_fraction": 0.0,
      "dropped_epoch_indices_preview": [],
      "drop_reason_counts": {
        "mnps_3d_nonfinite_rows": 0,
        "coords_9d_nonfinite_rows_affecting_primary": 0
      }
    },
    "mnps_3d": {
      "finite_row_fraction_before": 1.0,
      "nonfinite_row_count": 0,
      "degenerate_axes": [],
      "all_nan_axes": []
    },
    "coords_9d": {
      "available": true,
      "shape_matches_time_grid": true,
      "finite_row_fraction_before": 1.0,
      "nonfinite_row_count": 0,
      "nonfinite_rows_retained_on_shared_grid": 0,
      "degenerate_axes": [],
      "all_nan_axes": []
    },
    "time_grid": {
      "status": "ok",
      "warnings": [],
      "window_count": 914,
      "finite_window_bounds_fraction": 1.0,
      "dt_source": "window_start",
      "dt_sec_runtime": 4.0,
      "dt_sec_config": 4.0,
      "window_sec_config": 8.0,
      "dt_matches_runtime": true,
      "dt_matches_config_formula": true,
      "window_len_matches_config": true,
      "nonpositive_dt_count": 0,
      "nonpositive_window_len_count": 0,
      "dt_intervals_sec": {
        "n": 913,
        "mean": 4.0,
        "median": 4.0,
        "iqr": 0.0,