{
  "dataset_id": "ds004511:sub-S210209:ses-01_gambling_run-01",
  "subject": "sub-S210209",
  "session": "ses-01",
  "reliability_axes": {
    "m": 0.5691021374562555,
    "d": 0.6955098242778375,
    "e": 0.54522921041802
  },
  "reliability_subcoords": {
    "m_a": 0.6741492019754668,
    "m_e": 0.5353452507475948,
    "m_o": 0.5275538134518847,
    "d_n": 0.6883059412362637,
    "d_l": 0.6758143446071052,
    "d_s": 0.4762780618101288,
    "e_e": 0.6375056280395648,
    "e_s": 0.6230932054810595,
    "e_m": 0.6154733161753868
  }
}