{
  "dataset_id": "ds004511:sub-S210209:ses-01_gambling_run-01",
  "subject": "sub-S210209",
  "session": "ses-01",
  "coverage": {
    "epochs": 902,
    "seconds": 3608.0
  },
  "artifacts": {
    "methods": [
      "ica"
    ],
    "bad_eeg_channels": [
      "Batt_0",
      "Batt_1",
      "Batt_2",
      "Batt_3",
      "Gnd-Ref",
      "Gnd-Ref1",
      "Gnd-Ref2",
      "Gnd-Ref3",
      "Ref",
      "Sync"
    ],
    "n_bad_eeg_channels": 10,
    "stem_collisions": {}
  },
  "ensemble": {
    "var_by_subcoord": {
      "m_a": 0.0012388699688017368,
      "m_e": 7.799516647767277e-15,
      "m_o": 5.31747463715284e-15,
      "d_n": 3.7470027081099033e-16,
      "d_l": 4.3080614081517435e-14,
      "d_s": 3.1227476845547197e-15,
      "e_e": 7.958613829810515e-14,
      "e_s": 9.38841899730293e-14,
      "e_m": 0.0
    },
    "var_mean": 0.0001376522187816558,
    "var_max": 0.0012388699688017368
  },
  "reliability": {
    "axes": {
      "m": 0.5691021374562555,
      "d": 0.6955098242778375,
      "e": 0.54522921041802
    },
    "subcoords": {
      "m_a": 0.6741492019754668,
      "m_e": 0.5353452507475948,
      "m_o": 0.5275538134518847,
      "d_n": 0.6883059412362637,
      "d_l": 0.6758143446071052,
      "d_s": 0.4762780618101288,
      "e_e": 0.6375056280395648,
      "e_s": 0.6230932054810595,
      "e_m": 0.6154733161753868
    }
  },
  "dist_summary": {
    "axes": {
      "m": {
        "n": 902,
        "nan_frac": 0.0,
        "mean": -0.1775307644417955,
        "median": -0.06640613451600075,
        "std": 0.8329007676731836,
        "iqr": 1.0832973420619965,
        "mad": 0.5450575351715088,
        "mad_sigma": 0.8081023016452789,
        "skewness": -0.7353187492941735,
        "kurtosis_excess": 0.7684424756052755,
        "delta_mean_median": -0.11112462992579475
      },
      "d": {
        "n": 902,
        "nan_frac": 0.0,
        "mean": 0.3231914118304023,
        "median": 0.07601156830787659,
        "std": 1.018872902256271,
        "iqr": 0.9344199970364571,
        "mad": 0.4374069571495056,
        "mad_sigma": 0.648499554669857,
        "skewness": 1.536468934161125,
        "kurtosis_excess": 2.8498210157451584,
        "delta_mean_median": 0.2471798435225257
      },
      "e": {
        "n": 902,
        "nan_frac": 0.0,
        "mean": 0.0005580704165749074,
        "median": -0.0035247696796432137,
        "std": 0.6941073609488139,
        "iqr": 0.7415509596467018,
        "mad": 0.37692728638648987,
        "mad_sigma": 0.5588323947966098,
        "skewness": 0.41163976649737294,
        "kurtosis_excess": 3.8856862872726374,
        "delta_mean_median": 0.004082840096218121
      }
    },
    "subcoords": {
      "m_a": {
        "n": 902,
        "nan_frac": 0.0,
        "mean": -0.4722755438190763,
        "median": 0.024712860584259033,
        "std": 1.7595237519057063,
        "iqr": 1.2632813304662704,
        "mad": 0.6116749048233032,
        "mad_sigma": 0.9068692138910293,
        "skewness": -1.7306410072669436,
        "kurtosis_excess": 2.3674789722856895,
        "delta_mean_median": -0.49698840440333536
      },
      "m_e": {
        "n": 902,
        "nan_frac": 0.0,
        "mean": -0.2499553219932405,
        "median": 2.5416375137865543e-07,
        "std": 1.0991688617668496,
        "iqr": 1.4184340089559555,
        "mad": 0.6744904956722166,
        "mad_sigma": 0.9999996088836284,
        "skewness": -0.8603687591429785,
        "kurtosis_excess": 0.14559046188824443,
        "delta_mean_median": -0.24995557615699188
      },
      "m_o": {
        "n": 902,
        "nan_frac": 0.0,
        "mean": 0.3170809637391003,
        "median": 8.33679223433137e-08,
        "std": 1.654343508686479,
        "iqr": 1.3594627529382706,
        "mad": 0.674490749835968,
        "mad_sigma": 0.9999999857068061,
        "skewness": 1.8870341060466667,
        "kurtosis_excess": 3.9379184023834073,
        "delta_mean_median": 0.31708088037117793
      },
      "d_n": {
        "n": 902,
        "nan_frac": 0.0,
        "mean": 0.6871928933452522,
        "median": 4.690664354711771e-07,
        "std": 2.141394229371875,
        "iqr": 1.3708462566137314,
        "mad": 0.6744902807695325,
        "mad_sigma": 0.9999992902689089,
        "skewness": 1.687611728537556,
        "kurtosis_excess": 1.6431984242718798,
        "delta_mean_median": 0.6871924242788168
      },
      "d_l": {
        "n": 902,
        "nan_frac": 0.0,
        "mean": 0.0495586781321143,
        "median": 6.663613021373749e-07,
        "std": 1.3083602736099678,
        "iqr": 1.3375046998262405,
        "mad": 0.674490749835968,
        "mad_sigma": 0.9999999857068061,
        "skewness": 0.18243788577930406,
        "kurtosis_excess": 3.6579730391944123,
        "delta_mean_median": 0.04955801177081216
      },
      "d_s": {
        "n": 902,
        "nan_frac": 0.0,
        "mean": 0.4745417209370516,
        "median": -1.4516990631818771e-07,
        "std": 1.6540720933494752,
        "iqr": 1.4496368914842606,
        "mad": 0.674490749835968,
        "mad_sigma": 0.9999999857068061,
        "skewness": 1.8751946036616167,
        "kurtosis_excess": 3.366158280113747,
        "delta_mean_median": 0.4745418661069579
      },
      "e_e": {
        "n": 902,
        "nan_frac": 0.0,
        "mean": 0.007362697155335133,
        "median": -2.5077315513044596e-06,
        "std": 0.9990032688749473,
        "iqr": 1.3460623919963837,
        "mad": 0.6744931979628745,
        "mad_sigma": 1.0000036152997578,
        "skewness": -0.05600946337678217,
        "kurtosis_excess": 0.1097980680189723,
        "delta_mean_median": 0.007365204886886438
      },
      "e_s": {
        "n": 902,
        "nan_frac": 0.0,
        "mean": -0.015317095337580671,
        "median": -8.044589776545763e-07,
        "std": 1.3841103687006957,
        "iqr": 1.3525376170873642,
        "mad": 0.6744899453769904,
        "mad_sigma": 0.9999987930159259,
        "skewness": 0.5656135880940787,
        "kurtosis_excess": 4.159410667768921,
        "delta_mean_median": -0.015316290878603016
      },
      "e_m": {
        "n": 902,
        "nan_frac": 0.0,
        "mean": 0.13584711639305572,
        "median": 0.0,
        "std": 1.0627620729522562,
        "iqr": 1.3444917052984238,
        "mad": 0.6744906902313232,
        "mad_sigma": 0.9999998973369598,
        "skewness": 0.8555100859375967,
        "kurtosis_excess": 0.9602332273598742,
        "delta_mean_median": 0.13584711639305572
      }
    }
  },
  "entropy_provisional": {},
  "geometry_contract": {
    "policy_version": "standard_invalidity_v1",
    "status": "adjusted",
    "primary_requires_coords_9d": true,
    "shared_time_grid": {
      "epochs_before_policy": 902,
      "epochs_retained": 902,
      "epochs_dropped": 0,
      "drop_fraction": 0.0,
      "dropped_epoch_indices_preview": [],
      "drop_reason_counts": {
        "mnps_3d_nonfinite_rows": 0,
        "coords_9d_nonfinite_rows_affecting_primary": 0
      }
    },
    "mnps_3d": {
      "finite_row_fraction_before": 1.0,
      "nonfinite_row_count": 0,
      "degenerate_axes": [],
      "all_nan_axes": []
    },
    "coords_9d": {
      "available": true,
      "shape_matches_time_grid": true,
      "finite_row_fraction_before": 1.0,
      "nonfinite_row_count": 0,
      "nonfinite_rows_retained_on_shared_grid": 0,
      "degenerate_axes": [],
      "all_nan_axes": []
    },
    "time_grid": {
      "status": "ok",
      "warnings": [],
      "window_count": 902,
      "finite_window_bounds_fraction": 1.0,
      "dt_source": "window_start",
      "dt_sec_runtime": 4.0,
      "dt_sec_config": 4.0,
      "window_sec_config": 8.0,
      "dt_matches_runtime": true,
      "dt_matches_config_formula": true,
      "window_len_matches_config": true,
      "nonpositive_dt_count": 0,
      "nonpositive_window_len_count": 0,
      "dt_intervals_sec": {
        "n": 901,
        "mean": 4.0,