{
  "dataset_id": "ds004511:sub-S200225:ses-01_rest_run-01",
  "subject": "sub-S200225",
  "session": "ses-01",
  "reliability_axes": {
    "m": 0.589844249815182,
    "d": 0.7190882981943437,
    "e": 0.6151345681652194
  },
  "reliability_subcoords": {
    "m_a": 0.7045323202339598,
    "m_e": 0.6052301955380051,
    "m_o": 0.6446795167003594,
    "d_n": 0.6408798998495099,
    "d_l": 0.7351641639727028,
    "d_s": 0.5559747079344977,
    "e_e": 0.7153131068585522,
    "e_s": 0.6495366097599505,
    "e_m": 0.7099476225285732
  }
}