{
  "dataset_id": "ds004511:sub-S200225:ses-01_rest_run-01",
  "subject": "sub-S200225",
  "session": "ses-01",
  "coverage": {
    "epochs": 125,
    "seconds": 500.0
  },
  "artifacts": {
    "methods": [
      "ica"
    ],
    "bad_eeg_channels": [
      "Batt_0",
      "Batt_1",
      "Batt_2",
      "Batt_3",
      "Foto",
      "Gnd-Ref",
      "Gnd-Ref1",
      "Gnd-Ref2",
      "Gnd-Ref3",
      "Ref",
      "Sync"
    ],
    "n_bad_eeg_channels": 11,
    "stem_collisions": {}
  },
  "ensemble": {
    "var_by_subcoord": {
      "m_a": 0.010736020281910896,
      "m_e": 0.0,
      "m_o": 0.0,
      "d_n": 0.0,
      "d_l": 0.0,
      "d_s": 0.0,
      "e_e": 0.0,
      "e_s": 0.0,
      "e_m": 0.0
    },
    "var_mean": 0.001192891142434544,
    "var_max": 0.010736020281910896
  },
  "reliability": {
    "axes": {
      "m": 0.589844249815182,
      "d": 0.7190882981943437,
      "e": 0.6151345681652194
    },
    "subcoords": {
      "m_a": 0.7045323202339598,
      "m_e": 0.6052301955380051,
      "m_o": 0.6446795167003594,
      "d_n": 0.6408798998495099,
      "d_l": 0.7351641639727028,
      "d_s": 0.5559747079344977,
      "e_e": 0.7153131068585522,
      "e_s": 0.6495366097599505,
      "e_m": 0.7099476225285732
    }
  },
  "dist_summary": {
    "axes": {
      "m": {
        "n": 125,
        "nan_frac": 0.0,
        "mean": -0.1688501638621092,
        "median": -0.09163213521242142,
        "std": 0.9386358955445998,
        "iqr": 1.0335699915885925,
        "mad": 0.5495175644755363,
        "mad_sigma": 0.8147147410914302,
        "skewness": -0.8874015633091153,
        "kurtosis_excess": 1.0830342954504317,
        "delta_mean_median": -0.07721802864968777
      },
      "d": {
        "n": 125,
        "nan_frac": 0.0,
        "mean": 0.03872833034396172,
        "median": 0.0030988994985818863,
        "std": 1.001776190862361,
        "iqr": 1.2521727085113525,
        "mad": 0.6375329438596964,
        "mad_sigma": 0.9452063425663858,
        "skewness": -0.6583569712635642,
        "kurtosis_excess": 1.3723499151805898,
        "delta_mean_median": 0.03562943084537983
      },
      "e": {
        "n": 125,
        "nan_frac": 0.0,
        "mean": 0.1134362116008997,
        "median": 0.06322289258241653,
        "std": 0.6689830377957138,
        "iqr": 0.6734539866447449,
        "mad": 0.3377217873930931,
        "mad_sigma": 0.5007063219889998,
        "skewness": 0.2964990263816343,
        "kurtosis_excess": 1.6916002235361658,
        "delta_mean_median": 0.050213319018483166
      }
    },
    "subcoords": {
      "m_a": {
        "n": 125,
        "nan_frac": 0.0,
        "mean": -0.3940051246881485,
        "median": -0.12516435980796814,
        "std": 1.4071403963092264,
        "iqr": 1.2757129669189453,
        "mad": 0.613370954990387,
        "mad_sigma": 0.9093837778687477,
        "skewness": -1.8970923720853217,
        "kurtosis_excess": 4.350636022695886,
        "delta_mean_median": -0.2688407648801804
      },
      "m_e": {
        "n": 125,
        "nan_frac": 0.0,
        "mean": -0.17373768125474454,
        "median": 0.0,
        "std": 1.077584925363951,
        "iqr": 1.314024269580841,
        "mad": 0.674490749835968,
        "mad_sigma": 0.9999999857068061,
        "skewness": -0.7628088809023075,
        "kurtosis_excess": 0.28210165840503754,
        "delta_mean_median": -0.17373768125474454
      },
      "m_o": {
        "n": 125,
        "nan_frac": 0.0,
        "mean": 0.14733699820190668,
        "median": 0.0,
        "std": 1.1781215689297968,
        "iqr": 1.3456441164016724,
        "mad": 0.674490749835968,
        "mad_sigma": 0.9999999857068061,
        "skewness": 1.2684665873415863,
        "kurtosis_excess": 3.9291348603636393,
        "delta_mean_median": 0.14733699820190668
      },
      "d_n": {
        "n": 125,
        "nan_frac": 0.0,
        "mean": 0.3405684660822153,
        "median": 0.0,
        "std": 1.8061141532908707,
        "iqr": 1.3753883242607117,
        "mad": 0.6744906902313232,
        "mad_sigma": 0.9999998973369598,
        "skewness": 1.4124273926113455,
        "kurtosis_excess": 2.749137672929055,
        "delta_mean_median": 0.3405684660822153
      },
      "d_l": {
        "n": 125,
        "nan_frac": 0.0,
        "mean": -0.20195680106803776,
        "median": 0.0,
        "std": 1.3810113919712907,
        "iqr": 1.321157455444336,
        "mad": 0.674490749835968,
        "mad_sigma": 0.9999999857068061,
        "skewness": -1.5178495155098402,
        "kurtosis_excess": 4.792574746618194,
        "delta_mean_median": -0.20195680106803776
      },
      "d_s": {
        "n": 125,
        "nan_frac": 0.0,
        "mean": 0.20459170259535311,
        "median": 0.0,
        "std": 1.3533935465400677,
        "iqr": 1.3325957655906677,
        "mad": 0.674490749835968,
        "mad_sigma": 0.9999999857068061,
        "skewness": 1.4699015646054228,
        "kurtosis_excess": 4.108428934330694,
        "delta_mean_median": 0.20459170259535311
      },
      "e_e": {
        "n": 125,
        "nan_frac": 0.0,
        "mean": -0.003801598317921162,
        "median": 0.0,
        "std": 1.0278193935216757,
        "iqr": 1.296276330947876,
        "mad": 0.674490749835968,
        "mad_sigma": 0.9999999857068061,
        "skewness": 0.21317388960937614,
        "kurtosis_excess": -0.09513906414933215,
        "delta_mean_median": -0.003801598317921162
      },
      "e_s": {
        "n": 125,
        "nan_frac": 0.0,
        "mean": 0.27149286273121837,
        "median": 0.0,
        "std": 1.4999216615208786,
        "iqr": 1.3349876403808594,
        "mad": 0.674490749835968,
        "mad_sigma": 0.9999999857068061,
        "skewness": 1.8954038540950184,
        "kurtosis_excess": 4.823568648922868,
        "delta_mean_median": 0.27149286273121837
      },
      "e_m": {
        "n": 125,
        "nan_frac": 0.0,
        "mean": 0.1686705842614174,
        "median": 0.0,
        "std": 1.1303527140408802,
        "iqr": 1.2950733304023743,
        "mad": 0.6744906902313232,
        "mad_sigma": 0.9999998973369598,
        "skewness": 0.8136416046258741,
        "kurtosis_excess": 0.7327435502436273,
        "delta_mean_median": 0.1686705842614174
      }
    }
  },
  "entropy_provisional": {},
  "geometry_contract": {
    "policy_version": "standard_invalidity_v1",
    "status": "ok",
    "primary_requires_coords_9d": true,
    "shared_time_grid": {
      "epochs_before_policy": 125,
      "epochs_retained": 125,
      "epochs_dropped": 0,
      "drop_fraction": 0.0,
      "dropped_epoch_indices_preview": [],
      "drop_reason_counts": {
        "mnps_3d_nonfinite_rows": 0,
        "coords_9d_nonfinite_rows_affecting_primary": 0
      }
    },
    "mnps_3d": {
      "finite_row_fraction_before": 1.0,
      "nonfinite_row_count": 0,
      "degenerate_axes": [],
      "all_nan_axes": []
    },
    "coords_9d": {
      "available": true,
      "shape_matches_time_grid": true,
      "finite_row_fraction_before": 1.0,
      "nonfinite_row_count": 0,
      "nonfinite_rows_retained_on_shared_grid": 0,
      "degenerate_axes": [],
      "all_nan_axes": []
    },
    "time_grid": {
      "status": "ok",
      "warnings": [],
      "window_count": 125,
      "finite_window_bounds_fraction": 1.0,
      "dt_source": "window_start",
      "dt_sec_runtime": 4.0,
      "dt_sec_config": 4.0,
      "window_sec_config": 8.0,
      "dt_matches_runtime": true,
      "dt_matches_config_formula": true,
      "window_len_matches_config": true,
      "nonpositive_dt_count": 0,
      "nonpositive_window_len_count": 0,
      "dt_intervals_sec": {
        "n": 124,
        "mean": 4.0,
        "median": 4.0,
        "iqr": 0.0,
        "p95": 4.0,
        "max": 4.0
      },
      "window_lengths_sec": {
        "n": 125,
        "mean": 8.0,
        "median": 8.0,
        "iqr": 0.0,
        "p95": 8.0,
        "max": 8.0
      }
    },