{
  "dataset_id": "ds004511:sub-S210217:ses-01_gambling_run-01",
  "subject": "sub-S210217",
  "session": "ses-01",
  "reliability_axes": {
    "m": 0.7540546113003734,
    "d": 0.572616162239174,
    "e": 0.6592989465556784
  },
  "reliability_subcoords": {
    "m_a": 0.7230281019320937,
    "m_e": 0.7586116145960111,
    "m_o": 0.6535225384622113,
    "d_n": 0.6804508658311672,
    "d_l": 0.73793674246745,
    "d_s": 0.63597737048353,
    "e_e": 0.7949495028367487,
    "e_s": 0.6920959834055576,
    "e_m": 0.6044303329333373
  }
}