{
  "dataset_id": "ds004511:sub-S210217:ses-01_gambling_run-01",
  "subject": "sub-S210217",
  "session": "ses-01",
  "coverage": {
    "epochs": 909,
    "seconds": 3636.0
  },
  "artifacts": {
    "methods": [
      "ica"
    ],
    "bad_eeg_channels": [
      "Batt_0",
      "Batt_1",
      "Batt_2",
      "Batt_3",
      "Gnd-Ref",
      "Gnd-Ref1",
      "Gnd-Ref2",
      "Gnd-Ref3",
      "Ref",
      "Sync"
    ],
    "n_bad_eeg_channels": 10,
    "stem_collisions": {}
  },
  "ensemble": {
    "var_by_subcoord": {
      "m_a": 0.0005750668351538479,
      "m_e": 0.0,
      "m_o": 0.0,
      "d_n": 0.0,
      "d_l": 0.0,
      "d_s": 0.0,
      "e_e": 0.0,
      "e_s": 0.0,
      "e_m": 0.0
    },
    "var_mean": 6.389631501709421e-05,
    "var_max": 0.0005750668351538479
  },
  "reliability": {
    "axes": {
      "m": 0.7540546113003734,
      "d": 0.572616162239174,
      "e": 0.6592989465556784
    },
    "subcoords": {
      "m_a": 0.7230281019320937,
      "m_e": 0.7586116145960111,
      "m_o": 0.6535225384622113,
      "d_n": 0.6804508658311672,
      "d_l": 0.73793674246745,
      "d_s": 0.63597737048353,
      "e_e": 0.7949495028367487,
      "e_s": 0.6920959834055576,
      "e_m": 0.6044303329333373
    }
  },
  "dist_summary": {
    "axes": {
      "m": {
        "n": 909,
        "nan_frac": 0.0,
        "mean": -0.03623598609696287,
        "median": -0.0023656892590224743,
        "std": 0.8227652658840527,
        "iqr": 1.3028950691223145,
        "mad": 0.6434523272328079,
        "mad_sigma": 0.9539824203553608,
        "skewness": -0.0761795838810562,
        "kurtosis_excess": -0.8159724892945737,
        "delta_mean_median": -0.0338702968379404
      },
      "d": {
        "n": 909,
        "nan_frac": 0.0,
        "mean": 0.14834035068406642,
        "median": 0.12011032551527023,
        "std": 0.48528693709409465,
        "iqr": 0.5770840644836426,
        "mad": 0.2895965352654457,
        "mad_sigma": 0.4293558231845498,
        "skewness": 0.677580236475575,
        "kurtosis_excess": 1.9016749251829719,
        "delta_mean_median": 0.02823002516879619
      },
      "e": {
        "n": 909,
        "nan_frac": 0.0,
        "mean": 0.015508878321286466,
        "median": 0.013565613888204098,
        "std": 0.44614464274738064,
        "iqr": 0.5475104749202728,
        "mad": 0.2783624092116952,
        "mad_sigma": 0.41270010789725925,
        "skewness": 0.36026681916878095,
        "kurtosis_excess": 3.170852879774764,
        "delta_mean_median": 0.0019432644330823687
      }
    },
    "subcoords": {
      "m_a": {
        "n": 909,
        "nan_frac": 0.0,
        "mean": -0.06998215502945601,
        "median": -0.028033912181854248,
        "std": 0.8923690307585532,
        "iqr": 1.3371895551681519,
        "mad": 0.6573308110237122,
        "mad_sigma": 0.9745586604237556,
        "skewness": -0.413468487615678,
        "kurtosis_excess": 0.2070244929581948,
        "delta_mean_median": -0.04194824284760176
      },
      "m_e": {
        "n": 909,
        "nan_frac": 0.0,
        "mean": -0.11795910241137893,
        "median": 0.0,
        "std": 0.9087034436921285,
        "iqr": 1.374502182006836,
        "mad": 0.674490749835968,
        "mad_sigma": 0.9999999857068061,
        "skewness": -0.34449817783000103,
        "kurtosis_excess": -0.65768070154766,
        "delta_mean_median": -0.11795910241137893
      },
      "m_o": {
        "n": 909,
        "nan_frac": 0.0,
        "mean": 0.11014255202870085,
        "median": 0.0,
        "std": 0.9118323859709743,
        "iqr": 1.383316695690155,
        "mad": 0.674490749835968,
        "mad_sigma": 0.9999999857068061,
        "skewness": 0.5420140988732801,
        "kurtosis_excess": -0.08732467901897945,
        "delta_mean_median": 0.11014255202870085
      },
      "d_n": {
        "n": 909,
        "nan_frac": 0.0,
        "mean": 0.20922874844129985,
        "median": 0.0,
        "std": 1.2267421522994022,
        "iqr": 1.3411715030670166,
        "mad": 0.674490749835968,
        "mad_sigma": 0.9999999857068061,
        "skewness": 1.4814811975475601,
        "kurtosis_excess": 3.5488114548907257,
        "delta_mean_median": 0.20922874844129985
      },
      "d_l": {
        "n": 909,
        "nan_frac": 0.0,
        "mean": -0.015637706297004596,
        "median": 0.0,
        "std": 0.876317079515657,
        "iqr": 1.3419189453125,
        "mad": 0.674490749835968,
        "mad_sigma": 0.9999999857068061,
        "skewness": 0.01015868760785581,
        "kurtosis_excess": -0.4690411534249872,
        "delta_mean_median": -0.015637706297004596
      },
      "d_s": {
        "n": 909,
        "nan_frac": 0.0,
        "mean": 0.519832509448926,
        "median": 0.0,
        "std": 1.5624978938750766,
        "iqr": 1.5910168290138245,
        "mad": 0.674490749835968,
        "mad_sigma": 0.9999999857068061,
        "skewness": 1.7242595340539868,
        "kurtosis_excess": 2.9300177358219326,
        "delta_mean_median": 0.519832509448926
      },
      "e_e": {
        "n": 909,
        "nan_frac": 0.0,
        "mean": -0.09714833947502556,
        "median": 0.0,
        "std": 0.9941668372215776,
        "iqr": 1.3454402685165405,
        "mad": 0.674490749835968,
        "mad_sigma": 0.9999999857068061,
        "skewness": -0.35886963721314546,
        "kurtosis_excess": -0.15754907094299808,
        "delta_mean_median": -0.09714833947502556
      },
      "e_s": {
        "n": 909,
        "nan_frac": 0.0,
        "mean": 0.1601833250355416,
        "median": 0.0,
        "std": 0.9903807504041447,
        "iqr": 1.4193103909492493,
        "mad": 0.6744908094406128,
        "mad_sigma": 1.0000000740766524,
        "skewness": 0.8488798021106557,
        "kurtosis_excess": 1.8957873988677916,
        "delta_mean_median": 0.1601833250355416
      },
      "e_m": {
        "n": 909,
        "nan_frac": 0.0,
        "mean": 0.21752492250511946,
        "median": 0.0,
        "std": 1.3608772427520466,
        "iqr": 1.3521118760108948,
        "mad": 0.674490749835968,
        "mad_sigma": 0.9999999857068061,
        "skewness": 1.5514385786065148,
        "kurtosis_excess": 3.470339531836207,
        "delta_mean_median": 0.21752492250511946
      }
    }
  },
  "entropy_provisional": {},
  "geometry_contract": {
    "policy_version": "standard_invalidity_v1",
    "status": "ok",
    "primary_requires_coords_9d": true,
    "shared_time_grid": {
      "epochs_before_policy": 909,
      "epochs_retained": 909,
      "epochs_dropped": 0,
      "drop_fraction": 0.0,
      "dropped_epoch_indices_preview": [],
      "drop_reason_counts": {
        "mnps_3d_nonfinite_rows": 0,
        "coords_9d_nonfinite_rows_affecting_primary": 0
      }
    },
    "mnps_3d": {
      "finite_row_fraction_before": 1.0,
      "nonfinite_row_count": 0,
      "degenerate_axes": [],
      "all_nan_axes": []
    },
    "coords_9d": {
      "available": true,
      "shape_matches_time_grid": true,
      "finite_row_fraction_before": 1.0,
      "nonfinite_row_count": 0,
      "nonfinite_rows_retained_on_shared_grid": 0,
      "degenerate_axes": [],
      "all_nan_axes": []
    },
    "time_grid": {
      "status": "ok",
      "warnings": [],
      "window_count": 909,
      "finite_window_bounds_fraction": 1.0,
      "dt_source": "window_start",
      "dt_sec_runtime": 4.0,
      "dt_sec_config": 4.0,
      "window_sec_config": 8.0,
      "dt_matches_runtime": true,
      "dt_matches_config_formula": true,
      "window_len_matches_config": true,
      "nonpositive_dt_count": 0,
      "nonpositive_window_len_count": 0,
      "dt_intervals_sec": {
        "n": 908,
        "mean": 4.0,
        "median": 4.0,
        "iqr": 0.0,
        "p95": 4.0,
        "max": 4.0
      },
      "window_lengths_sec": {
        "n": 909,
        "mean": 8.0,
        "median": 8.0,
        "iqr": 0.0,
        "p95": 8.0,
        "max": 8.0
      }
    },