{
  "dataset_id": "ds004511:sub-S200203:ses-01_cognitive_control_run-01",
  "subject": "sub-S200203",
  "session": "ses-01",
  "reliability_axes": {
    "m": 0.5856626085790825,
    "d": 0.6794474955946589,
    "e": 0.5742276819912918
  },
  "reliability_subcoords": {
    "m_a": 0.5877989119795485,
    "m_e": 0.6423653495265572,
    "m_o": 0.517605039939186,
    "d_n": 0.6852935829413476,
    "d_l": 0.6083176454407407,
    "d_s": 0.6259491796501523,
    "e_e": 0.5720589056466842,
    "e_s": 0.6178739144361184,
    "e_m": 0.7627264058200092
  }
}