{
  "dataset_id": "ds004511:sub-S200203:ses-01_cognitive_control_run-01",
  "subject": "sub-S200203",
  "session": "ses-01",
  "coverage": {
    "epochs": 329,
    "seconds": 1316.0
  },
  "artifacts": {
    "methods": [
      "ica"
    ],
    "bad_eeg_channels": [
      "Batt_0",
      "Batt_1",
      "Batt_2",
      "Batt_3",
      "Gnd-Ref",
      "Gnd-Ref1",
      "Gnd-Ref2",
      "Gnd-Ref3",
      "Ref",
      "Sync"
    ],
    "n_bad_eeg_channels": 10,
    "stem_collisions": {}
  },
  "ensemble": {
    "var_by_subcoord": {
      "m_a": 0.0012396618258208036,
      "m_e": 0.0,
      "m_o": 0.0,
      "d_n": 0.0,
      "d_l": 0.0,
      "d_s": 0.0,
      "e_e": 0.0,
      "e_s": 0.0,
      "e_m": 0.0
    },
    "var_mean": 0.00013774020286897817,
    "var_max": 0.0012396618258208036
  },
  "reliability": {
    "axes": {
      "m": 0.5856626085790825,
      "d": 0.6794474955946589,
      "e": 0.5742276819912918
    },
    "subcoords": {
      "m_a": 0.5877989119795485,
      "m_e": 0.6423653495265572,
      "m_o": 0.517605039939186,
      "d_n": 0.6852935829413476,
      "d_l": 0.6083176454407407,
      "d_s": 0.6259491796501523,
      "e_e": 0.5720589056466842,
      "e_s": 0.6178739144361184,
      "e_m": 0.7627264058200092
    }
  },
  "dist_summary": {
    "axes": {
      "m": {
        "n": 329,
        "nan_frac": 0.0,
        "mean": -0.04126293623123225,
        "median": -0.007263470906764269,
        "std": 0.819080441799684,
        "iqr": 1.0200214684009552,
        "mad": 0.5164724695496261,
        "mad_sigma": 0.7657220833542756,
        "skewness": -0.053320016628256424,
        "kurtosis_excess": 0.5066854248429729,
        "delta_mean_median": -0.03399946532446798
      },
      "d": {
        "n": 329,
        "nan_frac": 0.0,
        "mean": 0.05947343576671188,
        "median": 0.06787719577550888,
        "std": 0.8029032227191583,
        "iqr": 0.9955029189586639,
        "mad": 0.49882642179727554,
        "mad_sigma": 0.7395600529566407,
        "skewness": 0.1664412351334446,
        "kurtosis_excess": 1.1491912250642775,
        "delta_mean_median": -0.008403760008797001
      },
      "e": {
        "n": 329,
        "nan_frac": 0.0,
        "mean": -0.020835275533906322,
        "median": 0.03132590278983116,
        "std": 0.793232231631462,
        "iqr": 0.8709901571273804,
        "mad": 0.4381466545164585,
        "mad_sigma": 0.6495962299861013,
        "skewness": -0.9257207489499125,
        "kurtosis_excess": 2.4571051509869744,
        "delta_mean_median": -0.052161178323737484
      }
    },
    "subcoords": {
      "m_a": {
        "n": 329,
        "nan_frac": 0.0,
        "mean": -0.03314834816726689,
        "median": -0.03704342991113663,
        "std": 0.9175941257494407,
        "iqr": 1.096538484096527,
        "mad": 0.5556508526206017,
        "mad_sigma": 0.8238079540953039,
        "skewness": -0.20600063781214414,
        "kurtosis_excess": 0.9680786303468647,
        "delta_mean_median": 0.0038950817438697383
      },
      "m_e": {
        "n": 329,
        "nan_frac": 0.0,
        "mean": -0.07349767913124708,
        "median": 0.0,
        "std": 1.0977426885395971,
        "iqr": 1.3360780477523804,
        "mad": 0.674490749835968,
        "mad_sigma": 0.9999999857068061,
        "skewness": -0.4293319709493009,
        "kurtosis_excess": 0.43368503760810384,
        "delta_mean_median": -0.07349767913124708
      },
      "m_o": {
        "n": 329,
        "nan_frac": 0.0,
        "mean": -0.013045022855753412,
        "median": 0.0,
        "std": 1.1535237974532404,
        "iqr": 1.3749871850013733,
        "mad": 0.674490749835968,
        "mad_sigma": 0.9999999857068061,
        "skewness": 0.6085453651986502,
        "kurtosis_excess": 0.9910840477863321,
        "delta_mean_median": -0.013045022855753412
      },
      "d_n": {
        "n": 329,
        "nan_frac": 0.0,
        "mean": 0.0872202325728368,
        "median": 0.0,
        "std": 1.1231578584220288,
        "iqr": 1.3447917103767395,
        "mad": 0.674490749835968,
        "mad_sigma": 0.9999999857068061,
        "skewness": 1.1161558320247458,
        "kurtosis_excess": 2.993675659114947,
        "delta_mean_median": 0.0872202325728368
      },
      "d_l": {
        "n": 329,
        "nan_frac": 0.0,
        "mean": -0.038835556283671024,
        "median": 0.0,
        "std": 1.0859977315983111,
        "iqr": 1.3406255841255188,
        "mad": 0.674490749835968,
        "mad_sigma": 0.9999999857068061,
        "skewness": -0.18683362193201614,
        "kurtosis_excess": 0.9685963278551024,
        "delta_mean_median": -0.038835556283671024
      },
      "d_s": {
        "n": 329,
        "nan_frac": 0.0,
        "mean": 0.29783048221096964,
        "median": 0.0,
        "std": 1.2631853333064131,
        "iqr": 1.4269092082977295,
        "mad": 0.674490749835968,
        "mad_sigma": 0.9999999857068061,
        "skewness": 1.330853610703015,
        "kurtosis_excess": 2.432585730978083,
        "delta_mean_median": 0.29783048221096964
      },
      "e_e": {
        "n": 329,
        "nan_frac": 0.0,
        "mean": -0.0849392453327458,
        "median": 0.0,
        "std": 1.1881516936935108,
        "iqr": 1.3105250000953674,
        "mad": 0.6744906902313232,
        "mad_sigma": 0.9999998973369598,
        "skewness": -0.6578028611040533,
        "kurtosis_excess": 1.4372829249422736,
        "delta_mean_median": -0.0849392453327458
      },
      "e_s": {
        "n": 329,
        "nan_frac": 0.0,
        "mean": 0.04994438699089942,
        "median": 0.0,
        "std": 1.1458583950560282,
        "iqr": 1.3351536393165588,
        "mad": 0.674490749835968,
        "mad_sigma": 0.9999999857068061,
        "skewness": 0.37665340850219964,
        "kurtosis_excess": 1.264622208470036,
        "delta_mean_median": 0.04994438699089942
      },
      "e_m": {
        "n": 329,
        "nan_frac": 0.0,
        "mean": 0.3326641211178618,
        "median": 0.0,
        "std": 2.010737125568038,
        "iqr": 1.3738558888435364,
        "mad": 0.6744906902313232,
        "mad_sigma": 0.9999998973369598,
        "skewness": 1.6745146106334194,
        "kurtosis_excess": 3.0518997311919183,
        "delta_mean_median": 0.3326641211178618
      }
    }
  },
  "entropy_provisional": {},
  "geometry_contract": {
    "policy_version": "standard_invalidity_v1",
    "status": "ok",
    "primary_requires_coords_9d": true,
    "shared_time_grid": {
      "epochs_before_policy": 329,
      "epochs_retained": 329,
      "epochs_dropped": 0,
      "drop_fraction": 0.0,
      "dropped_epoch_indices_preview": [],
      "drop_reason_counts": {
        "mnps_3d_nonfinite_rows": 0,
        "coords_9d_nonfinite_rows_affecting_primary": 0
      }
    },
    "mnps_3d": {
      "finite_row_fraction_before": 1.0,
      "nonfinite_row_count": 0,
      "degenerate_axes": [],
      "all_nan_axes": []
    },
    "coords_9d": {
      "available": true,
      "shape_matches_time_grid": true,
      "finite_row_fraction_before": 1.0,
      "nonfinite_row_count": 0,
      "nonfinite_rows_retained_on_shared_grid": 0,
      "degenerate_axes": [],
      "all_nan_axes": []
    },
    "time_grid": {
      "status": "ok",
      "warnings": [],
      "window_count": 329,
      "finite_window_bounds_fraction": 1.0,
      "dt_source": "window_start",
      "dt_sec_runtime": 4.0,
      "dt_sec_config": 4.0,
      "window_sec_config": 8.0,
      "dt_matches_runtime": true,
      "dt_matches_config_formula": true,
      "window_len_matches_config": true,
      "nonpositive_dt_count": 0,
      "nonpositive_window_len_count": 0,
      "dt_intervals_sec": {
        "n": 328,
        "mean": 4.0,
        "median": 4.0,
        "iqr": 0.0,
        "p95": 4.0,
        "max": 4.0
      },
      "window_lengths_sec": {
        "n": 329,
        "mean": 8.0,
        "median": 8.0,
        "iqr": 0.0,
        "p95": 8.0,
        "max": 8.0
      }
    },