{
  "dataset_id": "ds004511:sub-S201105:ses-01_cognitive_control_run-01",
  "subject": "sub-S201105",
  "session": "ses-01",
  "reliability_axes": {
    "m": 0.7623515109158168,
    "d": 0.637267213936882,
    "e": 0.7056758785066148
  },
  "reliability_subcoords": {
    "m_a": 0.7576525307209551,
    "m_e": 0.7593929804092437,
    "m_o": 0.6373699766032188,
    "d_n": 0.7386639552515987,
    "d_l": 0.5572351515564952,
    "d_s": 0.7111941580408915,
    "e_e": 0.7497492669100104,
    "e_s": 0.566241899053291,
    "e_m": 0.6966817401951714
  }
}