{
  "dataset_id": "ds004511:sub-S201105:ses-01_cognitive_control_run-01",
  "subject": "sub-S201105",
  "session": "ses-01",
  "coverage": {
    "epochs": 267,
    "seconds": 1068.0
  },
  "artifacts": {
    "methods": [
      "ica"
    ],
    "bad_eeg_channels": [
      "Batt_0",
      "Batt_1",
      "Batt_2",
      "Batt_3",
      "C5",
      "CPP2",
      "CPP4",
      "CPP5",
      "CPP6",
      "Gnd-Ref",
      "Gnd-Ref1",
      "Gnd-Ref2",
      "Gnd-Ref3",
      "I1",
      "I2",
      "Iz",
      "OPO3",
      "OPO4",
      "P9",
      "Ref",
      "Sync",
      "TPP10",
      "TPP8"
    ],
    "n_bad_eeg_channels": 23,
    "stem_collisions": {}
  },
  "ensemble": {
    "var_by_subcoord": {
      "m_a": 0.0004277448169887066,
      "m_e": 0.0,
      "m_o": 0.0,
      "d_n": 0.0,
      "d_l": 0.0,
      "d_s": 0.0,
      "e_e": 0.0,
      "e_s": 0.0,
      "e_m": 0.0
    },
    "var_mean": 4.7527201887634066e-05,
    "var_max": 0.0004277448169887066
  },
  "reliability": {
    "axes": {
      "m": 0.7623515109158168,
      "d": 0.637267213936882,
      "e": 0.7056758785066148
    },
    "subcoords": {
      "m_a": 0.7576525307209551,
      "m_e": 0.7593929804092437,
      "m_o": 0.6373699766032188,
      "d_n": 0.7386639552515987,
      "d_l": 0.5572351515564952,
      "d_s": 0.7111941580408915,
      "e_e": 0.7497492669100104,
      "e_s": 0.566241899053291,
      "e_m": 0.6966817401951714
    }
  },
  "dist_summary": {
    "axes": {
      "m": {
        "n": 267,
        "nan_frac": 0.0,
        "mean": -0.05484503086426117,
        "median": 0.02231026254594326,
        "std": 0.7853480155502698,
        "iqr": 1.1325139105319977,
        "mad": 0.5697780791670084,
        "mad_sigma": 0.8447529801730066,
        "skewness": -0.27940566848876136,
        "kurtosis_excess": -0.6661935258862064,
        "delta_mean_median": -0.07715529341020444
      },
      "d": {
        "n": 267,
        "nan_frac": 0.0,
        "mean": 0.27354378005871655,
        "median": 0.08073607087135315,
        "std": 1.0666193264585395,
        "iqr": 1.022743359208107,
        "mad": 0.5067491233348846,
        "mad_sigma": 0.7513062502562999,
        "skewness": 1.4856649051449786,
        "kurtosis_excess": 3.0760351500406493,
        "delta_mean_median": 0.1928077091873634
      },
      "e": {
        "n": 267,
        "nan_frac": 0.0,
        "mean": 0.055689188184335214,
        "median": 0.036883387714624405,
        "std": 0.6981718464434685,
        "iqr": 0.9907957464456558,
        "mad": 0.5046257637441158,
        "mad_sigma": 0.7481581573270261,
        "skewness": -0.09562044981054132,
        "kurtosis_excess": -0.27569392630138,
        "delta_mean_median": 0.01880580046971081
      }
    },
    "subcoords": {
      "m_a": {
        "n": 267,
        "nan_frac": 0.0,
        "mean": -0.12876009334171756,
        "median": -0.03148993104696274,
        "std": 1.1001736823450903,
        "iqr": 1.3876407742500305,
        "mad": 0.7090912833809853,
        "mad_sigma": 1.0512987367406488,
        "skewness": -0.4896625586671137,
        "kurtosis_excess": -0.17564876224598658,
        "delta_mean_median": -0.09727016229475483
      },
      "m_e": {
        "n": 267,
        "nan_frac": 0.0,
        "mean": -0.08961329428820909,
        "median": 0.0,
        "std": 0.9379942149695976,
        "iqr": 1.3897857367992401,
        "mad": 0.674490749835968,
        "mad_sigma": 0.9999999857068061,
        "skewness": -0.41955458009307767,
        "kurtosis_excess": -0.47158980678361084,
        "delta_mean_median": -0.08961329428820909
      },
      "m_o": {
        "n": 267,
        "nan_frac": 0.0,
        "mean": 0.08948805209681783,
        "median": 0.0,
        "std": 0.8727554856051718,
        "iqr": 1.3733718693256378,
        "mad": 0.674490749835968,
        "mad_sigma": 0.9999999857068061,
        "skewness": 0.45695487778185473,
        "kurtosis_excess": -0.3798445138023805,
        "delta_mean_median": 0.08948805209681783
      },
      "d_n": {
        "n": 267,
        "nan_frac": 0.0,
        "mean": 0.5844870272096009,
        "median": 0.0,
        "std": 1.834471847651063,
        "iqr": 1.7340923845767975,
        "mad": 0.674490749835968,
        "mad_sigma": 0.9999999857068061,
        "skewness": 1.5988890399224038,
        "kurtosis_excess": 2.1164798397719613,
        "delta_mean_median": 0.5844870272096009
      },
      "d_l": {
        "n": 267,
        "nan_frac": 0.0,
        "mean": 0.08143559704213804,
        "median": 0.0,
        "std": 1.2929493186798426,
        "iqr": 1.3842151463031769,
        "mad": 0.674490749835968,
        "mad_sigma": 0.9999999857068061,
        "skewness": 0.6083122632316484,
        "kurtosis_excess": 1.3462152989768796,
        "delta_mean_median": 0.08143559704213804
      },
      "d_s": {
        "n": 267,
        "nan_frac": 0.0,
        "mean": 0.28089048341963063,
        "median": 0.0,
        "std": 1.1953530959522598,
        "iqr": 1.4211317002773285,
        "mad": 0.674490749835968,
        "mad_sigma": 0.9999999857068061,
        "skewness": 1.2982545544128088,
        "kurtosis_excess": 2.0283020747729337,
        "delta_mean_median": 0.28089048341963063
      },
      "e_e": {
        "n": 267,
        "nan_frac": 0.0,
        "mean": 0.04136050215700802,
        "median": 0.0,
        "std": 0.9421534456849247,
        "iqr": 1.3238404095172882,
        "mad": 0.674490749835968,
        "mad_sigma": 0.9999999857068061,
        "skewness": 0.044476523468712094,
        "kurtosis_excess": -0.5257766105505413,
        "delta_mean_median": 0.04136050215700802
      },
      "e_s": {
        "n": 267,
        "nan_frac": 0.0,
        "mean": 0.07472242357223277,
        "median": 0.0,
        "std": 1.1861282276897203,
        "iqr": 1.3339921832084656,
        "mad": 0.674490749835968,
        "mad_sigma": 0.9999999857068061,
        "skewness": 0.3847233365808619,
        "kurtosis_excess": 0.6691602846806393,
        "delta_mean_median": 0.07472242357223277
      },
      "e_m": {
        "n": 267,
        "nan_frac": 0.0,
        "mean": 0.06831528044267372,
        "median": 0.0,
        "std": 0.98201174313299,
        "iqr": 1.3276635110378265,
        "mad": 0.674490749835968,
        "mad_sigma": 0.9999999857068061,
        "skewness": 0.10760999850063467,
        "kurtosis_excess": -0.14618298940186758,
        "delta_mean_median": 0.06831528044267372
      }
    }
  },
  "entropy_provisional": {},
  "geometry_contract": {
    "policy_version": "standard_invalidity_v1",
    "status": "ok",
    "primary_requires_coords_9d": true,
    "shared_time_grid": {
      "epochs_before_policy": 267,
      "epochs_retained": 267,
      "epochs_dropped": 0,
      "drop_fraction": 0.0,
      "dropped_epoch_indices_preview": [],
      "drop_reason_counts": {
        "mnps_3d_nonfinite_rows": 0,
        "coords_9d_nonfinite_rows_affecting_primary": 0
      }
    },
    "mnps_3d": {
      "finite_row_fraction_before": 1.0,
      "nonfinite_row_count": 0,
      "degenerate_axes": [],
      "all_nan_axes": []
    },
    "coords_9d": {
      "available": true,
      "shape_matches_time_grid": true,
      "finite_row_fraction_before": 1.0,
      "nonfinite_row_count": 0,
      "nonfinite_rows_retained_on_shared_grid": 0,
      "degenerate_axes": [],
      "all_nan_axes": []
    },
    "time_grid": {
      "status": "ok",
      "warnings": [],
      "window_count": 267,
      "finite_window_bounds_fraction": 1.0,
      "dt_source": "window_start",
      "dt_sec_runtime": 4.0,
      "dt_sec_config": 4.0,
      "window_sec_config": 8.0,
      "dt_matches_runtime": true,
      "dt_matches_config_formula": true,
      "window_len_matches_config": true,
      "nonpositive_dt_count": 0,
      "nonpositive_window_len_count": 0,
      "dt_intervals_sec": {
        "n": 266,
        "mean": 4.0,
        "median": 4.0,
        "iqr": 0.0,
        "p95": 4.0,
        "max": 4.0
      },