{
  "dataset_id": "ds004511:sub-S200221:ses-01_cognitive_control_run-01",
  "subject": "sub-S200221",
  "session": "ses-01",
  "reliability_axes": {
    "m": 0.7751986833196716,
    "d": 0.7020148633849328,
    "e": 0.6766599427153094
  },
  "reliability_subcoords": {
    "m_a": 0.7979054866929788,
    "m_e": 0.7800491473543791,
    "m_o": 0.7417232627385172,
    "d_n": 0.7965311461488249,
    "d_l": 0.6212800888844938,
    "d_s": 0.580806908511378,
    "e_e": 0.7985400267416508,
    "e_s": 0.5420635073007957,
    "e_m": 0.7909121191234755
  }
}