{
  "dataset_id": "ds004511:sub-S200221:ses-01_cognitive_control_run-01",
  "subject": "sub-S200221",
  "session": "ses-01",
  "coverage": {
    "epochs": 266,
    "seconds": 1064.0
  },
  "artifacts": {
    "methods": [
      "ica"
    ],
    "bad_eeg_channels": [
      "Batt_0",
      "Batt_1",
      "Batt_2",
      "Batt_3",
      "Gnd-Ref",
      "Gnd-Ref1",
      "Gnd-Ref2",
      "Gnd-Ref3",
      "Ref",
      "Sync"
    ],
    "n_bad_eeg_channels": 10,
    "stem_collisions": {}
  },
  "ensemble": {
    "var_by_subcoord": {
      "m_a": 0.003340262221172452,
      "m_e": 4.5634747066272685e-15,
      "m_o": 5.514401327059992e-15,
      "d_n": 0.0,
      "d_l": 1.0619048094193465e-13,
      "d_s": 8.790014953429827e-15,
      "e_e": 4.039635379676776e-13,
      "e_s": 6.627230502657261e-14,
      "e_m": 0.0
    },
    "var_mean": 0.00037114024686308293,
    "var_max": 0.003340262221172452
  },
  "reliability": {
    "axes": {
      "m": 0.7751986833196716,
      "d": 0.7020148633849328,
      "e": 0.6766599427153094
    },
    "subcoords": {
      "m_a": 0.7979054866929788,
      "m_e": 0.7800491473543791,
      "m_o": 0.7417232627385172,
      "d_n": 0.7965311461488249,
      "d_l": 0.6212800888844938,
      "d_s": 0.580806908511378,
      "e_e": 0.7985400267416508,
      "e_s": 0.5420635073007957,
      "e_m": 0.7909121191234755
    }
  },
  "dist_summary": {
    "axes": {
      "m": {
        "n": 266,
        "nan_frac": 0.0,
        "mean": 0.12362050549897428,
        "median": 0.08943631872534752,
        "std": 0.6662419450952058,
        "iqr": 1.085419900715351,
        "mad": 0.5273072384297848,
        "mad_sigma": 0.7817857116959989,
        "skewness": 0.3063820137643392,
        "kurtosis_excess": -0.5277172696775803,
        "delta_mean_median": 0.034184186773626765
      },
      "d": {
        "n": 266,
        "nan_frac": 0.0,
        "mean": 0.041049717841459846,
        "median": -0.03968130797147751,
        "std": 0.7678241647504888,
        "iqr": 0.9259585812687874,
        "mad": 0.48172226548194885,
        "mad_sigma": 0.7142014308035374,
        "skewness": -0.013904778566286313,
        "kurtosis_excess": 0.8175824136717269,
        "delta_mean_median": 0.08073102581293735
      },
      "e": {
        "n": 266,
        "nan_frac": 0.0,
        "mean": 0.16299017292096282,
        "median": 0.0686490423977375,
        "std": 0.8271387351813374,
        "iqr": 1.0711926221847534,
        "mad": 0.5328324250876904,
        "mad_sigma": 0.7899773534350096,
        "skewness": 0.599763542248824,
        "kurtosis_excess": 0.4645902168704428,
        "delta_mean_median": 0.09434113052322532
      }
    },
    "subcoords": {
      "m_a": {
        "n": 266,
        "nan_frac": 0.0,
        "mean": 0.07934539383137248,
        "median": -0.015595514327287674,
        "std": 1.0423495180166384,
        "iqr": 1.1939420998096466,
        "mad": 0.5841661989688873,
        "mad_sigma": 0.8660848065912723,
        "skewness": 0.030342415946977223,
        "kurtosis_excess": -0.386734328390935,
        "delta_mean_median": 0.09494090815866016
      },
      "m_e": {
        "n": 266,
        "nan_frac": 0.0,
        "mean": 0.05090772022871315,
        "median": 0.0,
        "std": 0.8957300240359545,
        "iqr": 1.3313952684402466,
        "mad": 0.6744907796382904,
        "mad_sigma": 1.0000000298917293,
        "skewness": 0.14655563981975303,
        "kurtosis_excess": -0.5556512152539965,
        "delta_mean_median": 0.05090772022871315
      },
      "m_o": {
        "n": 266,
        "nan_frac": 0.0,
        "mean": 0.27349297638480985,
        "median": -8.443021215498447e-08,
        "std": 1.1775838286604003,
        "iqr": 1.3438538312911987,
        "mad": 0.6744906952080783,
        "mad_sigma": 0.9999999047154967,
        "skewness": 1.53886573038618,
        "kurtosis_excess": 3.6469796176073537,
        "delta_mean_median": 0.273493060815022
      },
      "d_n": {
        "n": 266,
        "nan_frac": 0.0,
        "mean": 0.12713793573438897,
        "median": 9.452924132347107e-08,
        "std": 1.102432490282279,
        "iqr": 1.3603088706731796,
        "mad": 0.6744906851090491,
        "mad_sigma": 0.9999998897426761,
        "skewness": 0.5585033655186605,
        "kurtosis_excess": 0.14376423568797803,
        "delta_mean_median": 0.12713784120514765
      },
      "d_l": {
        "n": 266,
        "nan_frac": 0.0,
        "mean": -0.062305726114436424,
        "median": -4.414469003677368e-07,
        "std": 1.1786952177384924,
        "iqr": 1.3366939574480057,
        "mad": 0.674490749835968,
        "mad_sigma": 0.9999999857068061,
        "skewness": -1.07088484989924,
        "kurtosis_excess": 2.7202141728717333,
        "delta_mean_median": -0.06230528466753606
      },
      "d_s": {
        "n": 266,
        "nan_frac": 0.0,
        "mean": 0.19000454805091135,
        "median": -9.546056389808655e-08,
        "std": 1.19963466584876,
        "iqr": 1.367610216140747,
        "mad": 0.674490749835968,
        "mad_sigma": 0.9999999857068061,
        "skewness": 1.395775580270253,
        "kurtosis_excess": 2.923528651651824,
        "delta_mean_median": 0.19000464351147525
      },
      "e_e": {
        "n": 266,
        "nan_frac": 0.0,
        "mean": 0.12660327264198795,
        "median": 0.0,
        "std": 0.990313910264867,
        "iqr": 1.3238768428564072,
        "mad": 0.6744907200336456,
        "mad_sigma": 0.999999941521883,
        "skewness": 0.38654214884716104,
        "kurtosis_excess": -0.39763843546797606,
        "delta_mean_median": 0.12660327264198795
      },
      "e_s": {
        "n": 266,
        "nan_frac": 0.0,
        "mean": 0.2081279136210722,
        "median": 5.717156454920769e-07,
        "std": 1.410080461071328,
        "iqr": 1.3456591814756393,
        "mad": 0.6744907796382904,
        "mad_sigma": 1.0000000298917293,
        "skewness": 2.0942307389268593,
        "kurtosis_excess": 6.226584214709005,
        "delta_mean_median": 0.2081273419054267
      },
      "e_m": {
        "n": 266,
        "nan_frac": 0.0,
        "mean": 0.2611061536594945,
        "median": 0.0,
        "std": 1.3261673986320468,
        "iqr": 1.440230831503868,
        "mad": 0.674490749835968,
        "mad_sigma": 0.9999999857068061,
        "skewness": 1.7348015014390246,
        "kurtosis_excess": 4.240287039332146,
        "delta_mean_median": 0.2611061536594945
      }
    }
  },
  "entropy_provisional": {},
  "geometry_contract": {
    "policy_version": "standard_invalidity_v1",
    "status": "ok",
    "primary_requires_coords_9d": true,
    "shared_time_grid": {
      "epochs_before_policy": 266,
      "epochs_retained": 266,
      "epochs_dropped": 0,
      "drop_fraction": 0.0,
      "dropped_epoch_indices_preview": [],
      "drop_reason_counts": {
        "mnps_3d_nonfinite_rows": 0,
        "coords_9d_nonfinite_rows_affecting_primary": 0
      }
    },
    "mnps_3d": {
      "finite_row_fraction_before": 1.0,
      "nonfinite_row_count": 0,
      "degenerate_axes": [],
      "all_nan_axes": []
    },
    "coords_9d": {
      "available": true,
      "shape_matches_time_grid": true,
      "finite_row_fraction_before": 1.0,
      "nonfinite_row_count": 0,
      "nonfinite_rows_retained_on_shared_grid": 0,
      "degenerate_axes": [],
      "all_nan_axes": []
    },
    "time_grid": {
      "status": "ok",
      "warnings": [],
      "window_count": 266,
      "finite_window_bounds_fraction": 1.0,
      "dt_source": "window_start",
      "dt_sec_runtime": 4.0,
      "dt_sec_config": 4.0,
      "window_sec_config": 8.0,
      "dt_matches_runtime": true,
      "dt_matches_config_formula": true,
      "window_len_matches_config": true,
      "nonpositive_dt_count": 0,
      "nonpositive_window_len_count": 0,
      "dt_intervals_sec": {
        "n": 265,
        "mean": 4.0,
        "median": 4.0,
        "iqr": 0.0,
        "p95": 4.0,