{
  "dataset_id": "ds004511:sub-S200313:ses-01_cognitive_control_run-01",
  "subject": "sub-S200313",
  "session": "ses-01",
  "reliability_axes": {
    "m": 0.7098751040579138,
    "d": 0.7686174183917827,
    "e": 0.7822145087005712
  },
  "reliability_subcoords": {
    "m_a": 0.787582812914288,
    "m_e": 0.7794415060970532,
    "m_o": 0.5082243652682036,
    "d_n": 0.909173459391468,
    "d_l": 0.7661820515446549,
    "d_s": 0.49525971223138854,
    "e_e": 0.8565889041346515,
    "e_s": 0.7678570292700388,
    "e_m": 0.5808387306814018
  }
}