{
  "dataset_id": "ds004511:sub-S200313:ses-01_cognitive_control_run-01",
  "subject": "sub-S200313",
  "session": "ses-01",
  "coverage": {
    "epochs": 246,
    "seconds": 984.0
  },
  "artifacts": {
    "methods": [
      "ica"
    ],
    "bad_eeg_channels": [
      "Batt_0",
      "Batt_1",
      "Batt_2",
      "Batt_3",
      "Gnd-Ref",
      "Gnd-Ref1",
      "Gnd-Ref2",
      "Gnd-Ref3",
      "Ref",
      "Sync"
    ],
    "n_bad_eeg_channels": 10,
    "stem_collisions": {}
  },
  "ensemble": {
    "var_by_subcoord": {
      "m_a": 0.0005627384525723755,
      "m_e": 6.655249674926075e-15,
      "m_o": 6.8349553379826004e-15,
      "d_n": 2.4220797012453575e-15,
      "d_l": 0.0,
      "d_s": 3.84796480025788e-15,
      "e_e": 1.5218488361862237e-12,
      "e_s": 7.242703615670254e-14,
      "e_m": 0.0
    },
    "var_mean": 6.25264949096013e-05,
    "var_max": 0.0005627384525723755
  },
  "reliability": {
    "axes": {
      "m": 0.7098751040579138,
      "d": 0.7686174183917827,
      "e": 0.7822145087005712
    },
    "subcoords": {
      "m_a": 0.787582812914288,
      "m_e": 0.7794415060970532,
      "m_o": 0.5082243652682036,
      "d_n": 0.909173459391468,
      "d_l": 0.7661820515446549,
      "d_s": 0.49525971223138854,
      "e_e": 0.8565889041346515,
      "e_s": 0.7678570292700388,
      "e_m": 0.5808387306814018
    }
  },
  "dist_summary": {
    "axes": {
      "m": {
        "n": 246,
        "nan_frac": 0.0,
        "mean": 0.056948994392362555,
        "median": 0.039306627586483955,
        "std": 0.7290352843215293,
        "iqr": 0.9642263203859329,
        "mad": 0.48420023918151855,
        "mad_sigma": 0.7178752746105194,
        "skewness": 0.020980908126387438,
        "kurtosis_excess": 0.0850057619150939,
        "delta_mean_median": 0.0176423668058786
      },
      "d": {
        "n": 246,
        "nan_frac": 0.0,
        "mean": -0.02275856017477941,
        "median": 0.07549410685896873,
        "std": 0.6887353477061094,
        "iqr": 0.8520026728510857,
        "mad": 0.42481884732842445,
        "mad_sigma": 0.629836423049122,
        "skewness": -0.9656271485159902,
        "kurtosis_excess": 1.7394670309605536,
        "delta_mean_median": -0.09825266703374815
      },
      "e": {
        "n": 246,
        "nan_frac": 0.0,
        "mean": 0.0783023210533429,
        "median": 0.033934859558939934,
        "std": 0.6943223155149199,
        "iqr": 0.6462245881557465,
        "mad": 0.3263692129403353,
        "mad_sigma": 0.48387499510534104,
        "skewness": 1.1435171380487563,
        "kurtosis_excess": 3.32126461942571,
        "delta_mean_median": 0.04436746149440296
      }
    },
    "subcoords": {
      "m_a": {
        "n": 246,
        "nan_frac": 0.0,
        "mean": 0.031681826807619114,
        "median": -0.04969578608870506,
        "std": 0.826042819116483,
        "iqr": 1.3013160973787308,
        "mad": 0.6761231981217861,
        "mad_sigma": 1.0024202535353601,
        "skewness": -0.26205950403052064,
        "kurtosis_excess": -0.6216574745206023,
        "delta_mean_median": 0.08137761289632417
      },
      "m_e": {
        "n": 246,
        "nan_frac": 0.0,
        "mean": 0.030321129022272138,
        "median": 0.0,
        "std": 0.8887783048834476,
        "iqr": 1.333300769329071,
        "mad": 0.6744907200336456,
        "mad_sigma": 0.999999941521883,
        "skewness": -0.04082041206941563,
        "kurtosis_excess": -0.4508540121712956,
        "delta_mean_median": 0.030321129022272138
      },
      "m_o": {
        "n": 246,
        "nan_frac": 0.0,
        "mean": 0.12430671350349014,
        "median": 0.0,
        "std": 1.230896531222728,
        "iqr": 1.3538248986005783,
        "mad": 0.674490749835968,
        "mad_sigma": 0.9999999857068061,
        "skewness": 1.0621058118189035,
        "kurtosis_excess": 2.458896708305126,
        "delta_mean_median": 0.12430671350349014
      },
      "d_n": {
        "n": 246,
        "nan_frac": 0.0,
        "mean": 0.044923837610891436,
        "median": -2.062879502773285e-07,
        "std": 0.8405801708204439,
        "iqr": 1.322530910372734,
        "mad": 0.6744907200336456,
        "mad_sigma": 0.999999941521883,
        "skewness": 0.539728878552641,
        "kurtosis_excess": -0.033566411978913635,
        "delta_mean_median": 0.04492404389884171
      },
      "d_l": {
        "n": 246,
        "nan_frac": 0.0,
        "mean": -0.1591014655758163,
        "median": -4.464964149519801e-07,
        "std": 1.2410838423192936,
        "iqr": 1.3175000250339508,
        "mad": 0.674490749835968,
        "mad_sigma": 0.9999999857068061,
        "skewness": -1.1181860775060954,
        "kurtosis_excess": 1.8651588306491025,
        "delta_mean_median": -0.15910101907940136
      },
      "d_s": {
        "n": 246,
        "nan_frac": 0.0,
        "mean": 0.25566992605752425,
        "median": -1.4633405953645706e-07,
        "std": 1.2656356496914811,
        "iqr": 1.4208359569311142,
        "mad": 0.674490749835968,
        "mad_sigma": 0.9999999857068061,
        "skewness": 0.9823327639685995,
        "kurtosis_excess": 1.2654030080693683,
        "delta_mean_median": 0.2556700723915838
      },
      "e_e": {
        "n": 246,
        "nan_frac": 0.0,
        "mean": -0.12502703583057273,
        "median": 0.0,
        "std": 0.9647097637097415,
        "iqr": 1.3031333088874817,
        "mad": 0.6744906902313232,
        "mad_sigma": 0.9999998973369598,
        "skewness": -0.46560516491898746,
        "kurtosis_excess": -0.3357890063290214,
        "delta_mean_median": -0.12502703583057273
      },
      "e_s": {
        "n": 246,
        "nan_frac": 0.0,
        "mean": 0.35900141121592466,
        "median": 0.0,
        "std": 1.633940115479491,
        "iqr": 1.4345253705978394,
        "mad": 0.674490749835968,
        "mad_sigma": 0.9999999857068061,
        "skewness": 1.7868250327814508,
        "kurtosis_excess": 3.5361016333829394,
        "delta_mean_median": 0.35900141121592466
      },
      "e_m": {
        "n": 246,
        "nan_frac": 0.0,
        "mean": 0.03818641779603573,
        "median": 0.0,
        "std": 1.0698095864648367,
        "iqr": 1.3367464542388916,
        "mad": 0.674490749835968,
        "mad_sigma": 0.9999999857068061,
        "skewness": 0.19549925158330997,
        "kurtosis_excess": 0.5715359885079625,
        "delta_mean_median": 0.03818641779603573
      }
    }
  },
  "entropy_provisional": {},
  "geometry_contract": {
    "policy_version": "standard_invalidity_v1",
    "status": "ok",
    "primary_requires_coords_9d": true,
    "shared_time_grid": {
      "epochs_before_policy": 246,
      "epochs_retained": 246,
      "epochs_dropped": 0,
      "drop_fraction": 0.0,
      "dropped_epoch_indices_preview": [],
      "drop_reason_counts": {
        "mnps_3d_nonfinite_rows": 0,
        "coords_9d_nonfinite_rows_affecting_primary": 0
      }
    },
    "mnps_3d": {
      "finite_row_fraction_before": 1.0,
      "nonfinite_row_count": 0,
      "degenerate_axes": [],
      "all_nan_axes": []
    },
    "coords_9d": {
      "available": true,
      "shape_matches_time_grid": true,
      "finite_row_fraction_before": 1.0,
      "nonfinite_row_count": 0,
      "nonfinite_rows_retained_on_shared_grid": 0,
      "degenerate_axes": [],
      "all_nan_axes": []
    },
    "time_grid": {
      "status": "ok",
      "warnings": [],
      "window_count": 246,
      "finite_window_bounds_fraction": 1.0,
      "dt_source": "window_start",
      "dt_sec_runtime": 4.0,
      "dt_sec_config": 4.0,
      "window_sec_config": 8.0,
      "dt_matches_runtime": true,
      "dt_matches_config_formula": true,
      "window_len_matches_config": true,
      "nonpositive_dt_count": 0,
      "nonpositive_window_len_count": 0,
      "dt_intervals_sec": {
        "n": 245,
        "mean": 4.0,
        "median": 4.0,
        "iqr": 0.0,
        "p95": 4.0,
        "max": 4.0
      },