{
  "dataset_id": "ds004511:sub-S201223:ses-01_cognitive_control_run-01",
  "subject": "sub-S201223",
  "session": "ses-01",
  "reliability_axes": {
    "m": 0.7782459602018479,
    "d": 0.6200258237294028,
    "e": 0.6858270317081793
  },
  "reliability_subcoords": {
    "m_a": 0.8489127637408622,
    "m_e": 0.7434393538546733,
    "m_o": 0.681741755908933,
    "d_n": 0.6835101071325366,
    "d_l": 0.7162003005411406,
    "d_s": 0.5857891838734545,
    "e_e": 0.5819986591429461,
    "e_s": 0.7209070383938789,
    "e_m": 0.5376159566752767
  }
}