{
  "dataset_id": "ds004511:sub-S201223:ses-01_cognitive_control_run-01",
  "subject": "sub-S201223",
  "session": "ses-01",
  "coverage": {
    "epochs": 259,
    "seconds": 1036.0
  },
  "artifacts": {
    "methods": [
      "ica"
    ],
    "bad_eeg_channels": [
      "Batt_0",
      "Batt_1",
      "Batt_2",
      "Batt_3",
      "Gnd-Ref",
      "Gnd-Ref1",
      "Gnd-Ref2",
      "Gnd-Ref3",
      "Ref",
      "Sync"
    ],
    "n_bad_eeg_channels": 10,
    "stem_collisions": {}
  },
  "ensemble": {
    "var_by_subcoord": {
      "m_a": 0.0001587148872204125,
      "m_e": 0.0,
      "m_o": 0.0,
      "d_n": 0.0,
      "d_l": 0.0,
      "d_s": 0.0,
      "e_e": 0.0,
      "e_s": 0.0,
      "e_m": 0.0
    },
    "var_mean": 1.763498746893472e-05,
    "var_max": 0.0001587148872204125
  },
  "reliability": {
    "axes": {
      "m": 0.7782459602018479,
      "d": 0.6200258237294028,
      "e": 0.6858270317081793
    },
    "subcoords": {
      "m_a": 0.8489127637408622,
      "m_e": 0.7434393538546733,
      "m_o": 0.681741755908933,
      "d_n": 0.6835101071325366,
      "d_l": 0.7162003005411406,
      "d_s": 0.5857891838734545,
      "e_e": 0.5819986591429461,
      "e_s": 0.7209070383938789,
      "e_m": 0.5376159566752767
    }
  },
  "dist_summary": {
    "axes": {
      "m": {
        "n": 259,
        "nan_frac": 0.0,
        "mean": -0.03428856037830409,
        "median": 0.015622823499143124,
        "std": 0.847576842159869,
        "iqr": 1.120675504207611,
        "mad": 0.5551015427336097,
        "mad_sigma": 0.8229935472568497,
        "skewness": -0.422310642085031,
        "kurtosis_excess": 0.2773354251732223,
        "delta_mean_median": -0.049911383877447216
      },
      "d": {
        "n": 259,
        "nan_frac": 0.0,
        "mean": 0.046237611600187065,
        "median": 0.04133213683962822,
        "std": 0.6615220508003955,
        "iqr": 0.5969086289405823,
        "mad": 0.2892145998775959,
        "mad_sigma": 0.4287895657785237,
        "skewness": 0.1783745613194629,
        "kurtosis_excess": 3.2157618808836137,
        "delta_mean_median": 0.004905474760558845
      },
      "e": {
        "n": 259,
        "nan_frac": 0.0,
        "mean": 0.10678721959583558,
        "median": 0.040074292570352554,
        "std": 0.8385665057349282,
        "iqr": 0.8244815468788147,
        "mad": 0.4274958707392216,
        "mad_sigma": 0.6338053779579699,
        "skewness": 1.3571650046428374,
        "kurtosis_excess": 3.555667124806889,
        "delta_mean_median": 0.06671292702548302
      }
    },
    "subcoords": {
      "m_a": {
        "n": 259,
        "nan_frac": 0.0,
        "mean": -0.2552056744709093,
        "median": -0.055119629949331284,
        "std": 1.4650966905057503,
        "iqr": 1.2765503227710724,
        "mad": 0.6500489078462124,
        "mad_sigma": 0.9637625107727944,
        "skewness": -1.9166602333326965,
        "kurtosis_excess": 4.585982874517486,
        "delta_mean_median": -0.20008604452157802
      },
      "m_e": {
        "n": 259,
        "nan_frac": 0.0,
        "mean": -0.003143223489789314,
        "median": 0.0,
        "std": 0.9002682050020371,
        "iqr": 1.3072745501995087,
        "mad": 0.674490749835968,
        "mad_sigma": 0.9999999857068061,
        "skewness": -0.30442592104751537,
        "kurtosis_excess": -0.5462391546968477,
        "delta_mean_median": -0.003143223489789314
      },
      "m_o": {
        "n": 259,
        "nan_frac": 0.0,
        "mean": 0.23201961626620554,
        "median": 0.0,
        "std": 0.9410829279366624,
        "iqr": 1.4789591431617737,
        "mad": 0.674490749835968,
        "mad_sigma": 0.9999999857068061,
        "skewness": 0.7467261136199671,
        "kurtosis_excess": -0.3633553781476939,
        "delta_mean_median": 0.23201961626620554
      },
      "d_n": {
        "n": 259,
        "nan_frac": 0.0,
        "mean": 0.274885807137428,
        "median": 0.0,
        "std": 1.4469018281550021,
        "iqr": 1.3335319757461548,
        "mad": 0.674490749835968,
        "mad_sigma": 0.9999999857068061,
        "skewness": 1.6844773627027743,
        "kurtosis_excess": 3.4609769102109817,
        "delta_mean_median": 0.274885807137428
      },
      "d_l": {
        "n": 259,
        "nan_frac": 0.0,
        "mean": -0.2019725889334964,
        "median": 0.0,
        "std": 1.2387938636232216,
        "iqr": 1.3423299193382263,
        "mad": 0.674490749835968,
        "mad_sigma": 0.9999999857068061,
        "skewness": -1.1932516991395294,
        "kurtosis_excess": 3.9330081282181233,
        "delta_mean_median": -0.2019725889334964
      },
      "d_s": {
        "n": 259,
        "nan_frac": 0.0,
        "mean": 0.36483854878672245,
        "median": 0.0,
        "std": 1.2417003079970448,
        "iqr": 1.5109616816043854,
        "mad": 0.674490749835968,
        "mad_sigma": 0.9999999857068061,
        "skewness": 1.4592344701350237,
        "kurtosis_excess": 2.196098324942226,
        "delta_mean_median": 0.36483854878672245
      },
      "e_e": {
        "n": 259,
        "nan_frac": 0.0,
        "mean": -0.06907625465103673,
        "median": 0.0,
        "std": 1.0666798138865696,
        "iqr": 1.2777850925922394,
        "mad": 0.6744906902313232,
        "mad_sigma": 0.9999998973369598,
        "skewness": -0.6222137529524996,
        "kurtosis_excess": 0.5349745963543788,
        "delta_mean_median": -0.06907625465103673
      },
      "e_s": {
        "n": 259,
        "nan_frac": 0.0,
        "mean": 0.3490328038449338,
        "median": 0.0,
        "std": 1.5998798150683107,
        "iqr": 1.4212241172790527,
        "mad": 0.674490749835968,
        "mad_sigma": 0.9999999857068061,
        "skewness": 1.8832318196387985,
        "kurtosis_excess": 4.321284796256037,
        "delta_mean_median": 0.3490328038449338
      },
      "e_m": {
        "n": 259,
        "nan_frac": 0.0,
        "mean": 0.08317732079040878,
        "median": 0.0,
        "std": 0.9846005455219169,
        "iqr": 1.343721628189087,
        "mad": 0.6744905710220337,
        "mad_sigma": 0.999999720597267,
        "skewness": 0.8339261741860837,
        "kurtosis_excess": 1.7414779743633568,
        "delta_mean_median": 0.08317732079040878
      }
    }
  },
  "entropy_provisional": {},
  "geometry_contract": {
    "policy_version": "standard_invalidity_v1",
    "status": "ok",
    "primary_requires_coords_9d": true,
    "shared_time_grid": {
      "epochs_before_policy": 259,
      "epochs_retained": 259,
      "epochs_dropped": 0,
      "drop_fraction": 0.0,
      "dropped_epoch_indices_preview": [],
      "drop_reason_counts": {
        "mnps_3d_nonfinite_rows": 0,
        "coords_9d_nonfinite_rows_affecting_primary": 0
      }
    },
    "mnps_3d": {
      "finite_row_fraction_before": 1.0,
      "nonfinite_row_count": 0,
      "degenerate_axes": [],
      "all_nan_axes": []
    },
    "coords_9d": {
      "available": true,
      "shape_matches_time_grid": true,
      "finite_row_fraction_before": 1.0,
      "nonfinite_row_count": 0,
      "nonfinite_rows_retained_on_shared_grid": 0,
      "degenerate_axes": [],
      "all_nan_axes": []
    },
    "time_grid": {
      "status": "ok",
      "warnings": [],
      "window_count": 259,
      "finite_window_bounds_fraction": 1.0,
      "dt_source": "window_start",
      "dt_sec_runtime": 4.0,
      "dt_sec_config": 4.0,
      "window_sec_config": 8.0,
      "dt_matches_runtime": true,
      "dt_matches_config_formula": true,
      "window_len_matches_config": true,
      "nonpositive_dt_count": 0,
      "nonpositive_window_len_count": 0,
      "dt_intervals_sec": {
        "n": 258,
        "mean": 4.0,
        "median": 4.0,
        "iqr": 0.0,
        "p95": 4.0,
        "max": 4.0
      },
      "window_lengths_sec": {
        "n": 259,
        "mean": 8.0,
        "median": 8.0,
        "iqr": 0.0,
        "p95": 8.0,
        "max": 8.0
      }
    },