{
  "dataset_id": "ds004511:sub-S201118:ses-01_cognitive_control_run-01",
  "subject": "sub-S201118",
  "session": "ses-01",
  "reliability_axes": {
    "m": 0.6883354092171754,
    "d": 0.6693719148405959,
    "e": 0.6281264192931915
  },
  "reliability_subcoords": {
    "m_a": 0.7826701828166676,
    "m_e": 0.6880891648204857,
    "m_o": 0.5036993515866638,
    "d_n": 0.8044117455326235,
    "d_l": 0.7185565949696204,
    "d_s": 0.4445515350031813,
    "e_e": 0.7712014699214427,
    "e_s": 0.646214030055586,
    "e_m": 0.3965828089590378
  }
}