{
  "dataset_id": "ds004511:sub-S201118:ses-01_cognitive_control_run-01",
  "subject": "sub-S201118",
  "session": "ses-01",
  "coverage": {
    "epochs": 264,
    "seconds": 1056.0
  },
  "artifacts": {
    "methods": [
      "ica"
    ],
    "bad_eeg_channels": [
      "Batt_0",
      "Batt_1",
      "Batt_2",
      "Batt_3",
      "Gnd-Ref",
      "Gnd-Ref1",
      "Gnd-Ref2",
      "Gnd-Ref3",
      "Ref",
      "Sync"
    ],
    "n_bad_eeg_channels": 10,
    "stem_collisions": {}
  },
  "ensemble": {
    "var_by_subcoord": {
      "m_a": 0.0004373770207166672,
      "m_e": 1.3467417285528693e-15,
      "m_o": 3.173295646231541e-15,
      "d_n": 5.763124505208219e-15,
      "d_l": 1.0687020794144728e-13,
      "d_s": 5.214155252312655e-15,
      "e_e": 1.756204123098959e-12,
      "e_s": 1.476875262709787e-13,
      "e_m": 0.0
    },
    "var_mean": 4.8597446971436265e-05,
    "var_max": 0.0004373770207166672
  },
  "reliability": {
    "axes": {
      "m": 0.6883354092171754,
      "d": 0.6693719148405959,
      "e": 0.6281264192931915
    },
    "subcoords": {
      "m_a": 0.7826701828166676,
      "m_e": 0.6880891648204857,
      "m_o": 0.5036993515866638,
      "d_n": 0.8044117455326235,
      "d_l": 0.7185565949696204,
      "d_s": 0.4445515350031813,
      "e_e": 0.7712014699214427,
      "e_s": 0.646214030055586,
      "e_m": 0.3965828089590378
    }
  },
  "dist_summary": {
    "axes": {
      "m": {
        "n": 264,
        "nan_frac": 0.0,
        "mean": -0.2355897816040934,
        "median": 0.009141081012785435,
        "std": 1.1538242562653718,
        "iqr": 0.9814083203673363,
        "mad": 0.4701704001054168,
        "mad_sigma": 0.6970746351962909,
        "skewness": -2.194573891242186,
        "kurtosis_excess": 6.677740776065637,
        "delta_mean_median": -0.24473086261687885
      },
      "d": {
        "n": 264,
        "nan_frac": 0.0,
        "mean": -0.045872989916736544,
        "median": 0.029034849256277084,
        "std": 0.7159599317319479,
        "iqr": 0.8143203109502792,
        "mad": 0.41135914623737335,
        "mad_sigma": 0.6098810702115297,
        "skewness": -0.47145999016246315,
        "kurtosis_excess": 2.5118985802077844,
        "delta_mean_median": -0.07490783917301364
      },
      "e": {
        "n": 264,
        "nan_frac": 0.0,
        "mean": 0.14425857524106228,
        "median": 0.09546992927789688,
        "std": 0.7630872789318541,
        "iqr": 0.7395841926336288,
        "mad": 0.37633606791496277,
        "mad_sigma": 0.5579558542907238,
        "skewness": 0.3028583360924754,
        "kurtosis_excess": 3.1126937871690536,
        "delta_mean_median": 0.0487886459631654
      }
    },
    "subcoords": {
      "m_a": {
        "n": 264,
        "nan_frac": 0.0,
        "mean": -0.382935500691405,
        "median": -0.007428437704220414,
        "std": 1.4626108704974488,
        "iqr": 1.3583951741456985,
        "mad": 0.5910255315247923,
        "mad_sigma": 0.876254453038657,
        "skewness": -2.0688420169467894,
        "kurtosis_excess": 5.2225671312238,
        "delta_mean_median": -0.37550706298718456
      },
      "m_e": {
        "n": 264,
        "nan_frac": 0.0,
        "mean": -0.3471916986692866,
        "median": -3.4226104617118835e-07,
        "std": 1.4973476300086772,
        "iqr": 1.4167379289865494,
        "mad": 0.6744910920970142,
        "mad_sigma": 1.000000493143033,
        "skewness": -1.9289597296242813,
        "kurtosis_excess": 4.767568584137164,
        "delta_mean_median": -0.34719135640824045
      },
      "m_o": {
        "n": 264,
        "nan_frac": 0.0,
        "mean": 0.10382222268504626,
        "median": 0.0,
        "std": 1.130856495425849,
        "iqr": 1.3562807589769363,
        "mad": 0.6744907200336456,
        "mad_sigma": 0.999999941521883,
        "skewness": -0.04103629878999815,
        "kurtosis_excess": 0.2645028256692461,
        "delta_mean_median": 0.10382222268504626
      },
      "d_n": {
        "n": 264,
        "nan_frac": 0.0,
        "mean": 0.44499086475733557,
        "median": 0.0,
        "std": 1.668588924097268,
        "iqr": 1.5404950827360153,
        "mad": 0.674490749835968,
        "mad_sigma": 0.9999999857068061,
        "skewness": 1.5776376389454108,
        "kurtosis_excess": 2.498937782185423,
        "delta_mean_median": 0.44499086475733557
      },
      "d_l": {
        "n": 264,
        "nan_frac": 0.0,
        "mean": -0.4242561234013093,
        "median": 4.2049214243888855e-07,
        "std": 1.499675452471205,
        "iqr": 1.4477942138910294,
        "mad": 0.6744907200336456,
        "mad_sigma": 0.999999941521883,
        "skewness": -1.9628035878402548,
        "kurtosis_excess": 4.429042752559816,
        "delta_mean_median": -0.42425654389345174
      },
      "d_s": {
        "n": 264,
        "nan_frac": 0.0,
        "mean": 0.1857064077912858,
        "median": 0.0,
        "std": 1.3201798286121351,
        "iqr": 1.3760451972484589,
        "mad": 0.6744907796382904,
        "mad_sigma": 1.0000000298917293,
        "skewness": 1.9871496964756592,
        "kurtosis_excess": 6.1451361967523574,
        "delta_mean_median": 0.1857064077912858
      },
      "e_e": {
        "n": 264,
        "nan_frac": 0.0,
        "mean": -0.1698464244572361,
        "median": -2.808868885040283e-06,
        "std": 1.1229063983849488,
        "iqr": 1.3394582271575928,
        "mad": 0.6744878813624382,
        "mad_sigma": 0.9999957329079509,
        "skewness": -1.0287768988664163,
        "kurtosis_excess": 1.3464702019171604,
        "delta_mean_median": -0.16984361558835107
      },
      "e_s": {
        "n": 264,
        "nan_frac": 0.0,
        "mean": 0.5767904886072783,
        "median": 7.171183824539185e-07,
        "std": 1.708078279104633,
        "iqr": 1.429924726486206,
        "mad": 0.6744907200336456,
        "mad_sigma": 0.999999941521883,
        "skewness": 1.8521190024218157,
        "kurtosis_excess": 3.121046569615488,
        "delta_mean_median": 0.5767897714888959
      },
      "e_m": {
        "n": 264,
        "nan_frac": 0.0,
        "mean": 0.10490780930338202,
        "median": 0.0,
        "std": 1.2992968189620526,
        "iqr": 1.3221078664064407,
        "mad": 0.6744906902313232,
        "mad_sigma": 0.9999998973369598,
        "skewness": 1.0310472910097732,
        "kurtosis_excess": 2.775964982761657,
        "delta_mean_median": 0.10490780930338202
      }
    }
  },
  "entropy_provisional": {},
  "geometry_contract": {
    "policy_version": "standard_invalidity_v1",
    "status": "ok",
    "primary_requires_coords_9d": true,
    "shared_time_grid": {
      "epochs_before_policy": 264,
      "epochs_retained": 264,
      "epochs_dropped": 0,
      "drop_fraction": 0.0,
      "dropped_epoch_indices_preview": [],
      "drop_reason_counts": {
        "mnps_3d_nonfinite_rows": 0,
        "coords_9d_nonfinite_rows_affecting_primary": 0
      }
    },
    "mnps_3d": {
      "finite_row_fraction_before": 1.0,
      "nonfinite_row_count": 0,
      "degenerate_axes": [],
      "all_nan_axes": []
    },
    "coords_9d": {
      "available": true,
      "shape_matches_time_grid": true,
      "finite_row_fraction_before": 1.0,
      "nonfinite_row_count": 0,
      "nonfinite_rows_retained_on_shared_grid": 0,
      "degenerate_axes": [],
      "all_nan_axes": []
    },
    "time_grid": {
      "status": "ok",
      "warnings": [],
      "window_count": 264,
      "finite_window_bounds_fraction": 1.0,
      "dt_source": "window_start",
      "dt_sec_runtime": 4.0,
      "dt_sec_config": 4.0,
      "window_sec_config": 8.0,
      "dt_matches_runtime": true,
      "dt_matches_config_formula": true,
      "window_len_matches_config": true,
      "nonpositive_dt_count": 0,
      "nonpositive_window_len_count": 0,
      "dt_intervals_sec": {
        "n": 263,
        "mean": 4.0,
        "median": 4.0,
        "iqr": 0.0,
        "p95": 4.0,