{
  "dataset_id": "ds004511:sub-S200310:ses-01_gambling_run-01",
  "subject": "sub-S200310",
  "session": "ses-01",
  "reliability_axes": {
    "m": 0.6949152217851734,
    "d": 0.6872511757003053,
    "e": 0.6320589860498081
  },
  "reliability_subcoords": {
    "m_a": 0.7818727956515175,
    "m_e": 0.7173573776061204,
    "m_o": 0.5244739073184316,
    "d_n": 0.7639854650835864,
    "d_l": 0.7364661741322921,
    "d_s": 0.6504582342371585,
    "e_e": 0.7551002651054877,
    "e_s": 0.6963410961043083,
    "e_m": 0.36450337733034655
  }
}