{
  "dataset_id": "ds004511:sub-S200310:ses-01_gambling_run-01",
  "subject": "sub-S200310",
  "session": "ses-01",
  "coverage": {
    "epochs": 947,
    "seconds": 3788.0
  },
  "artifacts": {
    "methods": [
      "ica"
    ],
    "bad_eeg_channels": [
      "Batt_0",
      "Batt_1",
      "Batt_2",
      "Batt_3",
      "Gnd-Ref",
      "Gnd-Ref1",
      "Gnd-Ref2",
      "Gnd-Ref3",
      "Ref",
      "Sync",
      "TP9"
    ],
    "n_bad_eeg_channels": 11,
    "stem_collisions": {}
  },
  "ensemble": {
    "var_by_subcoord": {
      "m_a": 0.0010314767714589834,
      "m_e": 0.0,
      "m_o": 0.0,
      "d_n": 0.0,
      "d_l": 0.0,
      "d_s": 0.0,
      "e_e": 0.0,
      "e_s": 0.0,
      "e_m": 0.0
    },
    "var_mean": 0.00011460853016210927,
    "var_max": 0.0010314767714589834
  },
  "reliability": {
    "axes": {
      "m": 0.6949152217851734,
      "d": 0.6872511757003053,
      "e": 0.6320589860498081
    },
    "subcoords": {
      "m_a": 0.7818727956515175,
      "m_e": 0.7173573776061204,
      "m_o": 0.5244739073184316,
      "d_n": 0.7639854650835864,
      "d_l": 0.7364661741322921,
      "d_s": 0.6504582342371585,
      "e_e": 0.7551002651054877,
      "e_s": 0.6963410961043083,
      "e_m": 0.36450337733034655
    }
  },
  "dist_summary": {
    "axes": {
      "m": {
        "n": 947,
        "nan_frac": 0.0,
        "mean": -0.23242542969550714,
        "median": -0.03224392235279083,
        "std": 1.0089949772512619,
        "iqr": 1.044476494193077,
        "mad": 0.5143386572599411,
        "mad_sigma": 0.7625584932535886,
        "skewness": -1.3382264681681475,
        "kurtosis_excess": 2.2966253457916066,
        "delta_mean_median": -0.2001815073427163
      },
      "d": {
        "n": 947,
        "nan_frac": 0.0,
        "mean": 0.06049183199726643,
        "median": 0.10099102556705475,
        "std": 0.8862114969980621,
        "iqr": 0.7976274192333221,
        "mad": 0.39921145141124725,
        "mad_sigma": 0.5918708978623152,
        "skewness": -0.451784410247342,
        "kurtosis_excess": 2.113497803186932,
        "delta_mean_median": -0.040499193569788317
      },
      "e": {
        "n": 947,
        "nan_frac": 0.0,
        "mean": 0.18220706463357422,
        "median": 0.11013051867485046,
        "std": 0.878549499147478,
        "iqr": 0.844876617193222,
        "mad": 0.4207657277584076,
        "mad_sigma": 0.6238272679746151,
        "skewness": 0.42305931727175056,
        "kurtosis_excess": 1.982735774744703,
        "delta_mean_median": 0.07207654595872376
      }
    },
    "subcoords": {
      "m_a": {
        "n": 947,
        "nan_frac": 0.0,
        "mean": -0.3500439918606415,
        "median": 0.023425322026014328,
        "std": 1.3031223786888846,
        "iqr": 1.3717121481895447,
        "mad": 0.625156182795763,
        "mad_sigma": 0.9268565566129982,
        "skewness": -1.460825525279446,
        "kurtosis_excess": 2.208574308822765,
        "delta_mean_median": -0.37346931388665583
      },
      "m_e": {
        "n": 947,
        "nan_frac": 0.0,
        "mean": -0.37548337090065176,
        "median": 0.0,
        "std": 1.4663333245289418,
        "iqr": 1.469530701637268,
        "mad": 0.674490749835968,
        "mad_sigma": 0.9999999857068061,
        "skewness": -1.5665421967447386,
        "kurtosis_excess": 2.9033466279431686,
        "delta_mean_median": -0.37548337090065176
      },
      "m_o": {
        "n": 947,
        "nan_frac": 0.0,
        "mean": 0.1044754069776706,
        "median": 0.0,
        "std": 1.3071066554507877,
        "iqr": 1.352165013551712,
        "mad": 0.674490749835968,
        "mad_sigma": 0.9999999857068061,
        "skewness": 1.2010475959768803,
        "kurtosis_excess": 4.5987560328870805,
        "delta_mean_median": 0.1044754069776706
      },
      "d_n": {
        "n": 947,
        "nan_frac": 0.0,
        "mean": 0.5829313810720033,
        "median": 0.0,
        "std": 1.8053136221030606,
        "iqr": 1.5900439023971558,
        "mad": 0.674490749835968,
        "mad_sigma": 0.9999999857068061,
        "skewness": 1.6217715074572905,
        "kurtosis_excess": 2.097377344300509,
        "delta_mean_median": 0.5829313810720033
      },
      "d_l": {
        "n": 947,
        "nan_frac": 0.0,
        "mean": -0.31335179832465987,
        "median": 0.0,
        "std": 1.4387914308068572,
        "iqr": 1.4734735190868378,
        "mad": 0.674490749835968,
        "mad_sigma": 0.9999999857068061,
        "skewness": -1.1446265065069896,
        "kurtosis_excess": 1.72394591206211,
        "delta_mean_median": -0.31335179832465987
      },
      "d_s": {
        "n": 947,
        "nan_frac": 0.0,
        "mean": 0.22239180162921252,
        "median": 0.0,
        "std": 1.3271986370669515,
        "iqr": 1.3435992002487183,
        "mad": 0.6744908094406128,
        "mad_sigma": 1.0000000740766524,
        "skewness": 1.9036106575864764,
        "kurtosis_excess": 5.530130388031255,
        "delta_mean_median": 0.22239180162921252
      },
      "e_e": {
        "n": 947,
        "nan_frac": 0.0,
        "mean": -0.16355549927467505,
        "median": 0.0,
        "std": 1.3258081673046243,
        "iqr": 1.3229115009307861,
        "mad": 0.6744906902313232,
        "mad_sigma": 0.9999998973369598,
        "skewness": -1.4244740800643547,
        "kurtosis_excess": 3.9013734603169103,
        "delta_mean_median": -0.16355549927467505
      },
      "e_s": {
        "n": 947,
        "nan_frac": 0.0,
        "mean": 0.6636837709133554,
        "median": 0.0,
        "std": 1.9230517752343108,
        "iqr": 1.5786913931369781,
        "mad": 0.674490749835968,
        "mad_sigma": 0.9999999857068061,
        "skewness": 1.6299181228372615,
        "kurtosis_excess": 1.9177806436129545,
        "delta_mean_median": 0.6636837709133554
      },
      "e_m": {
        "n": 947,
        "nan_frac": 0.0,
        "mean": 0.02829500032720867,
        "median": 0.0,
        "std": 1.0850872700140775,
        "iqr": 1.339175045490265,
        "mad": 0.6744906902313232,
        "mad_sigma": 0.9999998973369598,
        "skewness": 0.16122761415997844,
        "kurtosis_excess": 0.3691530820247526,
        "delta_mean_median": 0.02829500032720867
      }
    }
  },
  "entropy_provisional": {},
  "geometry_contract": {
    "policy_version": "standard_invalidity_v1",
    "status": "adjusted",
    "primary_requires_coords_9d": true,
    "shared_time_grid": {
      "epochs_before_policy": 947,
      "epochs_retained": 947,
      "epochs_dropped": 0,
      "drop_fraction": 0.0,
      "dropped_epoch_indices_preview": [],
      "drop_reason_counts": {
        "mnps_3d_nonfinite_rows": 0,
        "coords_9d_nonfinite_rows_affecting_primary": 0
      }
    },
    "mnps_3d": {
      "finite_row_fraction_before": 1.0,
      "nonfinite_row_count": 0,
      "degenerate_axes": [],
      "all_nan_axes": []
    },
    "coords_9d": {
      "available": true,
      "shape_matches_time_grid": true,
      "finite_row_fraction_before": 1.0,
      "nonfinite_row_count": 0,
      "nonfinite_rows_retained_on_shared_grid": 0,
      "degenerate_axes": [],
      "all_nan_axes": []
    },
    "time_grid": {
      "status": "ok",
      "warnings": [],
      "window_count": 947,
      "finite_window_bounds_fraction": 1.0,
      "dt_source": "window_start",
      "dt_sec_runtime": 4.0,
      "dt_sec_config": 4.0,
      "window_sec_config": 8.0,
      "dt_matches_runtime": true,
      "dt_matches_config_formula": true,
      "window_len_matches_config": true,
      "nonpositive_dt_count": 0,
      "nonpositive_window_len_count": 0,
      "dt_intervals_sec": {
        "n": 946,
        "mean": 4.0,
        "median": 4.0,
        "iqr": 0.0,
        "p95": 4.0,
        "max": 4.0
      },
      "window_lengths_sec": {
        "n": 947,
        "mean": 8.0,
        "median": 8.0,
        "iqr": 0.0,
        "p95": 8.0,
        "max": 8.0
      }
    },