{
  "dataset_id": "ds004511:sub-S200313:ses-01_rest_run-01",
  "subject": "sub-S200313",
  "session": "ses-01",
  "reliability_axes": {
    "m": 0.7527848107163398,
    "d": 0.7054969422561204,
    "e": 0.601680564681041
  },
  "reliability_subcoords": {
    "m_a": 0.42730277078078294,
    "m_e": 0.8023574759666451,
    "m_o": 0.7113572199518848,
    "d_n": 0.8290499872753972,
    "d_l": 0.5621090189862366,
    "d_s": 0.7728486822606297,
    "e_e": 0.7909008779237486,
    "e_s": 0.32162644016993386,
    "e_m": 0.6265104937823939
  }
}