{
  "dataset_id": "ds004511:sub-S200313:ses-01_rest_run-01",
  "subject": "sub-S200313",
  "session": "ses-01",
  "coverage": {
    "epochs": 122,
    "seconds": 488.0
  },
  "artifacts": {
    "methods": [
      "ica"
    ],
    "bad_eeg_channels": [
      "Batt_0",
      "Batt_1",
      "Batt_2",
      "Batt_3",
      "Foto",
      "Gnd-Ref",
      "Gnd-Ref1",
      "Gnd-Ref2",
      "Gnd-Ref3",
      "Ref",
      "Sync"
    ],
    "n_bad_eeg_channels": 11,
    "stem_collisions": {}
  },
  "ensemble": {
    "var_by_subcoord": {
      "m_a": 0.002162523567676544,
      "m_e": 7.388725150106728e-15,
      "m_o": 2.333131924421236e-15,
      "d_n": 5.037636974236648e-15,
      "d_l": 2.824757842998654e-13,
      "d_s": 1.4988010832439613e-15,
      "e_e": 1.7596059158353494e-13,
      "e_s": 1.377251313211883e-13,
      "e_m": 0.0
    },
    "var_mean": 0.00024028039647655156,
    "var_max": 0.002162523567676544
  },
  "reliability": {
    "axes": {
      "m": 0.7527848107163398,
      "d": 0.7054969422561204,
      "e": 0.601680564681041
    },
    "subcoords": {
      "m_a": 0.42730277078078294,
      "m_e": 0.8023574759666451,
      "m_o": 0.7113572199518848,
      "d_n": 0.8290499872753972,
      "d_l": 0.5621090189862366,
      "d_s": 0.7728486822606297,
      "e_e": 0.7909008779237486,
      "e_s": 0.32162644016993386,
      "e_m": 0.6265104937823939
    }
  },
  "dist_summary": {
    "axes": {
      "m": {
        "n": 122,
        "nan_frac": 0.0,
        "mean": -0.04503974447515412,
        "median": -0.07700482942163944,
        "std": 0.9468736277359651,
        "iqr": 0.9736908078193665,
        "mad": 0.4877620339393616,
        "mad_sigma": 0.7231559915184974,
        "skewness": 0.2648466127868975,
        "kurtosis_excess": 0.8766708185192358,
        "delta_mean_median": 0.031965084946485325
      },
      "d": {
        "n": 122,
        "nan_frac": 0.0,
        "mean": 0.16353102901675662,
        "median": 0.08508500829339027,
        "std": 0.7319887890163419,
        "iqr": 0.8325814008712769,
        "mad": 0.43069758638739586,
        "mad_sigma": 0.6385522415779531,
        "skewness": 0.5680421428333199,
        "kurtosis_excess": 0.3426672297183613,
        "delta_mean_median": 0.07844602072336634
      },
      "e": {
        "n": 122,
        "nan_frac": 0.0,
        "mean": 0.11051961292176828,
        "median": 0.07915349677205086,
        "std": 0.6335510507270996,
        "iqr": 0.8452123180031776,
        "mad": 0.41716770827770233,
        "mad_sigma": 0.6184928442925215,
        "skewness": 0.36233339171583423,
        "kurtosis_excess": 0.5234357867978066,
        "delta_mean_median": 0.03136611614971742
      }
    },
    "subcoords": {
      "m_a": {
        "n": 122,
        "nan_frac": 0.0,
        "mean": -0.046975109176557575,
        "median": -0.017835430800914764,
        "std": 0.8939807581580967,
        "iqr": 1.0906101241707802,
        "mad": 0.5379607677459717,
        "mad_sigma": 0.7975806342601776,
        "skewness": 0.3356722205892867,
        "kurtosis_excess": 0.10586976591504893,
        "delta_mean_median": -0.02913967837564281
      },
      "m_e": {
        "n": 122,
        "nan_frac": 0.0,
        "mean": -0.13671944006422504,
        "median": -1.695007085800171e-07,
        "std": 1.387903500975925,
        "iqr": 1.3640615344047546,
        "mad": 0.674490749835968,
        "mad_sigma": 0.9999999857068061,
        "skewness": -0.27064511605360125,
        "kurtosis_excess": 0.7223926855198202,
        "delta_mean_median": -0.13671927056351646
      },
      "m_o": {
        "n": 122,
        "nan_frac": 0.0,
        "mean": 0.06967972068222941,
        "median": -1.4458782970905304e-07,
        "std": 1.058678757908733,
        "iqr": 1.3351934999227524,
        "mad": 0.6744908944237977,
        "mad_sigma": 1.0000002000727224,
        "skewness": 0.7172110373059378,
        "kurtosis_excess": 0.6645259151450764,
        "delta_mean_median": 0.06967986527005912
      },
      "d_n": {
        "n": 122,
        "nan_frac": 0.0,
        "mean": 0.19403488086689202,
        "median": 0.0,
        "std": 1.1981639560434012,
        "iqr": 1.5231616497039795,
        "mad": 0.674490749835968,
        "mad_sigma": 0.9999999857068061,
        "skewness": 0.5392423032606322,
        "kurtosis_excess": 0.11225969878480857,
        "delta_mean_median": 0.19403488086689202
      },
      "d_l": {
        "n": 122,
        "nan_frac": 0.0,
        "mean": 0.042298983561149875,
        "median": 0.0,
        "std": 0.9654018806522973,
        "iqr": 1.344929724931717,
        "mad": 0.674490749835968,
        "mad_sigma": 0.9999999857068061,
        "skewness": 0.6853885946719862,
        "kurtosis_excess": 0.2668435038794468,
        "delta_mean_median": 0.042298983561149875
      },
      "d_s": {
        "n": 122,
        "nan_frac": 0.0,
        "mean": 0.46409652406563523,
        "median": 0.0,
        "std": 1.3805468993335461,
        "iqr": 1.4403136149048805,
        "mad": 0.674490749835968,
        "mad_sigma": 0.9999999857068061,
        "skewness": 1.558010030736311,
        "kurtosis_excess": 2.7602108981779727,
        "delta_mean_median": 0.46409652406563523
      },
      "e_e": {
        "n": 122,
        "nan_frac": 0.0,
        "mean": 0.16958954255478303,
        "median": 2.1401792764663696e-06,
        "std": 1.0869206700721112,
        "iqr": 1.4968944936990738,
        "mad": 0.6744885798543692,
        "mad_sigma": 0.9999967684920876,
        "skewness": 0.3960595682358857,
        "kurtosis_excess": -0.4270614478984638,
        "delta_mean_median": 0.16958740237550657
      },
      "e_s": {
        "n": 122,
        "nan_frac": 0.0,
        "mean": 0.031847660702683765,
        "median": 9.114155545830727e-07,
        "std": 0.8663340874662091,
        "iqr": 1.336867481470108,
        "mad": 0.674490749835968,
        "mad_sigma": 0.9999999857068061,
        "skewness": 0.048506843945524555,
        "kurtosis_excess": -0.25446993563959586,
        "delta_mean_median": 0.03184674928712918
      },
      "e_m": {
        "n": 122,
        "nan_frac": 0.0,
        "mean": 0.06275884538400368,
        "median": 0.0,
        "std": 1.2749209764626352,
        "iqr": 1.2798166573047638,
        "mad": 0.6744907200336456,
        "mad_sigma": 0.999999941521883,
        "skewness": 1.0083176263095766,
        "kurtosis_excess": 2.423044655307585,
        "delta_mean_median": 0.06275884538400368
      }
    }
  },
  "entropy_provisional": {},
  "geometry_contract": {
    "policy_version": "standard_invalidity_v1",
    "status": "ok",
    "primary_requires_coords_9d": true,
    "shared_time_grid": {
      "epochs_before_policy": 122,
      "epochs_retained": 122,
      "epochs_dropped": 0,
      "drop_fraction": 0.0,
      "dropped_epoch_indices_preview": [],
      "drop_reason_counts": {
        "mnps_3d_nonfinite_rows": 0,
        "coords_9d_nonfinite_rows_affecting_primary": 0
      }
    },
    "mnps_3d": {
      "finite_row_fraction_before": 1.0,
      "nonfinite_row_count": 0,
      "degenerate_axes": [],
      "all_nan_axes": []
    },
    "coords_9d": {
      "available": true,
      "shape_matches_time_grid": true,
      "finite_row_fraction_before": 1.0,
      "nonfinite_row_count": 0,
      "nonfinite_rows_retained_on_shared_grid": 0,
      "degenerate_axes": [],
      "all_nan_axes": []
    },
    "time_grid": {
      "status": "ok",
      "warnings": [],
      "window_count": 122,
      "finite_window_bounds_fraction": 1.0,
      "dt_source": "window_start",
      "dt_sec_runtime": 4.0,
      "dt_sec_config": 4.0,
      "window_sec_config": 8.0,
      "dt_matches_runtime": true,
      "dt_matches_config_formula": true,
      "window_len_matches_config": true,
      "nonpositive_dt_count": 0,
      "nonpositive_window_len_count": 0,
      "dt_intervals_sec": {
        "n": 121,
        "mean": 4.0,
        "median": 4.0,
        "iqr": 0.0,
        "p95": 4.0,