{
  "dataset_id": "ds004511:sub-S200228:ses-01_gambling_run-01",
  "subject": "sub-S200228",
  "session": "ses-01",
  "reliability_axes": {
    "m": 0.5790024644023782,
    "d": 0.7748628586131648,
    "e": 0.554075032037828
  },
  "reliability_subcoords": {
    "m_a": 0.701088186866632,
    "m_e": 0.5615126290438469,
    "m_o": 0.4181680341265427,
    "d_n": 0.7043249532698356,
    "d_l": 0.7142009320899204,
    "d_s": 0.5330531523193699,
    "e_e": 0.6674044799329827,
    "e_s": 0.660284092813944,
    "e_m": 0.541330729191661
  }
}