{
  "dataset_id": "ds004511:sub-S200228:ses-01_gambling_run-01",
  "subject": "sub-S200228",
  "session": "ses-01",
  "coverage": {
    "epochs": 916,
    "seconds": 3664.0
  },
  "artifacts": {
    "methods": [
      "ica"
    ],
    "bad_eeg_channels": [
      "Batt_0",
      "Batt_1",
      "Batt_2",
      "Batt_3",
      "Gnd-Ref",
      "Gnd-Ref1",
      "Gnd-Ref2",
      "Gnd-Ref3",
      "Ref",
      "Sync"
    ],
    "n_bad_eeg_channels": 10,
    "stem_collisions": {}
  },
  "ensemble": {
    "var_by_subcoord": {
      "m_a": 0.00030225113732740283,
      "m_e": 6.792747686220919e-15,
      "m_o": 2.743013708696434e-15,
      "d_n": 5.287189397640236e-15,
      "d_l": 3.459950696175357e-14,
      "d_s": 7.812404254059751e-15,
      "e_e": 6.165859923329409e-13,
      "e_s": 0.0,
      "e_m": 0.0
    },
    "var_mean": 3.358345977791375e-05,
    "var_max": 0.00030225113732740283
  },
  "reliability": {
    "axes": {
      "m": 0.5790024644023782,
      "d": 0.7748628586131648,
      "e": 0.554075032037828
    },
    "subcoords": {
      "m_a": 0.701088186866632,
      "m_e": 0.5615126290438469,
      "m_o": 0.4181680341265427,
      "d_n": 0.7043249532698356,
      "d_l": 0.7142009320899204,
      "d_s": 0.5330531523193699,
      "e_e": 0.6674044799329827,
      "e_s": 0.660284092813944,
      "e_m": 0.541330729191661
    }
  },
  "dist_summary": {
    "axes": {
      "m": {
        "n": 916,
        "nan_frac": 0.0,
        "mean": -0.09401997998275481,
        "median": -0.05431120842695236,
        "std": 0.8944667275810037,
        "iqr": 1.0863420963287354,
        "mad": 0.5416160821914673,
        "mad_sigma": 0.8030000034570693,
        "skewness": -0.618476035838009,
        "kurtosis_excess": 1.026757312750128,
        "delta_mean_median": -0.03970877155580245
      },
      "d": {
        "n": 916,
        "nan_frac": 0.0,
        "mean": 0.09288708420719329,
        "median": 0.04743337258696556,
        "std": 0.6570957943782879,
        "iqr": 0.9045075625181198,
        "mad": 0.4492430351674557,
        "mad_sigma": 0.6660477239392697,
        "skewness": 0.24500184627901592,
        "kurtosis_excess": -0.09764474819303715,
        "delta_mean_median": 0.045453711620227724
      },
      "e": {
        "n": 916,
        "nan_frac": 0.0,
        "mean": 0.1012865231994145,
        "median": 0.10272952914237976,
        "std": 0.6254903063349803,
        "iqr": 0.8154829442501068,
        "mad": 0.4072653353214264,
        "mad_sigma": 0.6038115861475467,
        "skewness": 0.27044353368299134,
        "kurtosis_excess": 1.1042018949373897,
        "delta_mean_median": -0.0014430059429652586
      }
    },
    "subcoords": {
      "m_a": {
        "n": 916,
        "nan_frac": 0.0,
        "mean": -0.2221773529606241,
        "median": 0.02484290301799774,
        "std": 1.295204712323198,
        "iqr": 1.1983561962842941,
        "mad": 0.5964879989624023,
        "mad_sigma": 0.8843531072616576,
        "skewness": -1.579747140099564,
        "kurtosis_excess": 3.280349087725633,
        "delta_mean_median": -0.24702025597862184
      },
      "m_e": {
        "n": 916,
        "nan_frac": 0.0,
        "mean": -0.12671793561696185,
        "median": -3.2980460673570633e-07,
        "std": 1.06095830403569,
        "iqr": 1.3536549359560013,
        "mad": 0.6744903902290389,
        "mad_sigma": 0.999999452553573,
        "skewness": -0.7361561641361215,
        "kurtosis_excess": 1.2906238003190778,
        "delta_mean_median": -0.1267176058123551
      },
      "m_o": {
        "n": 916,
        "nan_frac": 0.0,
        "mean": 0.12251657420526844,
        "median": 0.0,
        "std": 1.1640153262834074,
        "iqr": 1.344433844089508,
        "mad": 0.6744907796382904,
        "mad_sigma": 1.0000000298917293,
        "skewness": 0.7956414087261593,
        "kurtosis_excess": 1.513397433332913,
        "delta_mean_median": 0.12251657420526844
      },
      "d_n": {
        "n": 916,
        "nan_frac": 0.0,
        "mean": 0.3341511424964367,
        "median": 3.662426024675369e-07,
        "std": 1.3723400961632113,
        "iqr": 1.332291379570961,
        "mad": 0.6744903835933656,
        "mad_sigma": 0.9999994427155237,
        "skewness": 1.4934902636736005,
        "kurtosis_excess": 2.4815675929412357,
        "delta_mean_median": 0.3341507762538342
      },
      "d_l": {
        "n": 916,
        "nan_frac": 0.0,
        "mean": -0.09528215917810497,
        "median": 5.368201527744532e-07,
        "std": 1.0575086723708493,
        "iqr": 1.35061714053154,
        "mad": 0.6744912866561208,
        "mad_sigma": 1.0000007815963647,
        "skewness": -0.7654177099554101,
        "kurtosis_excess": 1.3028416516702643,
        "delta_mean_median": -0.09528269599825774
      },
      "d_s": {
        "n": 916,
        "nan_frac": 0.0,
        "mean": 0.21312546926015769,
        "median": 1.448206603527069e-07,
        "std": 1.1484532704745265,
        "iqr": 1.355779692530632,
        "mad": 0.6744907796382904,
        "mad_sigma": 1.0000000298917293,
        "skewness": 1.2627716543747805,
        "kurtosis_excess": 2.4455019955435793,
        "delta_mean_median": 0.21312532443949733
      },
      "e_e": {
        "n": 916,
        "nan_frac": 0.0,
        "mean": 0.011145115562414194,
        "median": 2.969783963635564e-06,
        "std": 0.9989104043467276,
        "iqr": 1.3488997370004654,
        "mad": 0.6744906902313232,
        "mad_sigma": 0.9999998973369598,
        "skewness": -0.16500750239289935,
        "kurtosis_excess": 0.0019344933776110906,
        "delta_mean_median": 0.011142145778450558
      },
      "e_s": {
        "n": 916,
        "nan_frac": 0.0,
        "mean": 0.22863044639040617,
        "median": 5.661131581291556e-07,
        "std": 1.2587422497317937,
        "iqr": 1.3883080780506134,
        "mad": 0.6744907796382904,
        "mad_sigma": 1.0000000298917293,
        "skewness": 1.3588839583909043,
        "kurtosis_excess": 3.2003545439754095,
        "delta_mean_median": 0.22862988027724804
      },
      "e_m": {
        "n": 916,
        "nan_frac": 0.0,
        "mean": 0.023518830297212828,
        "median": 0.0,
        "std": 1.06539148286322,
        "iqr": 1.3481618613004684,
        "mad": 0.6744906008243561,
        "mad_sigma": 0.9999997647821902,
        "skewness": 0.36164219352061355,
        "kurtosis_excess": 1.3579637138403822,
        "delta_mean_median": 0.023518830297212828
      }
    }
  },
  "entropy_provisional": {},
  "geometry_contract": {
    "policy_version": "standard_invalidity_v1",
    "status": "ok",
    "primary_requires_coords_9d": true,
    "shared_time_grid": {
      "epochs_before_policy": 916,
      "epochs_retained": 916,
      "epochs_dropped": 0,
      "drop_fraction": 0.0,
      "dropped_epoch_indices_preview": [],
      "drop_reason_counts": {
        "mnps_3d_nonfinite_rows": 0,
        "coords_9d_nonfinite_rows_affecting_primary": 0
      }
    },
    "mnps_3d": {
      "finite_row_fraction_before": 1.0,
      "nonfinite_row_count": 0,
      "degenerate_axes": [],
      "all_nan_axes": []
    },
    "coords_9d": {
      "available": true,
      "shape_matches_time_grid": true,
      "finite_row_fraction_before": 1.0,
      "nonfinite_row_count": 0,
      "nonfinite_rows_retained_on_shared_grid": 0,
      "degenerate_axes": [],
      "all_nan_axes": []
    },
    "time_grid": {
      "status": "ok",
      "warnings": [],
      "window_count": 916,
      "finite_window_bounds_fraction": 1.0,
      "dt_source": "window_start",
      "dt_sec_runtime": 4.0,
      "dt_sec_config": 4.0,
      "window_sec_config": 8.0,
      "dt_matches_runtime": true,
      "dt_matches_config_formula": true,
      "window_len_matches_config": true,
      "nonpositive_dt_count": 0,
      "nonpositive_window_len_count": 0,
      "dt_intervals_sec": {
        "n": 915,
        "mean": 4.0,
        "median": 4.0,
        "iqr": 0.0,
        "p95": 4.0,