{
  "dataset_id": "ds004511:sub-S200116:ses-01_rest_run-01",
  "subject": "sub-S200116",
  "session": "ses-01",
  "reliability_axes": {
    "m": 0.5903808627795595,
    "d": 0.7091627331939845,
    "e": 0.6273731039227272
  },
  "reliability_subcoords": {
    "m_a": 0.6145522409052273,
    "m_e": 0.572921343835194,
    "m_o": 0.420758502378527,
    "d_n": 0.597918562055532,
    "d_l": 0.7336098370491996,
    "d_s": 0.37560978490364677,
    "e_e": 0.65546382541419,
    "e_s": 0.7269537112926271,
    "e_m": 0.3853724666840105
  }
}