{
  "dataset_id": "ds004511:sub-S200116:ses-01_rest_run-01",
  "subject": "sub-S200116",
  "session": "ses-01",
  "coverage": {
    "epochs": 126,
    "seconds": 504.0
  },
  "artifacts": {
    "methods": [
      "ica"
    ],
    "bad_eeg_channels": [
      "Batt_0",
      "Batt_1",
      "Batt_2",
      "Batt_3",
      "Foto",
      "Gnd-Ref",
      "Gnd-Ref1",
      "Gnd-Ref2",
      "Gnd-Ref3",
      "Ref",
      "Sync"
    ],
    "n_bad_eeg_channels": 11,
    "stem_collisions": {}
  },
  "ensemble": {
    "var_by_subcoord": {
      "m_a": 0.009714789688587189,
      "m_e": 1.4783354119855818e-14,
      "m_o": 3.526323520295846e-15,
      "d_n": 8.53529622197105e-14,
      "d_l": 1.2766415528886466e-13,
      "d_s": 2.5990923077493823e-14,
      "e_e": 6.030681596463916e-13,
      "e_s": 0.0,
      "e_m": 0.0
    },
    "var_mean": 0.001079421076605286,
    "var_max": 0.009714789688587189
  },
  "reliability": {
    "axes": {
      "m": 0.5903808627795595,
      "d": 0.7091627331939845,
      "e": 0.6273731039227272
    },
    "subcoords": {
      "m_a": 0.6145522409052273,
      "m_e": 0.572921343835194,
      "m_o": 0.420758502378527,
      "d_n": 0.597918562055532,
      "d_l": 0.7336098370491996,
      "d_s": 0.37560978490364677,
      "e_e": 0.65546382541419,
      "e_s": 0.7269537112926271,
      "e_m": 0.3853724666840105
    }
  },
  "dist_summary": {
    "axes": {
      "m": {
        "n": 126,
        "nan_frac": 0.0,
        "mean": 0.14219157636675628,
        "median": 0.038467553444206715,
        "std": 0.8844521902703395,
        "iqr": 1.1975599229335785,
        "mad": 0.5849219234660268,
        "mad_sigma": 0.8672052437307313,
        "skewness": 0.6972579337978392,
        "kurtosis_excess": 0.8395346632779139,
        "delta_mean_median": 0.10372402292254956
      },
      "d": {
        "n": 126,
        "nan_frac": 0.0,
        "mean": 0.24335122390812824,
        "median": 0.14555474370718002,
        "std": 0.9861890313951691,
        "iqr": 0.8300851881504059,
        "mad": 0.420836977660656,
        "mad_sigma": 0.6239329030796885,
        "skewness": 2.2266101151308657,
        "kurtosis_excess": 7.843635697965702,
        "delta_mean_median": 0.09779648020094822
      },
      "e": {
        "n": 126,
        "nan_frac": 0.0,
        "mean": -0.008091922978998073,
        "median": 0.004781969473697245,
        "std": 0.6670410318916467,
        "iqr": 0.670297384262085,
        "mad": 0.34058377949986607,
        "mad_sigma": 0.5049495114865014,
        "skewness": -0.27418026957729197,
        "kurtosis_excess": 1.7781619592117544,
        "delta_mean_median": -0.012873892452695318
      }
    },
    "subcoords": {
      "m_a": {
        "n": 126,
        "nan_frac": 0.0,
        "mean": 0.11188993200896279,
        "median": 0.021651245653629303,
        "std": 0.9487878830615831,
        "iqr": 1.1883185654878616,
        "mad": 0.5447210744023323,
        "mad_sigma": 0.8076034649088978,
        "skewness": -0.004054014745478519,
        "kurtosis_excess": 1.348613135770191,
        "delta_mean_median": 0.09023868635533348
      },
      "m_e": {
        "n": 126,
        "nan_frac": 0.0,
        "mean": 0.04820698599464127,
        "median": 4.819594323635101e-08,
        "std": 1.0438307778285723,
        "iqr": 1.3439825028181076,
        "mad": 0.6744907200336456,
        "mad_sigma": 0.999999941521883,
        "skewness": 0.48296326048136556,
        "kurtosis_excess": 0.9087669958634557,
        "delta_mean_median": 0.04820693779869804
      },
      "m_o": {
        "n": 126,
        "nan_frac": 0.0,
        "mean": 0.29881059580172104,
        "median": 0.0,
        "std": 1.2151731253294897,
        "iqr": 1.501961588859558,
        "mad": 0.674490749835968,
        "mad_sigma": 0.9999999857068061,
        "skewness": 1.400271897338588,
        "kurtosis_excess": 2.9399383227035916,
        "delta_mean_median": 0.29881059580172104
      },
      "d_n": {
        "n": 126,
        "nan_frac": 0.0,
        "mean": 0.1655698745060594,
        "median": -3.788154572248459e-07,
        "std": 1.3538876266104234,
        "iqr": 1.3223270177841187,
        "mad": 0.674490749835968,
        "mad_sigma": 0.9999999857068061,
        "skewness": 1.7008715249920026,
        "kurtosis_excess": 5.018613656330279,
        "delta_mean_median": 0.16557025332151662
      },
      "d_l": {
        "n": 126,
        "nan_frac": 0.0,
        "mean": 0.2770163995465116,
        "median": 0.0,
        "std": 1.4367850223501741,
        "iqr": 1.4822481274604797,
        "mad": 0.6744906902313232,
        "mad_sigma": 0.9999998973369598,
        "skewness": 1.3082457569917663,
        "kurtosis_excess": 3.963929651488484,
        "delta_mean_median": 0.2770163995465116
      },
      "d_s": {
        "n": 126,
        "nan_frac": 0.0,
        "mean": 0.2836556153682371,
        "median": 1.1641532182693481e-07,
        "std": 1.0694758347554447,
        "iqr": 1.4542223364114761,
        "mad": 0.6744907200336456,
        "mad_sigma": 0.999999941521883,
        "skewness": 0.8468048588868806,
        "kurtosis_excess": 0.4581865784909436,
        "delta_mean_median": 0.28365549895291525
      },
      "e_e": {
        "n": 126,
        "nan_frac": 0.0,
        "mean": 0.04962213316910146,
        "median": -2.2941967472434044e-06,
        "std": 1.133771999422999,
        "iqr": 1.3420656323432922,
        "mad": 0.6744907200336456,
        "mad_sigma": 0.999999941521883,
        "skewness": 0.8559549848257308,
        "kurtosis_excess": 1.9440832527392091,
        "delta_mean_median": 0.049624427365848704
      },
      "e_s": {
        "n": 126,
        "nan_frac": 0.0,
        "mean": -0.09252822546044454,
        "median": 7.573980838060379e-07,
        "std": 1.346007775633086,
        "iqr": 1.3827229142189026,
        "mad": 0.6744899924378842,
        "mad_sigma": 0.9999988627884071,
        "skewness": -0.38877308208543887,
        "kurtosis_excess": 4.952419311559426,
        "delta_mean_median": -0.09252898285852834
      },
      "e_m": {
        "n": 126,
        "nan_frac": 0.0,
        "mean": 0.1016932288036933,
        "median": 0.0,
        "std": 1.177163495091639,
        "iqr": 1.2764326483011246,
        "mad": 0.674490749835968,
        "mad_sigma": 0.9999999857068061,
        "skewness": 1.05850551347543,
        "kurtosis_excess": 2.055553544440179,
        "delta_mean_median": 0.1016932288036933
      }
    }
  },
  "entropy_provisional": {},
  "geometry_contract": {
    "policy_version": "standard_invalidity_v1",
    "status": "ok",
    "primary_requires_coords_9d": true,
    "shared_time_grid": {
      "epochs_before_policy": 126,
      "epochs_retained": 126,
      "epochs_dropped": 0,
      "drop_fraction": 0.0,
      "dropped_epoch_indices_preview": [],
      "drop_reason_counts": {
        "mnps_3d_nonfinite_rows": 0,
        "coords_9d_nonfinite_rows_affecting_primary": 0
      }
    },
    "mnps_3d": {
      "finite_row_fraction_before": 1.0,
      "nonfinite_row_count": 0,
      "degenerate_axes": [],
      "all_nan_axes": []
    },
    "coords_9d": {
      "available": true,
      "shape_matches_time_grid": true,
      "finite_row_fraction_before": 1.0,
      "nonfinite_row_count": 0,
      "nonfinite_rows_retained_on_shared_grid": 0,
      "degenerate_axes": [],
      "all_nan_axes": []
    },
    "time_grid": {
      "status": "ok",
      "warnings": [],
      "window_count": 126,
      "finite_window_bounds_fraction": 1.0,
      "dt_source": "window_start",
      "dt_sec_runtime": 4.0,
      "dt_sec_config": 4.0,
      "window_sec_config": 8.0,
      "dt_matches_runtime": true,
      "dt_matches_config_formula": true,
      "window_len_matches_config": true,
      "nonpositive_dt_count": 0,
      "nonpositive_window_len_count": 0,
      "dt_intervals_sec": {
        "n": 125,
        "mean": 4.0,
        "median": 4.0,
        "iqr": 0.0,
        "p95": 4.0,
        "max": 4.0
      },