{
  "dataset_id": "ds004511:sub-S210118:ses-01_rest_run-01",
  "subject": "sub-S210118",
  "session": "ses-01",
  "reliability_axes": {
    "m": 0.7376100565217001,
    "d": 0.6316879115281865,
    "e": 0.8213435445170958
  },
  "reliability_subcoords": {
    "m_a": 0.7596129927066968,
    "m_e": 0.7203325137794068,
    "m_o": 0.7341590126207835,
    "d_n": 0.6554167424511083,
    "d_l": 0.7328767660469754,
    "d_s": 0.5520371166244125,
    "e_e": 0.6425947405885147,
    "e_s": 0.7278697224388295,
    "e_m": 0.556249536048378
  }
}