{
  "dataset_id": "ds004511:sub-S210118:ses-01_rest_run-01",
  "subject": "sub-S210118",
  "session": "ses-01",
  "coverage": {
    "epochs": 125,
    "seconds": 500.0
  },
  "artifacts": {
    "methods": [
      "ica"
    ],
    "bad_eeg_channels": [
      "Batt_0",
      "Batt_1",
      "Batt_2",
      "Batt_3",
      "Foto",
      "Gnd-Ref",
      "Gnd-Ref1",
      "Gnd-Ref2",
      "Gnd-Ref3",
      "Ref",
      "Sync"
    ],
    "n_bad_eeg_channels": 11,
    "stem_collisions": {}
  },
  "ensemble": {
    "var_by_subcoord": {
      "m_a": 0.0022423185873776674,
      "m_e": 0.0,
      "m_o": 0.0,
      "d_n": 0.0,
      "d_l": 0.0,
      "d_s": 0.0,
      "e_e": 0.0,
      "e_s": 0.0,
      "e_m": 0.0
    },
    "var_mean": 0.0002491465097086297,
    "var_max": 0.0022423185873776674
  },
  "reliability": {
    "axes": {
      "m": 0.7376100565217001,
      "d": 0.6316879115281865,
      "e": 0.8213435445170958
    },
    "subcoords": {
      "m_a": 0.7596129927066968,
      "m_e": 0.7203325137794068,
      "m_o": 0.7341590126207835,
      "d_n": 0.6554167424511083,
      "d_l": 0.7328767660469754,
      "d_s": 0.5520371166244125,
      "e_e": 0.6425947405885147,
      "e_s": 0.7278697224388295,
      "e_m": 0.556249536048378
    }
  },
  "dist_summary": {
    "axes": {
      "m": {
        "n": 125,
        "nan_frac": 0.0,
        "mean": -0.02454753668513149,
        "median": -0.0950072854757309,
        "std": 0.7685042239543963,
        "iqr": 1.017277479171753,
        "mad": 0.5006483942270279,
        "mad_sigma": 0.7422613092809915,
        "skewness": -0.08178400375525426,
        "kurtosis_excess": -0.02088502638245071,
        "delta_mean_median": 0.07045974879059941
      },
      "d": {
        "n": 125,
        "nan_frac": 0.0,
        "mean": 0.0712767224831041,
        "median": 0.09929053485393524,
        "std": 0.6456793898362674,
        "iqr": 0.5601708143949509,
        "mad": 0.3027736395597458,
        "mad_sigma": 0.4488921980112791,
        "skewness": -0.6569338380449009,
        "kurtosis_excess": 1.799676226815305,
        "delta_mean_median": -0.028013812370831143
      },
      "e": {
        "n": 125,
        "nan_frac": 0.0,
        "mean": 0.1174223349019885,
        "median": -0.020068442448973656,
        "std": 0.7404769842157956,
        "iqr": 0.7305386364459991,
        "mad": 0.3833364900201559,
        "mad_sigma": 0.5683346801038831,
        "skewness": 1.523384764810422,
        "kurtosis_excess": 2.7620593590202356,
        "delta_mean_median": 0.13749077735096216
      }
    },
    "subcoords": {
      "m_a": {
        "n": 125,
        "nan_frac": 0.0,
        "mean": -0.09211750164628028,
        "median": -0.07521498203277588,
        "std": 1.056574713639949,
        "iqr": 1.1573627591133118,
        "mad": 0.5674383640289307,
        "mad_sigma": 0.8412841185092925,
        "skewness": -1.3419501708739687,
        "kurtosis_excess": 3.576276813878195,
        "delta_mean_median": -0.016902519613504405
      },
      "m_e": {
        "n": 125,
        "nan_frac": 0.0,
        "mean": 0.015804165422916412,
        "median": 0.0,
        "std": 0.9011294679852268,
        "iqr": 1.375019133090973,
        "mad": 0.674490749835968,
        "mad_sigma": 0.9999999857068061,
        "skewness": -0.013280209035331475,
        "kurtosis_excess": -0.6414178978079903,
        "delta_mean_median": 0.015804165422916412
      },
      "m_o": {
        "n": 125,
        "nan_frac": 0.0,
        "mean": 0.019230109460651873,
        "median": 0.0,
        "std": 0.8875729917237705,
        "iqr": 1.3106927871704102,
        "mad": 0.674490749835968,
        "mad_sigma": 0.9999999857068061,
        "skewness": 0.37116514762325953,
        "kurtosis_excess": -0.34922469412427803,
        "delta_mean_median": 0.019230109460651873
      },
      "d_n": {
        "n": 125,
        "nan_frac": 0.0,
        "mean": 0.13881682766228914,
        "median": 0.0,
        "std": 1.077435427918245,
        "iqr": 1.4639878273010254,
        "mad": 0.674490749835968,
        "mad_sigma": 0.9999999857068061,
        "skewness": 0.7445915243541911,
        "kurtosis_excess": 0.5652789921655899,
        "delta_mean_median": 0.13881682766228914
      },
      "d_l": {
        "n": 125,
        "nan_frac": 0.0,
        "mean": -0.14478754546493292,
        "median": 0.0,
        "std": 1.4245656031537322,
        "iqr": 1.3231631517410278,
        "mad": 0.674490749835968,
        "mad_sigma": 0.9999999857068061,
        "skewness": -1.4064993078940233,
        "kurtosis_excess": 3.8340458933218784,
        "delta_mean_median": -0.14478754546493292
      },
      "d_s": {
        "n": 125,
        "nan_frac": 0.0,
        "mean": 0.5834290236625821,
        "median": 0.0,
        "std": 1.4876038990981582,
        "iqr": 1.639597862958908,
        "mad": 0.674490749835968,
        "mad_sigma": 0.9999999857068061,
        "skewness": 1.4203734630406222,
        "kurtosis_excess": 1.6508094128648088,
        "delta_mean_median": 0.5834290236625821
      },
      "e_e": {
        "n": 125,
        "nan_frac": 0.0,
        "mean": -0.029083835639059544,
        "median": 0.0,
        "std": 0.9032098373798186,
        "iqr": 1.3751397132873535,
        "mad": 0.6744906902313232,
        "mad_sigma": 0.9999998973369598,
        "skewness": -0.022155187079445922,
        "kurtosis_excess": -0.1227568068229834,
        "delta_mean_median": -0.029083835639059544
      },
      "e_s": {
        "n": 125,
        "nan_frac": 0.0,
        "mean": 0.3188077333122492,
        "median": 0.0,
        "std": 1.6649422482545815,
        "iqr": 1.3810283541679382,
        "mad": 0.674490749835968,
        "mad_sigma": 0.9999999857068061,
        "skewness": 1.795167575934228,
        "kurtosis_excess": 3.6593245916269455,
        "delta_mean_median": 0.3188077333122492
      },
      "e_m": {
        "n": 125,
        "nan_frac": 0.0,
        "mean": 0.10646621531248093,
        "median": 0.0,
        "std": 1.1122542362813137,
        "iqr": 1.3174744248390198,
        "mad": 0.6744906306266785,
        "mad_sigma": 0.9999998089671135,
        "skewness": 1.481759461306502,
        "kurtosis_excess": 4.116873898308043,
        "delta_mean_median": 0.10646621531248093
      }
    }
  },
  "entropy_provisional": {},
  "geometry_contract": {
    "policy_version": "standard_invalidity_v1",
    "status": "ok",
    "primary_requires_coords_9d": true,
    "shared_time_grid": {
      "epochs_before_policy": 125,
      "epochs_retained": 125,
      "epochs_dropped": 0,
      "drop_fraction": 0.0,
      "dropped_epoch_indices_preview": [],
      "drop_reason_counts": {
        "mnps_3d_nonfinite_rows": 0,
        "coords_9d_nonfinite_rows_affecting_primary": 0
      }
    },
    "mnps_3d": {
      "finite_row_fraction_before": 1.0,
      "nonfinite_row_count": 0,
      "degenerate_axes": [],
      "all_nan_axes": []
    },
    "coords_9d": {
      "available": true,
      "shape_matches_time_grid": true,
      "finite_row_fraction_before": 1.0,
      "nonfinite_row_count": 0,
      "nonfinite_rows_retained_on_shared_grid": 0,
      "degenerate_axes": [],
      "all_nan_axes": []
    },
    "time_grid": {
      "status": "ok",
      "warnings": [],
      "window_count": 125,
      "finite_window_bounds_fraction": 1.0,
      "dt_source": "window_start",
      "dt_sec_runtime": 4.0,
      "dt_sec_config": 4.0,
      "window_sec_config": 8.0,
      "dt_matches_runtime": true,
      "dt_matches_config_formula": true,
      "window_len_matches_config": true,
      "nonpositive_dt_count": 0,
      "nonpositive_window_len_count": 0,
      "dt_intervals_sec": {
        "n": 124,
        "mean": 4.0,
        "median": 4.0,
        "iqr": 0.0,
        "p95": 4.0,
        "max": 4.0
      },
      "window_lengths_sec": {
        "n": 125,
        "mean": 8.0,
        "median": 8.0,
        "iqr": 0.0,
        "p95": 8.0,
        "max": 8.0
      }
    },