{
  "dataset_id": "ds004511:sub-S210215:ses-01_gambling_run-01",
  "subject": "sub-S210215",
  "session": "ses-01",
  "reliability_axes": {
    "m": 0.6755501974457928,
    "d": 0.7156972529466218,
    "e": 0.6321771310981442
  },
  "reliability_subcoords": {
    "m_a": 0.7428318778097558,
    "m_e": 0.6488192058043865,
    "m_o": 0.6040755143517825,
    "d_n": 0.7755290116366137,
    "d_l": 0.6261237215622433,
    "d_s": 0.5939120908298123,
    "e_e": 0.6563567471806498,
    "e_s": 0.6010442624598995,
    "e_m": 0.4360599800773373
  }
}