{
  "dataset_id": "ds004511:sub-S210215:ses-01_gambling_run-01",
  "subject": "sub-S210215",
  "session": "ses-01",
  "coverage": {
    "epochs": 877,
    "seconds": 3508.0
  },
  "artifacts": {
    "methods": [
      "ica"
    ],
    "bad_eeg_channels": [
      "Batt_0",
      "Batt_1",
      "Batt_2",
      "Batt_3",
      "Gnd-Ref",
      "Gnd-Ref1",
      "Gnd-Ref2",
      "Gnd-Ref3",
      "O1",
      "Ref",
      "Sync"
    ],
    "n_bad_eeg_channels": 11,
    "stem_collisions": {}
  },
  "ensemble": {
    "var_by_subcoord": {
      "m_a": 0.0002138864219887182,
      "m_e": 0.0,
      "m_o": 0.0,
      "d_n": 0.0,
      "d_l": 0.0,
      "d_s": 0.0,
      "e_e": 0.0,
      "e_s": 0.0,
      "e_m": 0.0
    },
    "var_mean": 2.376515799874647e-05,
    "var_max": 0.0002138864219887182
  },
  "reliability": {
    "axes": {
      "m": 0.6755501974457928,
      "d": 0.7156972529466218,
      "e": 0.6321771310981442
    },
    "subcoords": {
      "m_a": 0.7428318778097558,
      "m_e": 0.6488192058043865,
      "m_o": 0.6040755143517825,
      "d_n": 0.7755290116366137,
      "d_l": 0.6261237215622433,
      "d_s": 0.5939120908298123,
      "e_e": 0.6563567471806498,
      "e_s": 0.6010442624598995,
      "e_m": 0.4360599800773373
    }
  },
  "dist_summary": {
    "axes": {
      "m": {
        "n": 877,
        "nan_frac": 0.0,
        "mean": -0.1783261919620495,
        "median": -0.06438255310058594,
        "std": 0.8655529654138778,
        "iqr": 1.0625023543834686,
        "mad": 0.5364946126937866,
        "mad_sigma": 0.795406912779808,
        "skewness": -0.8036537085805007,
        "kurtosis_excess": 1.093758180570429,
        "delta_mean_median": -0.11394363886146355
      },
      "d": {
        "n": 877,
        "nan_frac": 0.0,
        "mean": 0.17374429961151192,
        "median": 0.162390798330307,
        "std": 1.011167350431531,
        "iqr": 0.7935729771852493,
        "mad": 0.3971422612667084,
        "mad_sigma": 0.5888031165540218,
        "skewness": 0.10406649228479846,
        "kurtosis_excess": 4.029185934342721,
        "delta_mean_median": 0.011353501281204909
      },
      "e": {
        "n": 877,
        "nan_frac": 0.0,
        "mean": 0.0428301328127474,
        "median": 0.04386300966143608,
        "std": 0.8990496822044599,
        "iqr": 0.8424787819385529,
        "mad": 0.41538940742611885,
        "mad_sigma": 0.6158563354499638,
        "skewness": -0.19540329683031177,
        "kurtosis_excess": 3.657950193056294,
        "delta_mean_median": -0.0010328768486886838
      }
    },
    "subcoords": {
      "m_a": {
        "n": 877,
        "nan_frac": 0.0,
        "mean": -0.445189476667074,
        "median": 0.024276841431856155,
        "std": 1.6497159298695154,
        "iqr": 1.2286381125450134,
        "mad": 0.5670341737568378,
        "mad_sigma": 0.8406848660118877,
        "skewness": -1.856201900540564,
        "kurtosis_excess": 3.2494583443272846,
        "delta_mean_median": -0.46946631809893014
      },
      "m_e": {
        "n": 877,
        "nan_frac": 0.0,
        "mean": -0.12959276509225398,
        "median": 0.0,
        "std": 0.9106263361364578,
        "iqr": 1.4070106744766235,
        "mad": 0.674490749835968,
        "mad_sigma": 0.9999999857068061,
        "skewness": -0.3393372631112228,
        "kurtosis_excess": -0.6810000832258511,
        "delta_mean_median": -0.12959276509225398
      },
      "m_o": {
        "n": 877,
        "nan_frac": 0.0,
        "mean": 0.12978903310518747,
        "median": 0.0,
        "std": 0.9038607248147272,
        "iqr": 1.3513346910476685,
        "mad": 0.674490749835968,
        "mad_sigma": 0.9999999857068061,
        "skewness": 0.9475064925786272,
        "kurtosis_excess": 1.5352436866586903,
        "delta_mean_median": 0.12978903310518747
      },
      "d_n": {
        "n": 877,
        "nan_frac": 0.0,
        "mean": 0.5566326457759665,
        "median": 0.0,
        "std": 1.7885287073885012,
        "iqr": 1.5424286723136902,
        "mad": 0.674490749835968,
        "mad_sigma": 0.9999999857068061,
        "skewness": 1.7135344799948948,
        "kurtosis_excess": 2.4348207941979547,
        "delta_mean_median": 0.5566326457759665
      },
      "d_l": {
        "n": 877,
        "nan_frac": 0.0,
        "mean": -0.195167922501122,
        "median": 0.0,
        "std": 1.6223313298112179,
        "iqr": 1.3421103358268738,
        "mad": 0.674490749835968,
        "mad_sigma": 0.9999999857068061,
        "skewness": -1.4864403686604941,
        "kurtosis_excess": 4.521418421132139,
        "delta_mean_median": -0.195167922501122
      },
      "d_s": {
        "n": 877,
        "nan_frac": 0.0,
        "mean": 0.5704008513941305,
        "median": 0.0,
        "std": 1.596834085017092,
        "iqr": 1.6032291650772095,
        "mad": 0.674490749835968,
        "mad_sigma": 0.9999999857068061,
        "skewness": 1.6086332975771838,
        "kurtosis_excess": 2.22646151795385,
        "delta_mean_median": 0.5704008513941305
      },
      "e_e": {
        "n": 877,
        "nan_frac": 0.0,
        "mean": -0.1389462550634257,
        "median": 0.0,
        "std": 1.1389062859871777,
        "iqr": 1.3736221194267273,
        "mad": 0.6744906902313232,
        "mad_sigma": 0.9999998973369598,
        "skewness": -0.9566310322252958,
        "kurtosis_excess": 2.2380817661711454,
        "delta_mean_median": -0.1389462550634257
      },
      "e_s": {
        "n": 877,
        "nan_frac": 0.0,
        "mean": 0.2931545137852789,
        "median": 0.0,
        "std": 1.798042442099601,
        "iqr": 1.3523772954940796,
        "mad": 0.674490749835968,
        "mad_sigma": 0.9999999857068061,
        "skewness": 1.6163163114551073,
        "kurtosis_excess": 3.6822266057664725,
        "delta_mean_median": 0.2931545137852789
      },
      "e_m": {
        "n": 877,
        "nan_frac": 0.0,
        "mean": 0.019790869960964932,
        "median": 0.0,
        "std": 1.011021903965961,
        "iqr": 1.3451475501060486,
        "mad": 0.6744906306266785,
        "mad_sigma": 0.9999998089671135,
        "skewness": 0.23097003601720306,
        "kurtosis_excess": 0.39373665859914997,
        "delta_mean_median": 0.019790869960964932
      }
    }
  },
  "entropy_provisional": {},
  "geometry_contract": {
    "policy_version": "standard_invalidity_v1",
    "status": "ok",
    "primary_requires_coords_9d": true,
    "shared_time_grid": {
      "epochs_before_policy": 877,
      "epochs_retained": 877,
      "epochs_dropped": 0,
      "drop_fraction": 0.0,
      "dropped_epoch_indices_preview": [],
      "drop_reason_counts": {
        "mnps_3d_nonfinite_rows": 0,
        "coords_9d_nonfinite_rows_affecting_primary": 0
      }
    },
    "mnps_3d": {
      "finite_row_fraction_before": 1.0,
      "nonfinite_row_count": 0,
      "degenerate_axes": [],
      "all_nan_axes": []
    },
    "coords_9d": {
      "available": true,
      "shape_matches_time_grid": true,
      "finite_row_fraction_before": 1.0,
      "nonfinite_row_count": 0,
      "nonfinite_rows_retained_on_shared_grid": 0,
      "degenerate_axes": [],
      "all_nan_axes": []
    },
    "time_grid": {
      "status": "ok",
      "warnings": [],
      "window_count": 877,
      "finite_window_bounds_fraction": 1.0,
      "dt_source": "window_start",
      "dt_sec_runtime": 4.0,
      "dt_sec_config": 4.0,
      "window_sec_config": 8.0,
      "dt_matches_runtime": true,
      "dt_matches_config_formula": true,
      "window_len_matches_config": true,
      "nonpositive_dt_count": 0,
      "nonpositive_window_len_count": 0,
      "dt_intervals_sec": {
        "n": 876,
        "mean": 4.0,
        "median": 4.0,
        "iqr": 0.0,
        "p95": 4.0,
        "max": 4.0
      },
      "window_lengths_sec": {
        "n": 877,
        "mean": 8.0,
        "median": 8.0,
        "iqr": 0.0,
        "p95": 8.0,
        "max": 8.0
      }
    },