{
  "dataset_id": "ds004511:sub-S200131:ses-01_gambling_run-01",
  "subject": "sub-S200131",
  "session": "ses-01",
  "reliability_axes": {
    "m": 0.653320450753157,
    "d": 0.5738918628313042,
    "e": 0.6297920977367175
  },
  "reliability_subcoords": {
    "m_a": 0.661674796906802,
    "m_e": 0.6704809629345694,
    "m_o": 0.49252286508101983,
    "d_n": 0.6796037458272853,
    "d_l": 0.6031292707696084,
    "d_s": 0.4737184861472784,
    "e_e": 0.8409877600637663,
    "e_s": 0.5163197447351016,
    "e_m": 0.5244647118324224
  }
}