{
  "dataset_id": "ds004511:sub-S200131:ses-01_gambling_run-01",
  "subject": "sub-S200131",
  "session": "ses-01",
  "coverage": {
    "epochs": 1021,
    "seconds": 4084.0
  },
  "artifacts": {
    "methods": [
      "ica"
    ],
    "bad_eeg_channels": [
      "Batt_0",
      "Batt_1",
      "Batt_2",
      "Batt_3",
      "FT9",
      "Gnd-Ref",
      "Gnd-Ref1",
      "Gnd-Ref2",
      "Gnd-Ref3",
      "Ref",
      "Sync"
    ],
    "n_bad_eeg_channels": 11,
    "stem_collisions": {}
  },
  "ensemble": {
    "var_by_subcoord": {
      "m_a": 0.0009725872660055757,
      "m_e": 0.0,
      "m_o": 0.0,
      "d_n": 0.0,
      "d_l": 0.0,
      "d_s": 0.0,
      "e_e": 0.0,
      "e_s": 0.0,
      "e_m": 0.0
    },
    "var_mean": 0.0001080652517783973,
    "var_max": 0.0009725872660055757
  },
  "reliability": {
    "axes": {
      "m": 0.653320450753157,
      "d": 0.5738918628313042,
      "e": 0.6297920977367175
    },
    "subcoords": {
      "m_a": 0.661674796906802,
      "m_e": 0.6704809629345694,
      "m_o": 0.49252286508101983,
      "d_n": 0.6796037458272853,
      "d_l": 0.6031292707696084,
      "d_s": 0.4737184861472784,
      "e_e": 0.8409877600637663,
      "e_s": 0.5163197447351016,
      "e_m": 0.5244647118324224
    }
  },
  "dist_summary": {
    "axes": {
      "m": {
        "n": 1021,
        "nan_frac": 0.0,
        "mean": -0.179191232442283,
        "median": -0.029859621077775955,
        "std": 1.0377880290839432,
        "iqr": 1.0298716127872467,
        "mad": 0.5103545673191547,
        "mad_sigma": 0.7566516815073788,
        "skewness": -1.2381497346283865,
        "kurtosis_excess": 2.8956439134376426,
        "delta_mean_median": -0.14933161136450704
      },
      "d": {
        "n": 1021,
        "nan_frac": 0.0,
        "mean": -0.006721641901447451,
        "median": 0.02249332144856453,
        "std": 0.6627154471556742,
        "iqr": 0.7491677701473236,
        "mad": 0.3751155845820904,
        "mad_sigma": 0.5561463657014072,
        "skewness": -0.6254287011569021,
        "kurtosis_excess": 2.094745219187093,
        "delta_mean_median": -0.02921496335001198
      },
      "e": {
        "n": 1021,
        "nan_frac": 0.0,
        "mean": 0.14035926177189206,
        "median": 0.06770214438438416,
        "std": 0.9232742885792227,
        "iqr": 0.883110910654068,
        "mad": 0.44082558155059814,
        "mad_sigma": 0.6535680072069168,
        "skewness": 0.5114684271978316,
        "kurtosis_excess": 1.2132861641582853,
        "delta_mean_median": 0.07265711738750791
      }
    },
    "subcoords": {
      "m_a": {
        "n": 1021,
        "nan_frac": 0.0,
        "mean": -0.3398492667152675,
        "median": -0.021932005882263184,
        "std": 1.4009518462459867,
        "iqr": 1.3230809569358826,
        "mad": 0.6247137784957886,
        "mad_sigma": 0.9262006479978561,
        "skewness": -1.5654546446527242,
        "kurtosis_excess": 2.960149487078132,
        "delta_mean_median": -0.3179172608330043
      },
      "m_e": {
        "n": 1021,
        "nan_frac": 0.0,
        "mean": -0.27284223668136565,
        "median": 0.0,
        "std": 1.3474673968403552,
        "iqr": 1.4113897681236267,
        "mad": 0.674490749835968,
        "mad_sigma": 0.9999999857068061,
        "skewness": -1.372067234300963,
        "kurtosis_excess": 2.7879779590833573,
        "delta_mean_median": -0.27284223668136565
      },
      "m_o": {
        "n": 1021,
        "nan_frac": 0.0,
        "mean": 0.1566221816325013,
        "median": 0.0,
        "std": 1.1465862566316114,
        "iqr": 1.3690152168273926,
        "mad": 0.674490749835968,
        "mad_sigma": 0.9999999857068061,
        "skewness": 0.946234285086227,
        "kurtosis_excess": 1.7526726536037458,
        "delta_mean_median": 0.1566221816325013
      },
      "d_n": {
        "n": 1021,
        "nan_frac": 0.0,
        "mean": 0.3981260777919496,
        "median": 0.0,
        "std": 1.5493142816680485,
        "iqr": 1.4107880592346191,
        "mad": 0.674490749835968,
        "mad_sigma": 0.9999999857068061,
        "skewness": 1.3946357722691034,
        "kurtosis_excess": 1.9046308773220915,
        "delta_mean_median": 0.3981260777919496
      },
      "d_l": {
        "n": 1021,
        "nan_frac": 0.0,
        "mean": -0.32047601011218846,
        "median": 0.0,
        "std": 1.3943203272501055,
        "iqr": 1.4125012159347534,
        "mad": 0.6744908094406128,
        "mad_sigma": 1.0000000740766524,
        "skewness": -1.4978499992973349,
        "kurtosis_excess": 3.1232295181287864,
        "delta_mean_median": -0.32047601011218846
      },
      "d_s": {
        "n": 1021,
        "nan_frac": 0.0,
        "mean": 0.18918805626238333,
        "median": 0.0,
        "std": 1.1874944595731356,
        "iqr": 1.3680976629257202,
        "mad": 0.674490749835968,
        "mad_sigma": 0.9999999857068061,
        "skewness": 1.272840984669536,
        "kurtosis_excess": 3.29532666164412,
        "delta_mean_median": 0.18918805626238333
      },
      "e_e": {
        "n": 1021,
        "nan_frac": 0.0,
        "mean": -0.202948561483658,
        "median": 0.0,
        "std": 1.1871838367484873,
        "iqr": 1.383088767528534,
        "mad": 0.6744906902313232,
        "mad_sigma": 0.9999998973369598,
        "skewness": -1.3160990990600603,
        "kurtosis_excess": 2.777906855389136,
        "delta_mean_median": -0.202948561483658
      },
      "e_s": {
        "n": 1021,
        "nan_frac": 0.0,
        "mean": 0.6162866639714719,
        "median": 0.0,
        "std": 1.9336656972404869,
        "iqr": 1.5057687163352966,
        "mad": 0.674490749835968,
        "mad_sigma": 0.9999999857068061,
        "skewness": 1.5249800698410052,
        "kurtosis_excess": 1.5773116699580436,
        "delta_mean_median": 0.6162866639714719
      },
      "e_m": {
        "n": 1021,
        "nan_frac": 0.0,
        "mean": 0.0315817211595903,
        "median": 0.0,
        "std": 1.0241751315951237,
        "iqr": 1.3478537201881409,
        "mad": 0.6744906306266785,
        "mad_sigma": 0.9999998089671135,
        "skewness": 0.5321307396982231,
        "kurtosis_excess": 1.4526559049497116,
        "delta_mean_median": 0.0315817211595903
      }
    }
  },
  "entropy_provisional": {},
  "geometry_contract": {
    "policy_version": "standard_invalidity_v1",
    "status": "ok",
    "primary_requires_coords_9d": true,
    "shared_time_grid": {
      "epochs_before_policy": 1021,
      "epochs_retained": 1021,
      "epochs_dropped": 0,
      "drop_fraction": 0.0,
      "dropped_epoch_indices_preview": [],
      "drop_reason_counts": {
        "mnps_3d_nonfinite_rows": 0,
        "coords_9d_nonfinite_rows_affecting_primary": 0
      }
    },
    "mnps_3d": {
      "finite_row_fraction_before": 1.0,
      "nonfinite_row_count": 0,
      "degenerate_axes": [],
      "all_nan_axes": []
    },
    "coords_9d": {
      "available": true,
      "shape_matches_time_grid": true,
      "finite_row_fraction_before": 1.0,
      "nonfinite_row_count": 0,
      "nonfinite_rows_retained_on_shared_grid": 0,
      "degenerate_axes": [],
      "all_nan_axes": []
    },
    "time_grid": {
      "status": "ok",
      "warnings": [],
      "window_count": 1021,
      "finite_window_bounds_fraction": 1.0,
      "dt_source": "window_start",
      "dt_sec_runtime": 4.0,
      "dt_sec_config": 4.0,
      "window_sec_config": 8.0,
      "dt_matches_runtime": true,
      "dt_matches_config_formula": true,
      "window_len_matches_config": true,
      "nonpositive_dt_count": 0,
      "nonpositive_window_len_count": 0,
      "dt_intervals_sec": {
        "n": 1020,
        "mean": 4.0,
        "median": 4.0,
        "iqr": 0.0,
        "p95": 4.0,
        "max": 4.0
      },
      "window_lengths_sec": {
        "n": 1021,
        "mean": 8.0,
        "median": 8.0,
        "iqr": 0.0,
        "p95": 8.0,
        "max": 8.0
      }
    },