{
  "dataset_id": "ds004511:sub-S201223:ses-01_rest_run-01",
  "subject": "sub-S201223",
  "session": "ses-01",
  "reliability_axes": {
    "m": 0.7754426251633176,
    "d": 0.883458658317457,
    "e": 0.7235643152953971
  },
  "reliability_subcoords": {
    "m_a": 0.7578771305233708,
    "m_e": 0.8026170058357036,
    "m_o": 0.6942327854915159,
    "d_n": 0.8998771792673509,
    "d_l": 0.8361998495567619,
    "d_s": 0.7810835277669453,
    "e_e": 0.8793875077575095,
    "e_s": 0.665989221203092,
    "e_m": 0.6335027016520278
  }
}