{
  "dataset_id": "ds004511:sub-S201223:ses-01_rest_run-01",
  "subject": "sub-S201223",
  "session": "ses-01",
  "coverage": {
    "epochs": 123,
    "seconds": 492.0
  },
  "artifacts": {
    "methods": [
      "ica"
    ],
    "bad_eeg_channels": [
      "Batt_0",
      "Batt_1",
      "Batt_2",
      "Batt_3",
      "CPP5",
      "Foto",
      "Gnd-Ref",
      "Gnd-Ref1",
      "Gnd-Ref2",
      "Gnd-Ref3",
      "Ref",
      "Sync"
    ],
    "n_bad_eeg_channels": 12,
    "stem_collisions": {}
  },
  "ensemble": {
    "var_by_subcoord": {
      "m_a": 0.0002635984565131366,
      "m_e": 0.0,
      "m_o": 0.0,
      "d_n": 0.0,
      "d_l": 0.0,
      "d_s": 0.0,
      "e_e": 0.0,
      "e_s": 0.0,
      "e_m": 0.0
    },
    "var_mean": 2.9288717390348513e-05,
    "var_max": 0.0002635984565131366
  },
  "reliability": {
    "axes": {
      "m": 0.7754426251633176,
      "d": 0.883458658317457,
      "e": 0.7235643152953971
    },
    "subcoords": {
      "m_a": 0.7578771305233708,
      "m_e": 0.8026170058357036,
      "m_o": 0.6942327854915159,
      "d_n": 0.8998771792673509,
      "d_l": 0.8361998495567619,
      "d_s": 0.7810835277669453,
      "e_e": 0.8793875077575095,
      "e_s": 0.665989221203092,
      "e_m": 0.6335027016520278
    }
  },
  "dist_summary": {
    "axes": {
      "m": {
        "n": 123,
        "nan_frac": 0.0,
        "mean": 0.17378846421928668,
        "median": -0.052500609308481216,
        "std": 0.9501529683724169,
        "iqr": 1.1254605948925018,
        "mad": 0.5311446748673916,
        "mad_sigma": 0.7874750949583947,
        "skewness": 1.2718511038677498,
        "kurtosis_excess": 1.9401092132722404,
        "delta_mean_median": 0.2262890735277679
      },
      "d": {
        "n": 123,
        "nan_frac": 0.0,
        "mean": 0.4671241625711867,
        "median": 0.031537510454654694,
        "std": 1.238465020955195,
        "iqr": 1.0858443826436996,
        "mad": 0.44506529718637466,
        "mad_sigma": 0.659853809608519,
        "skewness": 1.1966888306903298,
        "kurtosis_excess": 0.19563538177794992,
        "delta_mean_median": 0.435586652116532
      },
      "e": {
        "n": 123,
        "nan_frac": 0.0,
        "mean": 0.0794563547389135,
        "median": -0.012030442245304585,
        "std": 0.7029689415084632,
        "iqr": 0.5505566745996475,
        "mad": 0.2689870400354266,
        "mad_sigma": 0.39880018555652347,
        "skewness": 3.7151407140680583,
        "kurtosis_excess": 17.81514425661676,
        "delta_mean_median": 0.09148679698421809
      }
    },
    "subcoords": {
      "m_a": {
        "n": 123,
        "nan_frac": 0.0,
        "mean": 0.06370754449105845,
        "median": 0.006840348243713379,
        "std": 1.0915870698807166,
        "iqr": 1.3145999908447266,
        "mad": 0.6624123454093933,
        "mad_sigma": 0.9820925433039664,
        "skewness": -0.30779343022317857,
        "kurtosis_excess": 2.297562471063298,
        "delta_mean_median": 0.05686719624734507
      },
      "m_e": {
        "n": 123,
        "nan_frac": 0.0,
        "mean": 0.22681250467109002,
        "median": 0.0,
        "std": 1.1822397292663025,
        "iqr": 1.3854467868804932,
        "mad": 0.674490749835968,
        "mad_sigma": 0.9999999857068061,
        "skewness": 1.139725830974861,
        "kurtosis_excess": 1.1840767028923018,
        "delta_mean_median": 0.22681250467109002
      },
      "m_o": {
        "n": 123,
        "nan_frac": 0.0,
        "mean": 0.2606483527905936,
        "median": 0.0,
        "std": 1.314754728676218,
        "iqr": 1.342587262392044,
        "mad": 0.674490749835968,
        "mad_sigma": 0.9999999857068061,
        "skewness": 1.6420812380591765,
        "kurtosis_excess": 2.7841695178439068,
        "delta_mean_median": 0.2606483527905936
      },
      "d_n": {
        "n": 123,
        "nan_frac": 0.0,
        "mean": 0.07382398983889554,
        "median": 0.0,
        "std": 1.1298532852082315,
        "iqr": 1.3491222858428955,
        "mad": 0.674490749835968,
        "mad_sigma": 0.9999999857068061,
        "skewness": 0.17968151271518298,
        "kurtosis_excess": -0.14847929794929504,
        "delta_mean_median": 0.07382398983889554
      },
      "d_l": {
        "n": 123,
        "nan_frac": 0.0,
        "mean": 0.8149689009405552,
        "median": 0.0,
        "std": 2.069493972747798,
        "iqr": 2.3269200921058655,
        "mad": 0.6744906902313232,
        "mad_sigma": 0.9999998973369598,
        "skewness": 0.9863873419848889,
        "kurtosis_excess": -0.07981064178714625,
        "delta_mean_median": 0.8149689009405552
      },
      "d_s": {
        "n": 123,
        "nan_frac": 0.0,
        "mean": 0.1507577509051416,
        "median": 0.0,
        "std": 1.0874255340842316,
        "iqr": 1.3955908119678497,
        "mad": 0.674490749835968,
        "mad_sigma": 0.9999999857068061,
        "skewness": 0.7163686981470413,
        "kurtosis_excess": 0.1077621830647435,
        "delta_mean_median": 0.1507577509051416
      },
      "e_e": {
        "n": 123,
        "nan_frac": 0.0,
        "mean": 0.22057722127292215,
        "median": 0.0,
        "std": 1.0198849577507374,
        "iqr": 1.7267054617404938,
        "mad": 0.674490749835968,
        "mad_sigma": 0.9999999857068061,
        "skewness": 0.5127501556205376,
        "kurtosis_excess": -0.8504896071881709,
        "delta_mean_median": 0.22057722127292215
      },
      "e_s": {
        "n": 123,
        "nan_frac": 0.0,
        "mean": -0.12163069236993305,
        "median": 0.0,
        "std": 1.3479260072229295,
        "iqr": 1.3054822981357574,
        "mad": 0.674490749835968,
        "mad_sigma": 0.9999999857068061,
        "skewness": 1.9068783897489843,
        "kurtosis_excess": 8.15346473726013,
        "delta_mean_median": -0.12163069236993305
      },
      "e_m": {
        "n": 123,
        "nan_frac": 0.0,
        "mean": 0.2368308971143835,
        "median": 0.0,
        "std": 1.2316543853347042,
        "iqr": 1.4614996314048767,
        "mad": 0.6744905114173889,
        "mad_sigma": 0.9999996322274207,
        "skewness": 1.9434010289029906,
        "kurtosis_excess": 6.2626814999057885,
        "delta_mean_median": 0.2368308971143835
      }
    }
  },
  "entropy_provisional": {},
  "geometry_contract": {
    "policy_version": "standard_invalidity_v1",
    "status": "ok",
    "primary_requires_coords_9d": true,
    "shared_time_grid": {
      "epochs_before_policy": 123,
      "epochs_retained": 123,
      "epochs_dropped": 0,
      "drop_fraction": 0.0,
      "dropped_epoch_indices_preview": [],
      "drop_reason_counts": {
        "mnps_3d_nonfinite_rows": 0,
        "coords_9d_nonfinite_rows_affecting_primary": 0
      }
    },
    "mnps_3d": {
      "finite_row_fraction_before": 1.0,
      "nonfinite_row_count": 0,
      "degenerate_axes": [],
      "all_nan_axes": []
    },
    "coords_9d": {
      "available": true,
      "shape_matches_time_grid": true,
      "finite_row_fraction_before": 1.0,
      "nonfinite_row_count": 0,
      "nonfinite_rows_retained_on_shared_grid": 0,
      "degenerate_axes": [],
      "all_nan_axes": []
    },
    "time_grid": {
      "status": "ok",
      "warnings": [],
      "window_count": 123,
      "finite_window_bounds_fraction": 1.0,
      "dt_source": "window_start",
      "dt_sec_runtime": 4.0,
      "dt_sec_config": 4.0,
      "window_sec_config": 8.0,
      "dt_matches_runtime": true,
      "dt_matches_config_formula": true,
      "window_len_matches_config": true,
      "nonpositive_dt_count": 0,
      "nonpositive_window_len_count": 0,
      "dt_intervals_sec": {
        "n": 122,
        "mean": 4.0,
        "median": 4.0,
        "iqr": 0.0,
        "p95": 4.0,
        "max": 4.0
      },
      "window_lengths_sec": {
        "n": 123,
        "mean": 8.0,
        "median": 8.0,
        "iqr": 0.0,
        "p95": 8.0,
        "max": 8.0
      }
    },