{
  "dataset_id": "ds004511:sub-S200121:ses-01_gambling_run-01",
  "subject": "sub-S200121",
  "session": "ses-01",
  "reliability_axes": {
    "m": 0.725438068683612,
    "d": 0.6820364598943808,
    "e": 0.5570059594029035
  },
  "reliability_subcoords": {
    "m_a": 0.7611882517404525,
    "m_e": 0.7145315287769328,
    "m_o": 0.4887753266463837,
    "d_n": 0.7879127332857496,
    "d_l": 0.7317834572140436,
    "d_s": 0.5229420441430283,
    "e_e": 0.7296296047968399,
    "e_s": 0.7149520966344707,
    "e_m": 0.611785692034591
  }
}