{
  "dataset_id": "ds004511:sub-S200121:ses-01_gambling_run-01",
  "subject": "sub-S200121",
  "session": "ses-01",
  "coverage": {
    "epochs": 958,
    "seconds": 3832.0
  },
  "artifacts": {
    "methods": [
      "ica"
    ],
    "bad_eeg_channels": [
      "Batt_0",
      "Batt_1",
      "Batt_2",
      "Batt_3",
      "CCP3",
      "CP5",
      "FT9",
      "Gnd-Ref",
      "Gnd-Ref1",
      "Gnd-Ref2",
      "Gnd-Ref3",
      "P1",
      "P7",
      "P9",
      "PO7",
      "PO9",
      "PPO1",
      "PPO5",
      "Ref",
      "Sync"
    ],
    "n_bad_eeg_channels": 20,
    "stem_collisions": {}
  },
  "ensemble": {
    "var_by_subcoord": {
      "m_a": 0.0006045241607353091,
      "m_e": 4.130354996960623e-15,
      "m_o": 1.251195565069637e-14,
      "d_n": 9.842026485787879e-15,
      "d_l": 1.4982778201704655e-13,
      "d_s": 2.698469516549751e-15,
      "e_e": 1.6986882820507754e-12,
      "e_s": 2.5958808670331623e-13,
      "e_m": 0.0
    },
    "var_mean": 6.716935143028845e-05,
    "var_max": 0.0006045241607353091
  },
  "reliability": {
    "axes": {
      "m": 0.725438068683612,
      "d": 0.6820364598943808,
      "e": 0.5570059594029035
    },
    "subcoords": {
      "m_a": 0.7611882517404525,
      "m_e": 0.7145315287769328,
      "m_o": 0.4887753266463837,
      "d_n": 0.7879127332857496,
      "d_l": 0.7317834572140436,
      "d_s": 0.5229420441430283,
      "e_e": 0.7296296047968399,
      "e_s": 0.7149520966344707,
      "e_m": 0.611785692034591
    }
  },
  "dist_summary": {
    "axes": {
      "m": {
        "n": 958,
        "nan_frac": 0.0,
        "mean": -0.3079138433148536,
        "median": 0.010613654274493456,
        "std": 1.3966926897736798,
        "iqr": 1.1189951747655869,
        "mad": 0.5486437338404357,
        "mad_sigma": 0.81341919979183,
        "skewness": -1.625367746748092,
        "kurtosis_excess": 2.6918508123374663,
        "delta_mean_median": -0.31852749758934706
      },
      "d": {
        "n": 958,
        "nan_frac": 0.0,
        "mean": -0.30084929482142564,
        "median": -0.08894409611821175,
        "std": 1.0114784401965695,
        "iqr": 0.8851209580898285,
        "mad": 0.4433399885892868,
        "mad_sigma": 0.6572958670824766,
        "skewness": -1.2759469503766145,
        "kurtosis_excess": 1.2379458907865848,
        "delta_mean_median": -0.2119051987032139
      },
      "e": {
        "n": 958,
        "nan_frac": 0.0,
        "mean": 0.2321600500801351,
        "median": 0.14400745928287506,
        "std": 0.783766288326041,
        "iqr": 0.904204361140728,
        "mad": 0.4495760351419449,
        "mad_sigma": 0.6665414297014475,
        "skewness": 0.8392274437924709,
        "kurtosis_excess": 1.1747190614920422,
        "delta_mean_median": 0.08815259079726004
      }
    },
    "subcoords": {
      "m_a": {
        "n": 958,
        "nan_frac": 0.0,
        "mean": -0.6015628786788697,
        "median": 0.027856487780809402,
        "std": 1.8698106549759277,
        "iqr": 1.3292164504528046,
        "mad": 0.5962261967360973,
        "mad_sigma": 0.8839649592809379,
        "skewness": -1.7339953148827218,
        "kurtosis_excess": 2.2208080384846776,
        "delta_mean_median": -0.6294193664596791
      },
      "m_e": {
        "n": 958,
        "nan_frac": 0.0,
        "mean": -0.32108915908313657,
        "median": 0.0,
        "std": 1.5923412059513402,
        "iqr": 1.3604295402765274,
        "mad": 0.674490749835968,
        "mad_sigma": 0.9999999857068061,
        "skewness": -1.6860153091367591,
        "kurtosis_excess": 3.3357924478219605,
        "delta_mean_median": -0.32108915908313657
      },
      "m_o": {
        "n": 958,
        "nan_frac": 0.0,
        "mean": 0.11277243777713884,
        "median": 0.0,
        "std": 1.1703832461088268,
        "iqr": 1.3285844922065735,
        "mad": 0.674490749835968,
        "mad_sigma": 0.9999999857068061,
        "skewness": 0.5177506979776447,
        "kurtosis_excess": 0.9228581502838002,
        "delta_mean_median": 0.11277243777713884
      },
      "d_n": {
        "n": 958,
        "nan_frac": 0.0,
        "mean": 0.2472806918474414,
        "median": 4.2869942262768745e-07,
        "std": 1.3386307294567283,
        "iqr": 1.353676825761795,
        "mad": 0.6744907796382904,
        "mad_sigma": 1.0000000298917293,
        "skewness": 1.588378756432741,
        "kurtosis_excess": 3.362286529567199,
        "delta_mean_median": 0.24728026314801876
      },
      "d_l": {
        "n": 958,
        "nan_frac": 0.0,
        "mean": -0.7644474934110912,
        "median": 5.392357707023621e-07,
        "std": 2.0970074169456057,
        "iqr": 1.5668953955173492,
        "mad": 0.674490749835968,
        "mad_sigma": 0.9999999857068061,
        "skewness": -1.549557532686829,
        "kurtosis_excess": 1.2765663814204222,
        "delta_mean_median": -0.7644480326468619
      },
      "d_s": {
        "n": 958,
        "nan_frac": 0.0,
        "mean": 0.07802756499311457,
        "median": 9.650830179452896e-08,
        "std": 1.09544612892607,
        "iqr": 1.3482100069522858,
        "mad": 0.6744906533276662,
        "mad_sigma": 0.9999998426235979,
        "skewness": 0.5317318806028555,
        "kurtosis_excess": 0.8877574125728462,
        "delta_mean_median": 0.07802746848481278
      },
      "e_e": {
        "n": 958,
        "nan_frac": 0.0,
        "mean": -0.23501116391621327,
        "median": 0.0,
        "std": 1.360307800334107,
        "iqr": 1.4014808237552643,
        "mad": 0.6744906604290009,
        "mad_sigma": 0.9999998531520367,
        "skewness": -1.4490809866387606,
        "kurtosis_excess": 3.3423696784099093,
        "delta_mean_median": -0.23501116391621327
      },
      "e_s": {
        "n": 958,
        "nan_frac": 0.0,
        "mean": 0.8811215068290684,
        "median": 0.0,
        "std": 2.2202969411562004,
        "iqr": 1.717597022652626,
        "mad": 0.674490749835968,
        "mad_sigma": 0.9999999857068061,
        "skewness": 1.4710895346732622,
        "kurtosis_excess": 0.814360322642794,
        "delta_mean_median": 0.8811215068290684
      },
      "e_m": {
        "n": 958,
        "nan_frac": 0.0,
        "mean": 0.05680827713765434,
        "median": -1.0887742973864079e-07,
        "std": 1.105425877347866,
        "iqr": 1.337051972746849,
        "mad": 0.674490799108753,
        "mad_sigma": 1.000000058758637,
        "skewness": 0.7883882517022514,
        "kurtosis_excess": 2.421934076888011,
        "delta_mean_median": 0.056808386015084075
      }
    }
  },
  "entropy_provisional": {},
  "geometry_contract": {
    "policy_version": "standard_invalidity_v1",
    "status": "adjusted",
    "primary_requires_coords_9d": true,
    "shared_time_grid": {
      "epochs_before_policy": 958,
      "epochs_retained": 958,
      "epochs_dropped": 0,
      "drop_fraction": 0.0,
      "dropped_epoch_indices_preview": [],
      "drop_reason_counts": {
        "mnps_3d_nonfinite_rows": 0,
        "coords_9d_nonfinite_rows_affecting_primary": 0
      }
    },
    "mnps_3d": {
      "finite_row_fraction_before": 1.0,
      "nonfinite_row_count": 0,
      "degenerate_axes": [],
      "all_nan_axes": []
    },
    "coords_9d": {
      "available": true,
      "shape_matches_time_grid": true,
      "finite_row_fraction_before": 1.0,
      "nonfinite_row_count": 0,
      "nonfinite_rows_retained_on_shared_grid": 0,
      "degenerate_axes": [],
      "all_nan_axes": []
    },
    "time_grid": {
      "status": "ok",
      "warnings": [],
      "window_count": 958,
      "finite_window_bounds_fraction": 1.0,
      "dt_source": "window_start",
      "dt_sec_runtime": 4.0,
      "dt_sec_config": 4.0,
      "window_sec_config": 8.0,
      "dt_matches_runtime": true,
      "dt_matches_config_formula": true,
      "window_len_matches_config": true,
      "nonpositive_dt_count": 0,
      "nonpositive_window_len_count": 0,