{
  "dataset_id": "ds004511:sub-S200217:ses-01_rest_run-01",
  "subject": "sub-S200217",
  "session": "ses-01",
  "reliability_axes": {
    "m": 0.6716251583909917,
    "d": 0.9056310198102472,
    "e": 0.7206201600233985
  },
  "reliability_subcoords": {
    "m_a": 0.7371109478442569,
    "m_e": 0.6061830062476626,
    "m_o": 0.6302470476875998,
    "d_n": 0.8482108917877158,
    "d_l": 0.8655912937587577,
    "d_s": 0.39499034918880316,
    "e_e": 0.820364641680723,
    "e_s": 0.775074288604348,
    "e_m": 0.689320258303759
  }
}