{
  "dataset_id": "ds004511:sub-S200217:ses-01_rest_run-01",
  "subject": "sub-S200217",
  "session": "ses-01",
  "coverage": {
    "epochs": 124,
    "seconds": 496.0
  },
  "artifacts": {
    "methods": [
      "ica"
    ],
    "bad_eeg_channels": [
      "Batt_0",
      "Batt_1",
      "Batt_2",
      "Batt_3",
      "Foto",
      "Gnd-Ref",
      "Gnd-Ref1",
      "Gnd-Ref2",
      "Gnd-Ref3",
      "Ref",
      "Sync"
    ],
    "n_bad_eeg_channels": 11,
    "stem_collisions": {}
  },
  "ensemble": {
    "var_by_subcoord": {
      "m_a": 0.0013410710962489247,
      "m_e": 3.102226405583353e-15,
      "m_o": 7.409844222580619e-16,
      "d_n": 5.009420612697713e-16,
      "d_l": 1.1000876316662189e-13,
      "d_s": 3.38710179695334e-15,
      "e_e": 5.6131375589241195e-12,
      "e_s": 7.545227192606169e-14,
      "e_m": 0.0
    },
    "var_mean": 0.0001490079002283616,
    "var_max": 0.0013410710962489247
  },
  "reliability": {
    "axes": {
      "m": 0.6716251583909917,
      "d": 0.9056310198102472,
      "e": 0.7206201600233985
    },
    "subcoords": {
      "m_a": 0.7371109478442569,
      "m_e": 0.6061830062476626,
      "m_o": 0.6302470476875998,
      "d_n": 0.8482108917877158,
      "d_l": 0.8655912937587577,
      "d_s": 0.39499034918880316,
      "e_e": 0.820364641680723,
      "e_s": 0.775074288604348,
      "e_m": 0.689320258303759
    }
  },
  "dist_summary": {
    "axes": {
      "m": {
        "n": 124,
        "nan_frac": 0.0,
        "mean": 0.1407592275307604,
        "median": 0.05095737241208553,
        "std": 0.8833851378985881,
        "iqr": 1.0872495099902153,
        "mad": 0.5549868438392878,
        "mad_sigma": 0.822823494676128,
        "skewness": 0.5330836343602069,
        "kurtosis_excess": 1.3186629820072824,
        "delta_mean_median": 0.08980185511867486
      },
      "d": {
        "n": 124,
        "nan_frac": 0.0,
        "mean": 0.39323418479104855,
        "median": 0.057099923491477966,
        "std": 0.981754421312964,
        "iqr": 0.9772428199648857,
        "mad": 0.4124780744314194,
        "mad_sigma": 0.6115399931520223,
        "skewness": 1.4454491189437595,
        "kurtosis_excess": 1.5222409431064854,
        "delta_mean_median": 0.3361342612995706
      },
      "e": {
        "n": 124,
        "nan_frac": 0.0,
        "mean": -0.04514035218369005,
        "median": 0.0035472208983264863,
        "std": 0.4931830209878965,
        "iqr": 0.6210673302412033,
        "mad": 0.32706104166572914,
        "mad_sigma": 0.48490070037361,
        "skewness": -0.5530821992607409,
        "kurtosis_excess": 2.590722321130224,
        "delta_mean_median": -0.04868757308201654
      }
    },
    "subcoords": {
      "m_a": {
        "n": 124,
        "nan_frac": 0.0,
        "mean": -0.06671000644564629,
        "median": 0.04394284635782242,
        "std": 1.2098429436680338,
        "iqr": 1.2238759547472,
        "mad": 0.6235237717628479,
        "mad_sigma": 0.9244363440155983,
        "skewness": -1.4066596957269237,
        "kurtosis_excess": 4.556428771484872,
        "delta_mean_median": -0.1106528528034687
      },
      "m_e": {
        "n": 124,
        "nan_frac": 0.0,
        "mean": 0.10945913244241608,
        "median": -2.501765266060829e-07,
        "std": 0.9638632448891501,
        "iqr": 1.320323497056961,
        "mad": 0.674490469857119,
        "mad_sigma": 0.9999995706101646,
        "skewness": 0.3142200823022404,
        "kurtosis_excess": -0.39597851069041745,
        "delta_mean_median": 0.10945938261894268
      },
      "m_o": {
        "n": 124,
        "nan_frac": 0.0,
        "mean": 0.46486141584483126,
        "median": 6.379559636116028e-08,
        "std": 1.4295917989008013,
        "iqr": 1.7037671506404877,
        "mad": 0.6744908136315644,
        "mad_sigma": 1.0000000802901572,
        "skewness": 1.6054138900093486,
        "kurtosis_excess": 2.76775100694739,
        "delta_mean_median": 0.4648613520492349
      },
      "d_n": {
        "n": 124,
        "nan_frac": 0.0,
        "mean": 0.5466334310870978,
        "median": 5.19677996635437e-07,
        "std": 1.7709809302312185,
        "iqr": 1.5282950401306152,
        "mad": 0.6744912695139647,
        "mad_sigma": 1.000000756181404,
        "skewness": 1.5230051779248739,
        "kurtosis_excess": 1.8853628155417308,
        "delta_mean_median": 0.5466329114091012
      },
      "d_l": {
        "n": 124,
        "nan_frac": 0.0,
        "mean": 0.39015275610971356,
        "median": 0.0,
        "std": 1.3751865774388363,
        "iqr": 1.4303920418024063,
        "mad": 0.674490749835968,
        "mad_sigma": 0.9999999857068061,
        "skewness": 1.567168861338184,
        "kurtosis_excess": 2.488349484355447,
        "delta_mean_median": 0.39015275610971356
      },
      "d_s": {
        "n": 124,
        "nan_frac": 0.0,
        "mean": 0.12833115156559693,
        "median": 0.0,
        "std": 1.0979177663266713,
        "iqr": 1.3273284435272217,
        "mad": 0.6744907796382904,
        "mad_sigma": 1.0000000298917293,
        "skewness": 0.6486749339048303,
        "kurtosis_excess": 0.11296631928235534,
        "delta_mean_median": 0.12833115156559693
      },
      "e_e": {
        "n": 124,
        "nan_frac": 0.0,
        "mean": 0.08194532549579538,
        "median": 0.0,
        "std": 1.0846181813185243,
        "iqr": 1.3462789505720139,
        "mad": 0.6744907200336456,
        "mad_sigma": 0.999999941521883,
        "skewness": 0.5922177939875932,
        "kurtosis_excess": 0.038443533835816,
        "delta_mean_median": 0.08194532549579538
      },
      "e_s": {
        "n": 124,
        "nan_frac": 0.0,
        "mean": -0.23449675771295123,
        "median": 5.963956937193871e-07,
        "std": 0.9905680442004076,
        "iqr": 1.3276259452104568,
        "mad": 0.674490749835968,
        "mad_sigma": 0.9999999857068061,
        "skewness": -0.5724972815626815,
        "kurtosis_excess": -0.1039040300609324,
        "delta_mean_median": -0.23449735410864495
      },
      "e_m": {
        "n": 124,
        "nan_frac": 0.0,
        "mean": 0.26746431678052873,
        "median": 0.0,
        "std": 1.0531217788409797,
        "iqr": 1.6680951714515686,
        "mad": 0.674490749835968,
        "mad_sigma": 0.9999999857068061,
        "skewness": 0.6054350806790758,
        "kurtosis_excess": -0.18498117397968583,
        "delta_mean_median": 0.26746431678052873
      }
    }
  },
  "entropy_provisional": {},
  "geometry_contract": {
    "policy_version": "standard_invalidity_v1",
    "status": "ok",
    "primary_requires_coords_9d": true,
    "shared_time_grid": {
      "epochs_before_policy": 124,
      "epochs_retained": 124,
      "epochs_dropped": 0,
      "drop_fraction": 0.0,
      "dropped_epoch_indices_preview": [],
      "drop_reason_counts": {
        "mnps_3d_nonfinite_rows": 0,
        "coords_9d_nonfinite_rows_affecting_primary": 0
      }
    },
    "mnps_3d": {
      "finite_row_fraction_before": 1.0,
      "nonfinite_row_count": 0,
      "degenerate_axes": [],
      "all_nan_axes": []
    },
    "coords_9d": {
      "available": true,
      "shape_matches_time_grid": true,
      "finite_row_fraction_before": 1.0,
      "nonfinite_row_count": 0,
      "nonfinite_rows_retained_on_shared_grid": 0,
      "degenerate_axes": [],
      "all_nan_axes": []
    },
    "time_grid": {
      "status": "ok",
      "warnings": [],
      "window_count": 124,
      "finite_window_bounds_fraction": 1.0,
      "dt_source": "window_start",
      "dt_sec_runtime": 4.0,
      "dt_sec_config": 4.0,
      "window_sec_config": 8.0,
      "dt_matches_runtime": true,
      "dt_matches_config_formula": true,
      "window_len_matches_config": true,
      "nonpositive_dt_count": 0,
      "nonpositive_window_len_count": 0,
      "dt_intervals_sec": {
        "n": 123,
        "mean": 4.0,
        "median": 4.0,
        "iqr": 0.0,
        "p95": 4.0,
        "max": 4.0
      },