{
  "dataset_id": "ds004511:sub-S201126:ses-01_rest_run-01",
  "subject": "sub-S201126",
  "session": "ses-01",
  "reliability_axes": {
    "m": 0.6577377654108654,
    "d": 0.6396873642937364,
    "e": 0.5615379780459522
  },
  "reliability_subcoords": {
    "m_a": 0.748748992169036,
    "m_e": 0.7177000120273244,
    "m_o": 0.8386472951086482,
    "d_n": 0.6637187930275162,
    "d_l": 0.568270996564087,
    "d_s": 0.6603146526497873,
    "e_e": 0.7312127513720419,
    "e_s": 0.4752912569150765,
    "e_m": 0.45669378225936375
  }
}