{
  "dataset_id": "ds004511:sub-S201126:ses-01_rest_run-01",
  "subject": "sub-S201126",
  "session": "ses-01",
  "coverage": {
    "epochs": 125,
    "seconds": 500.0
  },
  "artifacts": {
    "methods": [
      "ica"
    ],
    "bad_eeg_channels": [
      "Batt_0",
      "Batt_1",
      "Batt_2",
      "Batt_3",
      "Foto",
      "Gnd-Ref",
      "Gnd-Ref1",
      "Gnd-Ref2",
      "Gnd-Ref3",
      "Ref",
      "Sync"
    ],
    "n_bad_eeg_channels": 11,
    "stem_collisions": {}
  },
  "ensemble": {
    "var_by_subcoord": {
      "m_a": 0.0018656991887837648,
      "m_e": 0.0,
      "m_o": 0.0,
      "d_n": 0.0,
      "d_l": 0.0,
      "d_s": 0.0,
      "e_e": 0.0,
      "e_s": 0.0,
      "e_m": 0.0
    },
    "var_mean": 0.00020729990986486277,
    "var_max": 0.0018656991887837648
  },
  "reliability": {
    "axes": {
      "m": 0.6577377654108654,
      "d": 0.6396873642937364,
      "e": 0.5615379780459522
    },
    "subcoords": {
      "m_a": 0.748748992169036,
      "m_e": 0.7177000120273244,
      "m_o": 0.8386472951086482,
      "d_n": 0.6637187930275162,
      "d_l": 0.568270996564087,
      "d_s": 0.6603146526497873,
      "e_e": 0.7312127513720419,
      "e_s": 0.4752912569150765,
      "e_m": 0.45669378225936375
    }
  },
  "dist_summary": {
    "axes": {
      "m": {
        "n": 125,
        "nan_frac": 0.0,
        "mean": -0.10655730798188597,
        "median": -0.017430247738957405,
        "std": 0.9435802724533454,
        "iqr": 1.0035919547080994,
        "mad": 0.4919931907206774,
        "mad_sigma": 0.7294291045624762,
        "skewness": -0.7033978060542603,
        "kurtosis_excess": 0.7748565842834099,
        "delta_mean_median": -0.08912706024292856
      },
      "d": {
        "n": 125,
        "nan_frac": 0.0,
        "mean": -0.11063625791668892,
        "median": 0.09577275067567825,
        "std": 0.8574555561608984,
        "iqr": 0.9282405376434326,
        "mad": 0.42413152009248734,
        "mad_sigma": 0.6288173916891217,
        "skewness": -0.8908974572510688,
        "kurtosis_excess": 0.938095901247912,
        "delta_mean_median": -0.20640900859236716
      },
      "e": {
        "n": 125,
        "nan_frac": 0.0,
        "mean": 0.17884944552183152,
        "median": 0.060385555028915405,
        "std": 0.826269642060792,
        "iqr": 1.0756175816059113,
        "mad": 0.5241517126560211,
        "mad_sigma": 0.7771073291838169,
        "skewness": 0.3927393792818115,
        "kurtosis_excess": -0.3071736912099188,
        "delta_mean_median": 0.11846389049291611
      }
    },
    "subcoords": {
      "m_a": {
        "n": 125,
        "nan_frac": 0.0,
        "mean": -0.43106579303741455,
        "median": -0.07482850551605225,
        "std": 1.4870412901075845,
        "iqr": 1.4345666766166687,
        "mad": 0.7192379236221313,
        "mad_sigma": 1.0663421455621718,
        "skewness": -1.6635618410125321,
        "kurtosis_excess": 3.0916849460823412,
        "delta_mean_median": -0.3562372875213623
      },
      "m_e": {
        "n": 125,
        "nan_frac": 0.0,
        "mean": -0.12210706670582294,
        "median": 0.0,
        "std": 1.0238085419038243,
        "iqr": 1.3291624784469604,
        "mad": 0.674490749835968,
        "mad_sigma": 0.9999999857068061,
        "skewness": -0.47634270522665123,
        "kurtosis_excess": -0.22786106369444203,
        "delta_mean_median": -0.12210706670582294
      },
      "m_o": {
        "n": 125,
        "nan_frac": 0.0,
        "mean": 0.3595485611744225,
        "median": 0.0,
        "std": 1.7515153273211637,
        "iqr": 1.2286240458488464,
        "mad": 0.674490749835968,
        "mad_sigma": 0.9999999857068061,
        "skewness": 1.8877717078820204,
        "kurtosis_excess": 3.2215059247146502,
        "delta_mean_median": 0.3595485611744225
      },
      "d_n": {
        "n": 125,
        "nan_frac": 0.0,
        "mean": 0.3158992614299059,
        "median": 0.0,
        "std": 1.3755646058377295,
        "iqr": 1.3492242693901062,
        "mad": 0.674490749835968,
        "mad_sigma": 0.9999999857068061,
        "skewness": 1.5165057004998805,
        "kurtosis_excess": 2.588132147985828,
        "delta_mean_median": 0.3158992614299059
      },
      "d_l": {
        "n": 125,
        "nan_frac": 0.0,
        "mean": -0.4371455219686031,
        "median": 0.0,
        "std": 1.5626655722043175,
        "iqr": 1.787685513496399,
        "mad": 0.674490749835968,
        "mad_sigma": 0.9999999857068061,
        "skewness": -1.1667393055414188,
        "kurtosis_excess": 1.6116081341680086,
        "delta_mean_median": -0.4371455219686031
      },
      "d_s": {
        "n": 125,
        "nan_frac": 0.0,
        "mean": 0.08389891274273395,
        "median": 0.0,
        "std": 1.1611299825871708,
        "iqr": 1.3187154531478882,
        "mad": 0.674490749835968,
        "mad_sigma": 0.9999999857068061,
        "skewness": 0.843168056165776,
        "kurtosis_excess": 1.6663081612285495,
        "delta_mean_median": 0.08389891274273395
      },
      "e_e": {
        "n": 125,
        "nan_frac": 0.0,
        "mean": -0.12302655860036611,
        "median": 0.0,
        "std": 1.1541493573094237,
        "iqr": 1.3097254633903503,
        "mad": 0.6744906902313232,
        "mad_sigma": 0.9999998973369598,
        "skewness": -0.48537888877261803,
        "kurtosis_excess": 0.20274298370658572,
        "delta_mean_median": -0.12302655860036611
      },
      "e_s": {
        "n": 125,
        "nan_frac": 0.0,
        "mean": 0.6050376260355115,
        "median": 0.0,
        "std": 1.809586364309654,
        "iqr": 1.7489201426506042,
        "mad": 0.674490749835968,
        "mad_sigma": 0.9999999857068061,
        "skewness": 1.3953090082107276,
        "kurtosis_excess": 1.4653269857785896,
        "delta_mean_median": 0.6050376260355115
      },
      "e_m": {
        "n": 125,
        "nan_frac": 0.0,
        "mean": -0.07588575473427772,
        "median": 0.0,
        "std": 1.0294038185335792,
        "iqr": 1.323936402797699,
        "mad": 0.6744905710220337,
        "mad_sigma": 0.999999720597267,
        "skewness": 0.1230996528318792,
        "kurtosis_excess": -0.2348968264466369,
        "delta_mean_median": -0.07588575473427772
      }
    }
  },
  "entropy_provisional": {},
  "geometry_contract": {
    "policy_version": "standard_invalidity_v1",
    "status": "ok",
    "primary_requires_coords_9d": true,
    "shared_time_grid": {
      "epochs_before_policy": 125,
      "epochs_retained": 125,
      "epochs_dropped": 0,
      "drop_fraction": 0.0,
      "dropped_epoch_indices_preview": [],
      "drop_reason_counts": {
        "mnps_3d_nonfinite_rows": 0,
        "coords_9d_nonfinite_rows_affecting_primary": 0
      }
    },
    "mnps_3d": {
      "finite_row_fraction_before": 1.0,
      "nonfinite_row_count": 0,
      "degenerate_axes": [],
      "all_nan_axes": []
    },
    "coords_9d": {
      "available": true,
      "shape_matches_time_grid": true,
      "finite_row_fraction_before": 1.0,
      "nonfinite_row_count": 0,
      "nonfinite_rows_retained_on_shared_grid": 0,
      "degenerate_axes": [],
      "all_nan_axes": []
    },
    "time_grid": {
      "status": "ok",
      "warnings": [],
      "window_count": 125,
      "finite_window_bounds_fraction": 1.0,
      "dt_source": "window_start",
      "dt_sec_runtime": 4.0,
      "dt_sec_config": 4.0,
      "window_sec_config": 8.0,
      "dt_matches_runtime": true,
      "dt_matches_config_formula": true,
      "window_len_matches_config": true,
      "nonpositive_dt_count": 0,
      "nonpositive_window_len_count": 0,
      "dt_intervals_sec": {
        "n": 124,
        "mean": 4.0,
        "median": 4.0,
        "iqr": 0.0,
        "p95": 4.0,
        "max": 4.0
      },
      "window_lengths_sec": {
        "n": 125,
        "mean": 8.0,
        "median": 8.0,
        "iqr": 0.0,
        "p95": 8.0,
        "max": 8.0
      }
    },