{
  "dataset_id": "ds004511:sub-S210127:ses-01_rest_run-01",
  "subject": "sub-S210127",
  "session": "ses-01",
  "reliability_axes": {
    "m": 0.7404672936510172,
    "d": 0.8762610511596143,
    "e": 0.8910695759064926
  },
  "reliability_subcoords": {
    "m_a": 0.8726982093541075,
    "m_e": 0.7625190462145552,
    "m_o": 0.6535540921375586,
    "d_n": 0.8702990173041806,
    "d_l": 0.733720145956356,
    "d_s": 0.7596938094487979,
    "e_e": 0.9122834984334854,
    "e_s": 0.7875181340708594,
    "e_m": 0.5417164643487213
  }
}