{
  "dataset_id": "ds004511:sub-S210127:ses-01_rest_run-01",
  "subject": "sub-S210127",
  "session": "ses-01",
  "coverage": {
    "epochs": 127,
    "seconds": 508.0
  },
  "artifacts": {
    "methods": [
      "ica"
    ],
    "bad_eeg_channels": [
      "Batt_0",
      "Batt_1",
      "Batt_2",
      "Batt_3",
      "Foto",
      "Gnd-Ref",
      "Gnd-Ref1",
      "Gnd-Ref2",
      "Gnd-Ref3",
      "Ref",
      "Sync"
    ],
    "n_bad_eeg_channels": 11,
    "stem_collisions": {}
  },
  "ensemble": {
    "var_by_subcoord": {
      "m_a": 0.0037440643645823,
      "m_e": 0.0,
      "m_o": 0.0,
      "d_n": 0.0,
      "d_l": 0.0,
      "d_s": 0.0,
      "e_e": 0.0,
      "e_s": 0.0,
      "e_m": 0.0
    },
    "var_mean": 0.00041600715162025555,
    "var_max": 0.0037440643645823
  },
  "reliability": {
    "axes": {
      "m": 0.7404672936510172,
      "d": 0.8762610511596143,
      "e": 0.8910695759064926
    },
    "subcoords": {
      "m_a": 0.8726982093541075,
      "m_e": 0.7625190462145552,
      "m_o": 0.6535540921375586,
      "d_n": 0.8702990173041806,
      "d_l": 0.733720145956356,
      "d_s": 0.7596938094487979,
      "e_e": 0.9122834984334854,
      "e_s": 0.7875181340708594,
      "e_m": 0.5417164643487213
    }
  },
  "dist_summary": {
    "axes": {
      "m": {
        "n": 127,
        "nan_frac": 0.0,
        "mean": -0.09822585362039037,
        "median": -0.017329152673482895,
        "std": 0.7162942773946068,
        "iqr": 0.82929427921772,
        "mad": 0.4113750420510769,
        "mad_sigma": 0.6099046373449266,
        "skewness": -0.7351548946547698,
        "kurtosis_excess": 0.5032332006476676,
        "delta_mean_median": -0.08089670094690747
      },
      "d": {
        "n": 127,
        "nan_frac": 0.0,
        "mean": 0.35498068307152414,
        "median": 0.24095231294631958,
        "std": 0.8868551828813328,
        "iqr": 0.9846101552248001,
        "mad": 0.5065592527389526,
        "mad_sigma": 0.7510247481107711,
        "skewness": 0.7590735279699569,
        "kurtosis_excess": 0.06489815590611103,
        "delta_mean_median": 0.11402837012520456
      },
      "e": {
        "n": 127,
        "nan_frac": 0.0,
        "mean": -0.10452059581582471,
        "median": 0.12309665977954865,
        "std": 0.8890707920664424,
        "iqr": 1.1869109869003296,
        "mad": 0.5330143421888351,
        "mad_sigma": 0.790247063729167,
        "skewness": -0.9685305208102795,
        "kurtosis_excess": 0.10823597502438087,
        "delta_mean_median": -0.22761725559537335
      }
    },
    "subcoords": {
      "m_a": {
        "n": 127,
        "nan_frac": 0.0,
        "mean": -0.1049992736634307,
        "median": 0.023412995040416718,
        "std": 0.832447557104831,
        "iqr": 1.3258030414581299,
        "mad": 0.6475121304392815,
        "mad_sigma": 0.9600014845892787,
        "skewness": -0.19361254463307806,
        "kurtosis_excess": -0.9474901139134979,
        "delta_mean_median": -0.12841226870384742
      },
      "m_e": {
        "n": 127,
        "nan_frac": 0.0,
        "mean": -0.19658859046982732,
        "median": 0.0,
        "std": 1.2140346522093393,
        "iqr": 1.316258579492569,
        "mad": 0.674490749835968,
        "mad_sigma": 0.9999999857068061,
        "skewness": -1.0071860887327744,
        "kurtosis_excess": 0.337030669514375,
        "delta_mean_median": -0.19658859046982732
      },
      "m_o": {
        "n": 127,
        "nan_frac": 0.0,
        "mean": 0.031327549049146766,
        "median": 0.0,
        "std": 1.0032635040456863,
        "iqr": 1.3890697956085205,
        "mad": 0.6744908094406128,
        "mad_sigma": 1.0000000740766524,
        "skewness": 0.2804700735559547,
        "kurtosis_excess": -0.5166596615958023,
        "delta_mean_median": 0.031327549049146766
      },
      "d_n": {
        "n": 127,
        "nan_frac": 0.0,
        "mean": 0.33169289724534656,
        "median": 0.0,
        "std": 1.0672283000791374,
        "iqr": 1.5516424775123596,
        "mad": 0.674490749835968,
        "mad_sigma": 0.9999999857068061,
        "skewness": 0.7284743361212278,
        "kurtosis_excess": -0.2673620695839922,
        "delta_mean_median": 0.33169289724534656
      },
      "d_l": {
        "n": 127,
        "nan_frac": 0.0,
        "mean": 0.030475370527252438,
        "median": 0.0,
        "std": 0.9119680616884308,
        "iqr": 1.3183430135250092,
        "mad": 0.6744906902313232,
        "mad_sigma": 0.9999998973369598,
        "skewness": 0.031658678763273745,
        "kurtosis_excess": -0.3404401164309272,
        "delta_mean_median": 0.030475370527252438
      },
      "d_s": {
        "n": 127,
        "nan_frac": 0.0,
        "mean": 1.3469029749802306,
        "median": 0.0,
        "std": 2.4465650054046493,
        "iqr": 3.34211727976799,
        "mad": 0.674490749835968,
        "mad_sigma": 0.9999999857068061,
        "skewness": 0.9759208946409318,
        "kurtosis_excess": -0.6090963866262702,
        "delta_mean_median": 1.3469029749802306
      },
      "e_e": {
        "n": 127,
        "nan_frac": 0.0,
        "mean": -0.19224437280726714,
        "median": 0.0,
        "std": 1.059948763845027,
        "iqr": 1.31913822889328,
        "mad": 0.674490749835968,
        "mad_sigma": 0.9999999857068061,
        "skewness": -1.0356759170353518,
        "kurtosis_excess": 0.3091831753015577,
        "delta_mean_median": -0.19224437280726714
      },
      "e_s": {
        "n": 127,
        "nan_frac": 0.0,
        "mean": 0.002192812231112653,
        "median": 0.0,
        "std": 0.9472262754977012,
        "iqr": 1.2751298546791077,
        "mad": 0.674490749835968,
        "mad_sigma": 0.9999999857068061,
        "skewness": -0.2643768343108406,
        "kurtosis_excess": -0.42644424380344237,
        "delta_mean_median": 0.002192812231112653
      },
      "e_m": {
        "n": 127,
        "nan_frac": 0.0,
        "mean": 0.17557617529904043,
        "median": 0.0,
        "std": 1.2021122305191119,
        "iqr": 1.3208843767642975,
        "mad": 0.6744906306266785,
        "mad_sigma": 0.9999998089671135,
        "skewness": 1.2865367254756945,
        "kurtosis_excess": 2.1527351275818756,
        "delta_mean_median": 0.17557617529904043
      }
    }
  },
  "entropy_provisional": {},
  "geometry_contract": {
    "policy_version": "standard_invalidity_v1",
    "status": "ok",
    "primary_requires_coords_9d": true,
    "shared_time_grid": {
      "epochs_before_policy": 127,
      "epochs_retained": 127,
      "epochs_dropped": 0,
      "drop_fraction": 0.0,
      "dropped_epoch_indices_preview": [],
      "drop_reason_counts": {
        "mnps_3d_nonfinite_rows": 0,
        "coords_9d_nonfinite_rows_affecting_primary": 0
      }
    },
    "mnps_3d": {
      "finite_row_fraction_before": 1.0,
      "nonfinite_row_count": 0,
      "degenerate_axes": [],
      "all_nan_axes": []
    },
    "coords_9d": {
      "available": true,
      "shape_matches_time_grid": true,
      "finite_row_fraction_before": 1.0,
      "nonfinite_row_count": 0,
      "nonfinite_rows_retained_on_shared_grid": 0,
      "degenerate_axes": [],
      "all_nan_axes": []
    },
    "time_grid": {
      "status": "ok",
      "warnings": [],
      "window_count": 127,
      "finite_window_bounds_fraction": 1.0,
      "dt_source": "window_start",
      "dt_sec_runtime": 4.0,
      "dt_sec_config": 4.0,
      "window_sec_config": 8.0,
      "dt_matches_runtime": true,
      "dt_matches_config_formula": true,
      "window_len_matches_config": true,
      "nonpositive_dt_count": 0,
      "nonpositive_window_len_count": 0,
      "dt_intervals_sec": {
        "n": 126,
        "mean": 4.0,
        "median": 4.0,
        "iqr": 0.0,
        "p95": 4.0,
        "max": 4.0
      },
      "window_lengths_sec": {
        "n": 127,
        "mean": 8.0,
        "median": 8.0,
        "iqr": 0.0,
        "p95": 8.0,
        "max": 8.0
      }
    },