{
  "dataset_id": "ds004511:sub-S210128:ses-01_cognitive_control_run-01",
  "subject": "sub-S210128",
  "session": "ses-01",
  "reliability_axes": {
    "m": 0.6070644722461479,
    "d": 0.7268793638913436,
    "e": 0.5671223697930595
  },
  "reliability_subcoords": {
    "m_a": 0.771817752179355,
    "m_e": 0.6097565709061203,
    "m_o": 0.6909927511334109,
    "d_n": 0.7983344987721366,
    "d_l": 0.6687062242010163,
    "d_s": 0.8189223612734513,
    "e_e": 0.7735472777514273,
    "e_s": 0.5873031436530003,
    "e_m": 0.7751280442354246
  }
}