{
  "dataset_id": "ds004511:sub-S210128:ses-01_cognitive_control_run-01",
  "subject": "sub-S210128",
  "session": "ses-01",
  "coverage": {
    "epochs": 267,
    "seconds": 1068.0
  },
  "artifacts": {
    "methods": [
      "ica"
    ],
    "bad_eeg_channels": [
      "Batt_0",
      "Batt_1",
      "Batt_2",
      "Batt_3",
      "Gnd-Ref",
      "Gnd-Ref1",
      "Gnd-Ref2",
      "Gnd-Ref3",
      "I1",
      "Iz",
      "OPO3",
      "Ref",
      "Sync"
    ],
    "n_bad_eeg_channels": 13,
    "stem_collisions": {}
  },
  "ensemble": {
    "var_by_subcoord": {
      "m_a": 0.0005918414099141955,
      "m_e": 0.0,
      "m_o": 0.0,
      "d_n": 0.0,
      "d_l": 0.0,
      "d_s": 0.0,
      "e_e": 0.0,
      "e_s": 0.0,
      "e_m": 0.0
    },
    "var_mean": 6.576015665713284e-05,
    "var_max": 0.0005918414099141955
  },
  "reliability": {
    "axes": {
      "m": 0.6070644722461479,
      "d": 0.7268793638913436,
      "e": 0.5671223697930595
    },
    "subcoords": {
      "m_a": 0.771817752179355,
      "m_e": 0.6097565709061203,
      "m_o": 0.6909927511334109,
      "d_n": 0.7983344987721366,
      "d_l": 0.6687062242010163,
      "d_s": 0.8189223612734513,
      "e_e": 0.7735472777514273,
      "e_s": 0.5873031436530003,
      "e_m": 0.7751280442354246
    }
  },
  "dist_summary": {
    "axes": {
      "m": {
        "n": 267,
        "nan_frac": 0.0,
        "mean": -0.11720565678237864,
        "median": 0.005964335054159164,
        "std": 0.7544710412177746,
        "iqr": 0.9058773368597031,
        "mad": 0.4377618469297886,
        "mad_sigma": 0.6490257142581045,
        "skewness": -0.7988401080964498,
        "kurtosis_excess": 0.9917321217146875,
        "delta_mean_median": -0.1231699918365378
      },
      "d": {
        "n": 267,
        "nan_frac": 0.0,
        "mean": 0.12085930075259245,
        "median": 0.17731519043445587,
        "std": 0.6484958735779739,
        "iqr": 0.9637049585580826,
        "mad": 0.4658387154340744,
        "mad_sigma": 0.6906524795025587,
        "skewness": -0.23303857029591235,
        "kurtosis_excess": -0.045798348803127276,
        "delta_mean_median": -0.05645588968186342
      },
      "e": {
        "n": 267,
        "nan_frac": 0.0,
        "mean": 0.20976127742078768,
        "median": 0.2132423371076584,
        "std": 0.7025752024999434,
        "iqr": 0.7333402261137962,
        "mad": 0.3674202710390091,
        "mad_sigma": 0.5447372938424349,
        "skewness": 0.7137617190244742,
        "kurtosis_excess": 2.2657515213781583,
        "delta_mean_median": -0.0034810596868707078
      }
    },
    "subcoords": {
      "m_a": {
        "n": 267,
        "nan_frac": 0.0,
        "mean": -0.32954439349919,
        "median": -0.018904387950897217,
        "std": 1.3486054900161089,
        "iqr": 1.516147032380104,
        "mad": 0.6577776074409485,
        "mad_sigma": 0.9752210807919501,
        "skewness": -1.0187366479447357,
        "kurtosis_excess": 0.8257537455398953,
        "delta_mean_median": -0.3106400055482928
      },
      "m_e": {
        "n": 267,
        "nan_frac": 0.0,
        "mean": -0.08346575029039134,
        "median": 0.0,
        "std": 1.0015032985589238,
        "iqr": 1.3807568550109863,
        "mad": 0.674490749835968,
        "mad_sigma": 0.9999999857068061,
        "skewness": -0.48561201125995046,
        "kurtosis_excess": -0.023516381272104425,
        "delta_mean_median": -0.08346575029039134
      },
      "m_o": {
        "n": 267,
        "nan_frac": 0.0,
        "mean": 0.13411226726314995,
        "median": 0.0,
        "std": 1.2473552155262642,
        "iqr": 1.324352741241455,
        "mad": 0.674490749835968,
        "mad_sigma": 0.9999999857068061,
        "skewness": 1.6098816959591504,
        "kurtosis_excess": 4.851732648283742,
        "delta_mean_median": 0.13411226726314995
      },
      "d_n": {
        "n": 267,
        "nan_frac": 0.0,
        "mean": 0.6186060339756562,
        "median": 0.0,
        "std": 1.5044164144701613,
        "iqr": 1.8851002752780914,
        "mad": 0.674490749835968,
        "mad_sigma": 0.9999999857068061,
        "skewness": 1.0592328886051203,
        "kurtosis_excess": 0.15727013740917517,
        "delta_mean_median": 0.6186060339756562
      },
      "d_l": {
        "n": 267,
        "nan_frac": 0.0,
        "mean": -0.2736931907175255,
        "median": 0.0,
        "std": 1.3748348226033944,
        "iqr": 1.3752006888389587,
        "mad": 0.674490749835968,
        "mad_sigma": 0.9999999857068061,
        "skewness": -1.151864729900997,
        "kurtosis_excess": 1.1878445240903117,
        "delta_mean_median": -0.2736931907175255
      },
      "d_s": {
        "n": 267,
        "nan_frac": 0.0,
        "mean": 0.3875009668328231,
        "median": 0.0,
        "std": 1.54321434118465,
        "iqr": 1.3976593613624573,
        "mad": 0.674490749835968,
        "mad_sigma": 0.9999999857068061,
        "skewness": 1.5956935940573567,
        "kurtosis_excess": 2.547311558227422,
        "delta_mean_median": 0.3875009668328231
      },
      "e_e": {
        "n": 267,
        "nan_frac": 0.0,
        "mean": -0.03567447886568553,
        "median": 0.0,
        "std": 0.9916170051547982,
        "iqr": 1.3447079062461853,
        "mad": 0.6744906902313232,
        "mad_sigma": 0.9999998973369598,
        "skewness": -0.37424370152403486,
        "kurtosis_excess": 0.1380892030088594,
        "delta_mean_median": -0.03567447886568553
      },
      "e_s": {
        "n": 267,
        "nan_frac": 0.0,
        "mean": 0.5551634446677686,
        "median": 0.0,
        "std": 1.8136922101315545,
        "iqr": 1.4793062806129456,
        "mad": 0.674490749835968,
        "mad_sigma": 0.9999999857068061,
        "skewness": 1.7678112193609368,
        "kurtosis_excess": 2.54693183720049,
        "delta_mean_median": 0.5551634446677686
      },
      "e_m": {
        "n": 267,
        "nan_frac": 0.0,
        "mean": 0.025463417981671038,
        "median": 0.0,
        "std": 1.005991907622838,
        "iqr": 1.3735607266426086,
        "mad": 0.674490749835968,
        "mad_sigma": 0.9999999857068061,
        "skewness": 0.36038846910094025,
        "kurtosis_excess": 0.06462485171734,
        "delta_mean_median": 0.025463417981671038
      }
    }
  },
  "entropy_provisional": {},
  "geometry_contract": {
    "policy_version": "standard_invalidity_v1",
    "status": "ok",
    "primary_requires_coords_9d": true,
    "shared_time_grid": {
      "epochs_before_policy": 267,
      "epochs_retained": 267,
      "epochs_dropped": 0,
      "drop_fraction": 0.0,
      "dropped_epoch_indices_preview": [],
      "drop_reason_counts": {
        "mnps_3d_nonfinite_rows": 0,
        "coords_9d_nonfinite_rows_affecting_primary": 0
      }
    },
    "mnps_3d": {
      "finite_row_fraction_before": 1.0,
      "nonfinite_row_count": 0,
      "degenerate_axes": [],
      "all_nan_axes": []
    },
    "coords_9d": {
      "available": true,
      "shape_matches_time_grid": true,
      "finite_row_fraction_before": 1.0,
      "nonfinite_row_count": 0,
      "nonfinite_rows_retained_on_shared_grid": 0,
      "degenerate_axes": [],
      "all_nan_axes": []
    },
    "time_grid": {
      "status": "ok",
      "warnings": [],
      "window_count": 267,
      "finite_window_bounds_fraction": 1.0,
      "dt_source": "window_start",
      "dt_sec_runtime": 4.0,
      "dt_sec_config": 4.0,
      "window_sec_config": 8.0,
      "dt_matches_runtime": true,
      "dt_matches_config_formula": true,
      "window_len_matches_config": true,
      "nonpositive_dt_count": 0,
      "nonpositive_window_len_count": 0,
      "dt_intervals_sec": {
        "n": 266,
        "mean": 4.0,
        "median": 4.0,
        "iqr": 0.0,
        "p95": 4.0,
        "max": 4.0
      },
      "window_lengths_sec": {
        "n": 267,
        "mean": 8.0,
        "median": 8.0,
        "iqr": 0.0,
        "p95": 8.0,