{
  "dataset_id": "ds004511:sub-S200217:ses-01_cognitive_control_run-01",
  "subject": "sub-S200217",
  "session": "ses-01",
  "reliability_axes": {
    "m": 0.7151692986171531,
    "d": 0.7380332960742296,
    "e": 0.5761096599632629
  },
  "reliability_subcoords": {
    "m_a": 0.7746781401035768,
    "m_e": 0.8020552601241406,
    "m_o": 0.6019479378403515,
    "d_n": 0.8982317440052371,
    "d_l": 0.7076704550170784,
    "d_s": 0.6011214831023277,
    "e_e": 0.8163451260667589,
    "e_s": 0.6961167165752519,
    "e_m": 0.3099843256617894
  }
}