{
  "dataset_id": "ds004511:sub-S200217:ses-01_cognitive_control_run-01",
  "subject": "sub-S200217",
  "session": "ses-01",
  "coverage": {
    "epochs": 242,
    "seconds": 968.0
  },
  "artifacts": {
    "methods": [
      "ica"
    ],
    "bad_eeg_channels": [
      "Batt_0",
      "Batt_1",
      "Batt_2",
      "Batt_3",
      "FTT9",
      "Gnd-Ref",
      "Gnd-Ref1",
      "Gnd-Ref2",
      "Gnd-Ref3",
      "Ref",
      "Sync"
    ],
    "n_bad_eeg_channels": 11,
    "stem_collisions": {}
  },
  "ensemble": {
    "var_by_subcoord": {
      "m_a": 0.0005884655402041972,
      "m_e": 3.9079525206153765e-15,
      "m_o": 1.2557530258423388e-14,
      "d_n": 0.0,
      "d_l": 3.0012955011884945e-13,
      "d_s": 5.830524187370664e-15,
      "e_e": 2.3768764734199976e-12,
      "e_s": 2.6543871267659114e-14,
      "e_m": 0.0
    },
    "var_mean": 6.538506032556034e-05,
    "var_max": 0.0005884655402041972
  },
  "reliability": {
    "axes": {
      "m": 0.7151692986171531,
      "d": 0.7380332960742296,
      "e": 0.5761096599632629
    },
    "subcoords": {
      "m_a": 0.7746781401035768,
      "m_e": 0.8020552601241406,
      "m_o": 0.6019479378403515,
      "d_n": 0.8982317440052371,
      "d_l": 0.7076704550170784,
      "d_s": 0.6011214831023277,
      "e_e": 0.8163451260667589,
      "e_s": 0.6961167165752519,
      "e_m": 0.3099843256617894
    }
  },
  "dist_summary": {
    "axes": {
      "m": {
        "n": 242,
        "nan_frac": 0.0,
        "mean": -0.1714245764969671,
        "median": 0.000731100095435977,
        "std": 1.1196561876856017,
        "iqr": 1.0880528837442398,
        "mad": 0.5580368340015411,
        "mad_sigma": 0.8273454100906849,
        "skewness": -1.610109584584155,
        "kurtosis_excess": 3.376373871713521,
        "delta_mean_median": -0.17215567659240308
      },
      "d": {
        "n": 242,
        "nan_frac": 0.0,
        "mean": -0.1433895018871985,
        "median": 0.06773687154054642,
        "std": 0.9180264368951808,
        "iqr": 0.8318518176674843,
        "mad": 0.36397217214107513,
        "mad_sigma": 0.539625142416358,
        "skewness": -1.280265199254544,
        "kurtosis_excess": 2.167276144753785,
        "delta_mean_median": -0.21112637342774493
      },
      "e": {
        "n": 242,
        "nan_frac": 0.0,
        "mean": 0.15197302282645106,
        "median": 0.04843033850193024,
        "std": 0.7016043976068704,
        "iqr": 0.6333501264452934,
        "mad": 0.3149937242269516,
        "mad_sigma": 0.4670096955388784,
        "skewness": 1.583126912727554,
        "kurtosis_excess": 3.278258763046476,
        "delta_mean_median": 0.10354268432452082
      }
    },
    "subcoords": {
      "m_a": {
        "n": 242,
        "nan_frac": 0.0,
        "mean": -0.2521700445535662,
        "median": 0.013387810438871384,
        "std": 1.4727347917465712,
        "iqr": 1.4245649874210358,
        "mad": 0.6869040429592133,
        "mad_sigma": 1.0184039340913296,
        "skewness": -1.6964341164575196,
        "kurtosis_excess": 3.62389548563353,
        "delta_mean_median": -0.26555785499243756
      },
      "m_e": {
        "n": 242,
        "nan_frac": 0.0,
        "mean": -0.29507987216415177,
        "median": 2.845190465450287e-07,
        "std": 1.6455073847823454,
        "iqr": 1.3222018778324127,
        "mad": 0.6744907796382904,
        "mad_sigma": 1.0000000298917293,
        "skewness": -1.7343665377982955,
        "kurtosis_excess": 3.4434248800328433,
        "delta_mean_median": -0.2950801566831983
      },
      "m_o": {
        "n": 242,
        "nan_frac": 0.0,
        "mean": 0.09095899908503224,
        "median": 0.0,
        "std": 1.1590247533438878,
        "iqr": 1.3346671909093857,
        "mad": 0.6744908094406128,
        "mad_sigma": 1.0000000740766524,
        "skewness": 0.9154304761891874,
        "kurtosis_excess": 2.0939194102588408,
        "delta_mean_median": 0.09095899908503224
      },
      "d_n": {
        "n": 242,
        "nan_frac": 0.0,
        "mean": 0.1353304201856348,
        "median": -1.2083910405635834e-07,
        "std": 1.5133381494142195,
        "iqr": 1.5000470280647278,
        "mad": 0.674490749835968,
        "mad_sigma": 0.9999999857068061,
        "skewness": 1.076167682411909,
        "kurtosis_excess": 1.4506241245021618,
        "delta_mean_median": 0.13533054102473885
      },
      "d_l": {
        "n": 242,
        "nan_frac": 0.0,
        "mean": -0.4263851815519069,
        "median": 0.0,
        "std": 1.5288423714973989,
        "iqr": 1.5407263487577438,
        "mad": 0.674490749835968,
        "mad_sigma": 0.9999999857068061,
        "skewness": -1.5231855807561407,
        "kurtosis_excess": 2.2810528639477115,
        "delta_mean_median": -0.4263851815519069
      },
      "d_s": {
        "n": 242,
        "nan_frac": 0.0,
        "mean": 0.1876693851707026,
        "median": 0.0,
        "std": 1.1375552145581493,
        "iqr": 1.5031148046255112,
        "mad": 0.674490749835968,
        "mad_sigma": 0.9999999857068061,
        "skewness": 0.5509120237690599,
        "kurtosis_excess": 0.7673936335773921,
        "delta_mean_median": 0.1876693851707026
      },
      "e_e": {
        "n": 242,
        "nan_frac": 0.0,
        "mean": -0.24596941290860552,
        "median": -2.3023021640256047e-06,
        "std": 1.007197318387516,
        "iqr": 1.4271731823682785,
        "mad": 0.6744929925334873,
        "mad_sigma": 1.0000033107301483,
        "skewness": -0.6941990165677163,
        "kurtosis_excess": -0.05256433533911897,
        "delta_mean_median": -0.2459671106064415
      },
      "e_s": {
        "n": 242,
        "nan_frac": 0.0,
        "mean": 0.6960325196600896,
        "median": -5.1083043217659e-07,
        "std": 1.9293266985361526,
        "iqr": 1.563740685582161,
        "mad": 0.674490749835968,
        "mad_sigma": 0.9999999857068061,
        "skewness": 1.6015852513531488,
        "kurtosis_excess": 1.7028598189362594,
        "delta_mean_median": 0.6960330304905218
      },
      "e_m": {
        "n": 242,
        "nan_frac": 0.0,
        "mean": 0.1831129942866704,
        "median": 0.0,
        "std": 1.1221621493704415,
        "iqr": 1.4206314384937286,
        "mad": 0.674490749835968,
        "mad_sigma": 0.9999999857068061,
        "skewness": 1.1128834390430922,
        "kurtosis_excess": 3.0053507385543377,
        "delta_mean_median": 0.1831129942866704
      }
    }
  },
  "entropy_provisional": {},
  "geometry_contract": {
    "policy_version": "standard_invalidity_v1",
    "status": "ok",
    "primary_requires_coords_9d": true,
    "shared_time_grid": {
      "epochs_before_policy": 242,
      "epochs_retained": 242,
      "epochs_dropped": 0,
      "drop_fraction": 0.0,
      "dropped_epoch_indices_preview": [],
      "drop_reason_counts": {
        "mnps_3d_nonfinite_rows": 0,
        "coords_9d_nonfinite_rows_affecting_primary": 0
      }
    },
    "mnps_3d": {
      "finite_row_fraction_before": 1.0,
      "nonfinite_row_count": 0,
      "degenerate_axes": [],
      "all_nan_axes": []
    },
    "coords_9d": {
      "available": true,
      "shape_matches_time_grid": true,
      "finite_row_fraction_before": 1.0,
      "nonfinite_row_count": 0,
      "nonfinite_rows_retained_on_shared_grid": 0,
      "degenerate_axes": [],
      "all_nan_axes": []
    },
    "time_grid": {
      "status": "ok",
      "warnings": [],
      "window_count": 242,
      "finite_window_bounds_fraction": 1.0,
      "dt_source": "window_start",
      "dt_sec_runtime": 4.0,
      "dt_sec_config": 4.0,
      "window_sec_config": 8.0,
      "dt_matches_runtime": true,
      "dt_matches_config_formula": true,
      "window_len_matches_config": true,
      "nonpositive_dt_count": 0,
      "nonpositive_window_len_count": 0,
      "dt_intervals_sec": {
        "n": 241,
        "mean": 4.0,
        "median": 4.0,
        "iqr": 0.0,
        "p95": 4.0,