{
  "dataset_id": "ds003969:sub-001_meditation",
  "subject": "sub-001",
  "session": null,
  "reliability_axes": {
    "m": 0.6668536280021983,
    "d": 0.5442427280094081,
    "e": 0.6082834763985319
  },
  "reliability_subcoords": {
    "m_a": 0.6311792077986713,
    "m_e": 0.705094942755976,
    "m_o": 0.7137087676191866,
    "d_n": 0.5661725615966959,
    "d_l": 0.6396314440262336,
    "d_s": 0.7216507480810911,
    "e_e": 0.6225079917722963,
    "e_s": 0.6304799367321908,
    "e_m": 0.6439988302946266
  }
}