{
  "dataset_id": "ds003969:sub-001_meditation",
  "subject": "sub-001",
  "session": null,
  "coverage": {
    "epochs": 300,
    "seconds": 1200.0
  },
  "artifacts": {
    "methods": [],
    "bad_eeg_channels": [],
    "n_bad_eeg_channels": 0,
    "stem_collisions": {}
  },
  "ensemble": {
    "var_by_subcoord": {
      "m_a": 0.0015318358782678843,
      "m_e": 2.02173106103327e-15,
      "m_o": 4.742503590358937e-16,
      "d_n": 4.080473480806701e-14,
      "d_l": 2.588097108586346e-13,
      "d_s": 0.0,
      "e_e": 0.0,
      "e_s": 4.737910300092567e-14,
      "e_m": 0.0
    },
    "var_mean": 0.00017020398651304157,
    "var_max": 0.0015318358782678843
  },
  "reliability": {
    "axes": {
      "m": 0.6668536280021983,
      "d": 0.5442427280094081,
      "e": 0.6082834763985319
    },
    "subcoords": {
      "m_a": 0.6311792077986713,
      "m_e": 0.705094942755976,
      "m_o": 0.7137087676191866,
      "d_n": 0.5661725615966959,
      "d_l": 0.6396314440262336,
      "d_s": 0.7216507480810911,
      "e_e": 0.6225079917722963,
      "e_s": 0.6304799367321908,
      "e_m": 0.6439988302946266
    }
  },
  "dist_summary": {
    "axes": {
      "m": {
        "n": 300,
        "nan_frac": 0.0,
        "mean": -0.0504246762371622,
        "median": -0.03318652883172035,
        "std": 0.7861450121417692,
        "iqr": 1.015854112803936,
        "mad": 0.5036318153142929,
        "mad_sigma": 0.7466845293849707,
        "skewness": -0.10284623536455136,
        "kurtosis_excess": -0.10802938857763067,
        "delta_mean_median": -0.01723814740544185
      },
      "d": {
        "n": 300,
        "nan_frac": 0.0,
        "mean": 0.08592311633750796,
        "median": 0.09783276170492172,
        "std": 0.597461895325852,
        "iqr": 0.7966112047433853,
        "mad": 0.3959893360733986,
        "mad_sigma": 0.5870937896624208,
        "skewness": -0.08010007790757503,
        "kurtosis_excess": 0.1971726365771942,
        "delta_mean_median": -0.011909645367413763
      },
      "e": {
        "n": 300,
        "nan_frac": 0.0,
        "mean": -0.011257659203062455,
        "median": -0.05528596416115761,
        "std": 0.6447885555566818,
        "iqr": 0.8746430575847626,
        "mad": 0.42311786115169525,
        "mad_sigma": 0.6273145409435034,
        "skewness": 0.26008540178764106,
        "kurtosis_excess": 0.2633211133498774,
        "delta_mean_median": 0.04402830495809515
      }
    },
    "subcoords": {
      "m_a": {
        "n": 300,
        "nan_frac": 0.0,
        "mean": -0.047130129945774875,
        "median": -0.007989592850208282,
        "std": 0.8770002618743711,
        "iqr": 1.2777865678071976,
        "mad": 0.6400187611579895,
        "mad_sigma": 0.9488918152928352,
        "skewness": 0.030300237638902085,
        "kurtosis_excess": -0.23258768630677507,
        "delta_mean_median": -0.03914053709556659
      },
      "m_e": {
        "n": 300,
        "nan_frac": 0.0,
        "mean": -0.09212238517124206,
        "median": -1.1338852345943451e-07,
        "std": 1.0097001709997775,
        "iqr": 1.3964384496212006,
        "mad": 0.6744909228291363,
        "mad_sigma": 1.0000002421864773,
        "skewness": -0.3509941052263611,
        "kurtosis_excess": -0.282796099266744,
        "delta_mean_median": -0.0921222717827186
      },
      "m_o": {
        "n": 300,
        "nan_frac": 0.0,
        "mean": -0.003999965386174154,
        "median": 9.6668372862041e-08,
        "std": 0.9546663194712693,
        "iqr": 1.365304410457611,
        "mad": 0.674490749835968,
        "mad_sigma": 0.9999999857068061,
        "skewness": 0.26428738320620143,
        "kurtosis_excess": -0.25136108057084217,
        "delta_mean_median": -0.004000062054547016
      },
      "d_n": {
        "n": 300,
        "nan_frac": 0.0,
        "mean": 0.04851958584428454,
        "median": -5.289912223815918e-07,
        "std": 1.1156132507207772,
        "iqr": 1.3393045216798782,
        "mad": 0.674490749835968,
        "mad_sigma": 0.9999999857068061,
        "skewness": 0.21599060624308639,
        "kurtosis_excess": -0.1357999507951937,
        "delta_mean_median": 0.048520114835506924
      },
      "d_l": {
        "n": 300,
        "nan_frac": 0.0,
        "mean": 0.04253954911449303,
        "median": 0.0,
        "std": 1.0530690156634048,
        "iqr": 1.3179607540369034,
        "mad": 0.6744907796382904,
        "mad_sigma": 1.0000000298917293,
        "skewness": -0.08953905850799504,
        "kurtosis_excess": 0.10728117442832108,
        "delta_mean_median": 0.04253954911449303
      },
      "d_s": {
        "n": 300,
        "nan_frac": 0.0,
        "mean": 0.27976701465047277,
        "median": -1.1094380170106888e-07,
        "std": 1.0847551367486055,
        "iqr": 1.4546748846769333,
        "mad": 0.6744906984968111,
        "mad_sigma": 0.9999999095913721,
        "skewness": 1.145256922793539,
        "kurtosis_excess": 1.6308312770515832,
        "delta_mean_median": 0.27976712559427447
      },
      "e_e": {
        "n": 300,
        "nan_frac": 0.0,
        "mean": -0.09411834848268578,
        "median": 2.8370413929224014e-06,
        "std": 1.0468454457498904,
        "iqr": 1.3755329102277756,
        "mad": 0.6744906902313232,
        "mad_sigma": 0.9999998973369598,
        "skewness": -0.46078923791707554,
        "kurtosis_excess": 0.2347270334208118,
        "delta_mean_median": -0.09412118552407871
      },
      "e_s": {
        "n": 300,
        "nan_frac": 0.0,
        "mean": 0.09451682668955376,
        "median": 7.960479706525803e-07,
        "std": 1.1480258033794886,
        "iqr": 1.3836617767810822,
        "mad": 0.674490749835968,
        "mad_sigma": 0.9999999857068061,
        "skewness": 0.8337427326371932,
        "kurtosis_excess": 1.348441508158408,
        "delta_mean_median": 0.09451603064158311
      },
      "e_m": {
        "n": 300,
        "nan_frac": 0.0,
        "mean": 0.15045589551950495,
        "median": 0.0,
        "std": 1.2069708562648038,
        "iqr": 1.4027966111898422,
        "mad": 0.6744906902313232,
        "mad_sigma": 0.9999998973369598,
        "skewness": 1.3038414632455542,
        "kurtosis_excess": 4.2316947214966145,
        "delta_mean_median": 0.15045589551950495
      }
    }
  },
  "entropy_provisional": {},
  "geometry_contract": {
    "policy_version": "standard_invalidity_v1",
    "status": "ok",
    "primary_requires_coords_9d": true,
    "shared_time_grid": {
      "epochs_before_policy": 300,
      "epochs_retained": 300,
      "epochs_dropped": 0,
      "drop_fraction": 0.0,
      "dropped_epoch_indices_preview": [],
      "drop_reason_counts": {
        "mnps_3d_nonfinite_rows": 0,
        "coords_9d_nonfinite_rows_affecting_primary": 0
      }
    },
    "mnps_3d": {
      "finite_row_fraction_before": 1.0,
      "nonfinite_row_count": 0,
      "degenerate_axes": [],
      "all_nan_axes": []
    },
    "coords_9d": {
      "available": true,
      "shape_matches_time_grid": true,
      "finite_row_fraction_before": 1.0,
      "nonfinite_row_count": 0,
      "nonfinite_rows_retained_on_shared_grid": 0,
      "degenerate_axes": [],
      "all_nan_axes": []
    },
    "time_grid": {
      "status": "ok",
      "warnings": [],
      "window_count": 300,
      "finite_window_bounds_fraction": 1.0,
      "dt_source": "window_start",
      "dt_sec_runtime": 4.0,
      "dt_sec_config": 4.0,
      "window_sec_config": 8.0,
      "dt_matches_runtime": true,
      "dt_matches_config_formula": true,
      "window_len_matches_config": true,
      "nonpositive_dt_count": 1,
      "nonpositive_window_len_count": 0,
      "dt_intervals_sec": {
        "n": 298,
        "mean": 4.0,
        "median": 4.0,
        "iqr": 0.0,
        "p95": 4.0,
        "max": 4.0
      },
      "window_lengths_sec": {
        "n": 300,
        "mean": 8.0,
        "median": 8.0,
        "iqr": 0.0,
        "p95": 8.0,
        "max": 8.0
      }
    },