{
  "dataset_id": "ds004511:sub-S200310:ses-01_rest_run-01",
  "subject": "sub-S200310",
  "session": "ses-01",
  "reliability_axes": {
    "m": 0.7688519579019882,
    "d": 0.44651164775076563,
    "e": 0.5971758877095549
  },
  "reliability_subcoords": {
    "m_a": 0.6744244940963531,
    "m_e": 0.7890382668949895,
    "m_o": 0.7798771996454847,
    "d_n": 0.8223218885404614,
    "d_l": 0.6323356854629134,
    "d_s": 0.7415756899701963,
    "e_e": 0.8788576223595649,
    "e_s": 0.5700586646816685,
    "e_m": 0.4416695855294343
  }
}