{
  "dataset_id": "ds004511:sub-S200310:ses-01_rest_run-01",
  "subject": "sub-S200310",
  "session": "ses-01",
  "coverage": {
    "epochs": 124,
    "seconds": 496.0
  },
  "artifacts": {
    "methods": [
      "ica"
    ],
    "bad_eeg_channels": [
      "Batt_0",
      "Batt_1",
      "Batt_2",
      "Batt_3",
      "Foto",
      "Gnd-Ref",
      "Gnd-Ref1",
      "Gnd-Ref2",
      "Gnd-Ref3",
      "Ref",
      "Sync"
    ],
    "n_bad_eeg_channels": 11,
    "stem_collisions": {}
  },
  "ensemble": {
    "var_by_subcoord": {
      "m_a": 0.0017620983999222517,
      "m_e": 4.454309100385134e-16,
      "m_o": 8.430756093247282e-16,
      "d_n": 9.600759315157859e-15,
      "d_l": 0.0,
      "d_s": 7.663683056213788e-16,
      "e_e": 1.6237633796139378e-13,
      "e_s": 3.186592157679302e-13,
      "e_m": 0.0
    },
    "var_mean": 0.00019578871115721587,
    "var_max": 0.0017620983999222517
  },
  "reliability": {
    "axes": {
      "m": 0.7688519579019882,
      "d": 0.44651164775076563,
      "e": 0.5971758877095549
    },
    "subcoords": {
      "m_a": 0.6744244940963531,
      "m_e": 0.7890382668949895,
      "m_o": 0.7798771996454847,
      "d_n": 0.8223218885404614,
      "d_l": 0.6323356854629134,
      "d_s": 0.7415756899701963,
      "e_e": 0.8788576223595649,
      "e_s": 0.5700586646816685,
      "e_m": 0.4416695855294343
    }
  },
  "dist_summary": {
    "axes": {
      "m": {
        "n": 124,
        "nan_frac": 0.0,
        "mean": 0.6420675531976046,
        "median": 0.005529474001377821,
        "std": 1.433337211132919,
        "iqr": 2.656126528978348,
        "mad": 0.6929785716347396,
        "mad_sigma": 1.027410030305665,
        "skewness": 0.7147229253208209,
        "kurtosis_excess": -1.0721060565912213,
        "delta_mean_median": 0.6365380791962267
      },
      "d": {
        "n": 124,
        "nan_frac": 0.0,
        "mean": 0.13882130842971346,
        "median": 0.14454737305641174,
        "std": 0.3587851771920028,
        "iqr": 0.43716079369187355,
        "mad": 0.22265079617500305,
        "mad_sigma": 0.33010207040905953,
        "skewness": -0.5419288306024453,
        "kurtosis_excess": 1.0552808261019822,
        "delta_mean_median": -0.0057260646266982795
      },
      "e": {
        "n": 124,
        "nan_frac": 0.0,
        "mean": -0.05603686318875501,
        "median": -0.10040941089391708,
        "std": 0.3973862606910082,
        "iqr": 0.2858375064097345,
        "mad": 0.14131446927785873,
        "mad_sigma": 0.20951283215135336,
        "skewness": 2.5596408854223123,
        "kurtosis_excess": 10.43474602158435,
        "delta_mean_median": 0.04437254770516207
      }
    },
    "subcoords": {
      "m_a": {
        "n": 124,
        "nan_frac": 0.0,
        "mean": 0.22922195440098161,
        "median": 0.030023932456970215,
        "std": 1.003017351978379,
        "iqr": 1.486503779888153,
        "mad": 0.6382257640361786,
        "mad_sigma": 0.9462335177600383,
        "skewness": 0.4797305437970782,
        "kurtosis_excess": -0.759106665754834,
        "delta_mean_median": 0.1991980219440114
      },
      "m_e": {
        "n": 124,
        "nan_frac": 0.0,
        "mean": 0.4771621524836988,
        "median": 0.0,
        "std": 1.1829350601293707,
        "iqr": 2.263433665037155,
        "mad": 0.674490749835968,
        "mad_sigma": 0.9999999857068061,
        "skewness": 0.588110393124518,
        "kurtosis_excess": -1.1643723794855991,
        "delta_mean_median": 0.4771621524836988
      },
      "m_o": {
        "n": 124,
        "nan_frac": 0.0,
        "mean": 1.4124281951376507,
        "median": -5.681067705154419e-08,
        "std": 2.5589466142197788,
        "iqr": 3.7410458773374557,
        "mad": 0.6744907526299357,
        "mad_sigma": 0.9999999898491426,
        "skewness": 0.9567401244020389,
        "kurtosis_excess": -0.8067848714226327,
        "delta_mean_median": 1.4124282519483278
      },
      "d_n": {
        "n": 124,
        "nan_frac": 0.0,
        "mean": -0.13771374780504453,
        "median": 0.0,
        "std": 0.7958997268750794,
        "iqr": 1.5416225790977478,
        "mad": 0.674490749835968,
        "mad_sigma": 0.9999999857068061,
        "skewness": -0.20321732139090126,
        "kurtosis_excess": -1.3006110419854686,
        "delta_mean_median": -0.13771374780504453
      },
      "d_l": {
        "n": 124,
        "nan_frac": 0.0,
        "mean": 0.35931550884138674,
        "median": 0.0,
        "std": 1.0976499973342053,
        "iqr": 1.9445246756076813,
        "mad": 0.674490749835968,
        "mad_sigma": 0.9999999857068061,
        "skewness": 0.546476264472555,
        "kurtosis_excess": -1.0412417160946266,
        "delta_mean_median": 0.35931550884138674
      },
      "d_s": {
        "n": 124,
        "nan_frac": 0.0,
        "mean": -0.013099084698384809,
        "median": 0.0,
        "std": 0.7348316111479694,
        "iqr": 1.33364537358284,
        "mad": 0.6744907200336456,
        "mad_sigma": 0.999999941521883,
        "skewness": 0.3735861338936327,
        "kurtosis_excess": -0.7941175152039017,
        "delta_mean_median": -0.013099084698384809
      },
      "e_e": {
        "n": 124,
        "nan_frac": 0.0,
        "mean": 0.02575324730376803,
        "median": 0.0,
        "std": 0.823058522325491,
        "iqr": 1.338346153497696,
        "mad": 0.6744907796382904,
        "mad_sigma": 1.0000000298917293,
        "skewness": -0.3752356959883746,
        "kurtosis_excess": -0.7402478114650957,
        "delta_mean_median": 0.02575324730376803
      },
      "e_s": {
        "n": 124,
        "nan_frac": 0.0,
        "mean": -0.17265392845917132,
        "median": -4.55416738986969e-07,
        "std": 1.0539892373905637,
        "iqr": 1.6260774061083794,
        "mad": 0.6744907796382904,
        "mad_sigma": 1.0000000298917293,
        "skewness": 0.36260361854289525,
        "kurtosis_excess": 0.8322821838994638,
        "delta_mean_median": -0.17265347304243234
      },
      "e_m": {
        "n": 124,
        "nan_frac": 0.0,
        "mean": 0.03666252648878482,
        "median": 1.1548399925231934e-07,
        "std": 0.9813223460316494,
        "iqr": 1.3138391375541687,
        "mad": 0.6744907200336456,
        "mad_sigma": 0.999999941521883,
        "skewness": 0.1443087116433749,
        "kurtosis_excess": -0.10496127771027552,
        "delta_mean_median": 0.03666241100478557
      }
    }
  },
  "entropy_provisional": {},
  "geometry_contract": {
    "policy_version": "standard_invalidity_v1",
    "status": "ok",
    "primary_requires_coords_9d": true,
    "shared_time_grid": {
      "epochs_before_policy": 124,
      "epochs_retained": 124,
      "epochs_dropped": 0,
      "drop_fraction": 0.0,
      "dropped_epoch_indices_preview": [],
      "drop_reason_counts": {
        "mnps_3d_nonfinite_rows": 0,
        "coords_9d_nonfinite_rows_affecting_primary": 0
      }
    },
    "mnps_3d": {
      "finite_row_fraction_before": 1.0,
      "nonfinite_row_count": 0,
      "degenerate_axes": [],
      "all_nan_axes": []
    },
    "coords_9d": {
      "available": true,
      "shape_matches_time_grid": true,
      "finite_row_fraction_before": 1.0,
      "nonfinite_row_count": 0,
      "nonfinite_rows_retained_on_shared_grid": 0,
      "degenerate_axes": [],
      "all_nan_axes": []
    },
    "time_grid": {
      "status": "ok",
      "warnings": [],
      "window_count": 124,
      "finite_window_bounds_fraction": 1.0,
      "dt_source": "window_start",
      "dt_sec_runtime": 4.0,
      "dt_sec_config": 4.0,
      "window_sec_config": 8.0,
      "dt_matches_runtime": true,
      "dt_matches_config_formula": true,
      "window_len_matches_config": true,
      "nonpositive_dt_count": 0,
      "nonpositive_window_len_count": 0,
      "dt_intervals_sec": {
        "n": 123,
        "mean": 4.0,
        "median": 4.0,
        "iqr": 0.0,
        "p95": 4.0,
        "max": 4.0
      },