{
  "dataset_id": "ds004511:sub-S201118:ses-01_rest_run-01",
  "subject": "sub-S201118",
  "session": "ses-01",
  "reliability_axes": {
    "m": 0.610134789627307,
    "d": 0.5936819320620224,
    "e": 0.4782236928645873
  },
  "reliability_subcoords": {
    "m_a": 0.5325268364185558,
    "m_e": 0.6442057623009257,
    "m_o": 0.44753337018718764,
    "d_n": 0.7713504310482125,
    "d_l": 0.5330645284126322,
    "d_s": 0.5874248389583818,
    "e_e": 0.5693899155173396,
    "e_s": 0.5068487248053505,
    "e_m": 0.593371011656618
  }
}