{
  "dataset_id": "ds004511:sub-S201118:ses-01_rest_run-01",
  "subject": "sub-S201118",
  "session": "ses-01",
  "coverage": {
    "epochs": 124,
    "seconds": 496.0
  },
  "artifacts": {
    "methods": [
      "ica"
    ],
    "bad_eeg_channels": [
      "Batt_0",
      "Batt_1",
      "Batt_2",
      "Batt_3",
      "Foto",
      "Gnd-Ref",
      "Gnd-Ref1",
      "Gnd-Ref2",
      "Gnd-Ref3",
      "Ref",
      "Sync"
    ],
    "n_bad_eeg_channels": 11,
    "stem_collisions": {}
  },
  "ensemble": {
    "var_by_subcoord": {
      "m_a": 0.0025947564281523228,
      "m_e": 1.146526179118118e-14,
      "m_o": 3.3097009850244262e-15,
      "d_n": 8.251374843809556e-15,
      "d_l": 0.0,
      "d_s": 7.274291845965619e-15,
      "e_e": 3.0303086429039894e-12,
      "e_s": 9.642352020999834e-14,
      "e_m": 0.0
    },
    "var_mean": 0.00028830627014548395,
    "var_max": 0.0025947564281523228
  },
  "reliability": {
    "axes": {
      "m": 0.610134789627307,
      "d": 0.5936819320620224,
      "e": 0.4782236928645873
    },
    "subcoords": {
      "m_a": 0.5325268364185558,
      "m_e": 0.6442057623009257,
      "m_o": 0.44753337018718764,
      "d_n": 0.7713504310482125,
      "d_l": 0.5330645284126322,
      "d_s": 0.5874248389583818,
      "e_e": 0.5693899155173396,
      "e_s": 0.5068487248053505,
      "e_m": 0.593371011656618
    }
  },
  "dist_summary": {
    "axes": {
      "m": {
        "n": 124,
        "nan_frac": 0.0,
        "mean": -0.2186298187814593,
        "median": -0.04594093933701515,
        "std": 0.9979521692915656,
        "iqr": 1.2425951287150383,
        "mad": 0.6140944994986057,
        "mad_sigma": 0.9104565049566328,
        "skewness": -0.9234659649015684,
        "kurtosis_excess": 0.8711941742598568,
        "delta_mean_median": -0.17268887944444414
      },
      "d": {
        "n": 124,
        "nan_frac": 0.0,
        "mean": 0.12620117568651273,
        "median": 0.1818072572350502,
        "std": 0.7799631171949318,
        "iqr": 0.8779205903410912,
        "mad": 0.40804359316825867,
        "mad_sigma": 0.6049654312312602,
        "skewness": 0.15942141620326478,
        "kurtosis_excess": 1.1357319257100276,
        "delta_mean_median": -0.05560608154853747
      },
      "e": {
        "n": 124,
        "nan_frac": 0.0,
        "mean": 0.047225181527826336,
        "median": 0.02795850858092308,
        "std": 0.6262989940216508,
        "iqr": 0.7093262001872063,
        "mad": 0.3546982891857624,
        "mad_sigma": 0.5258756835468114,
        "skewness": 0.7964605326695108,
        "kurtosis_excess": 2.7700682923332263,
        "delta_mean_median": 0.019266672946903256
      }
    },
    "subcoords": {
      "m_a": {
        "n": 124,
        "nan_frac": 0.0,
        "mean": -0.284825689399675,
        "median": -0.06195841357111931,
        "std": 1.3196924352580703,
        "iqr": 1.1411053240299225,
        "mad": 0.6087498366832733,
        "mad_sigma": 0.902532507866621,
        "skewness": -1.4025884126164045,
        "kurtosis_excess": 2.058171624416369,
        "delta_mean_median": -0.2228672758285557
      },
      "m_e": {
        "n": 124,
        "nan_frac": 0.0,
        "mean": -0.33341215277511266,
        "median": 0.0,
        "std": 1.2504648113864485,
        "iqr": 1.5495959669351578,
        "mad": 0.6744907796382904,
        "mad_sigma": 1.0000000298917293,
        "skewness": -0.7616587275180402,
        "kurtosis_excess": 0.366053904841106,
        "delta_mean_median": -0.33341215277511266
      },
      "m_o": {
        "n": 124,
        "nan_frac": 0.0,
        "mean": 0.012862891063935334,
        "median": 0.0,
        "std": 1.0159004814884551,
        "iqr": 1.2494702488183975,
        "mad": 0.674490749835968,
        "mad_sigma": 0.9999999857068061,
        "skewness": 0.3792513139658506,
        "kurtosis_excess": 0.09805802965704391,
        "delta_mean_median": 0.012862891063935334
      },
      "d_n": {
        "n": 124,
        "nan_frac": 0.0,
        "mean": 0.33736058579938066,
        "median": 5.271285772323608e-07,
        "std": 1.575985325570136,
        "iqr": 1.34018474817276,
        "mad": 0.674490749835968,
        "mad_sigma": 0.9999999857068061,
        "skewness": 1.7204577499233413,
        "kurtosis_excess": 3.2566142619902037,
        "delta_mean_median": 0.33736005867080343
      },
      "d_l": {
        "n": 124,
        "nan_frac": 0.0,
        "mean": -0.09189524869584749,
        "median": 0.0,
        "std": 1.1019262589953829,
        "iqr": 1.2889683693647385,
        "mad": 0.674490749835968,
        "mad_sigma": 0.9999999857068061,
        "skewness": -1.280034328334156,
        "kurtosis_excess": 2.7160402567702215,
        "delta_mean_median": -0.09189524869584749
      },
      "d_s": {
        "n": 124,
        "nan_frac": 0.0,
        "mean": 0.38784174475398275,
        "median": -1.2014061212539673e-07,
        "std": 1.2963721676942952,
        "iqr": 1.6720347478985786,
        "mad": 0.6744907796382904,
        "mad_sigma": 1.0000000298917293,
        "skewness": 0.9815377086052335,
        "kurtosis_excess": 0.9420144132619908,
        "delta_mean_median": 0.3878418648945949
      },
      "e_e": {
        "n": 124,
        "nan_frac": 0.0,
        "mean": -0.10229669778697914,
        "median": 0.0,
        "std": 1.011576890755219,
        "iqr": 1.3524991124868393,
        "mad": 0.6744906902313232,
        "mad_sigma": 0.9999998973369598,
        "skewness": -0.3584437343506952,
        "kurtosis_excess": -0.17851095734875244,
        "delta_mean_median": -0.10229669778697914
      },
      "e_s": {
        "n": 124,
        "nan_frac": 0.0,
        "mean": 0.24563494444854797,
        "median": 0.0,
        "std": 1.4150363481916848,
        "iqr": 1.3454886376857758,
        "mad": 0.6744907200336456,
        "mad_sigma": 0.999999941521883,
        "skewness": 2.0478995680959304,
        "kurtosis_excess": 5.8605838478100125,
        "delta_mean_median": 0.24563494444854797
      },
      "e_m": {
        "n": 124,
        "nan_frac": 0.0,
        "mean": 0.18321008412467857,
        "median": 0.0,
        "std": 1.3217099440964495,
        "iqr": 1.465738445520401,
        "mad": 0.6744906902313232,
        "mad_sigma": 0.9999998973369598,
        "skewness": 1.377211962710672,
        "kurtosis_excess": 4.380534268319956,
        "delta_mean_median": 0.18321008412467857
      }
    }
  },
  "entropy_provisional": {},
  "geometry_contract": {
    "policy_version": "standard_invalidity_v1",
    "status": "ok",
    "primary_requires_coords_9d": true,
    "shared_time_grid": {
      "epochs_before_policy": 124,
      "epochs_retained": 124,
      "epochs_dropped": 0,
      "drop_fraction": 0.0,
      "dropped_epoch_indices_preview": [],
      "drop_reason_counts": {
        "mnps_3d_nonfinite_rows": 0,
        "coords_9d_nonfinite_rows_affecting_primary": 0
      }
    },
    "mnps_3d": {
      "finite_row_fraction_before": 1.0,
      "nonfinite_row_count": 0,
      "degenerate_axes": [],
      "all_nan_axes": []
    },
    "coords_9d": {
      "available": true,
      "shape_matches_time_grid": true,
      "finite_row_fraction_before": 1.0,
      "nonfinite_row_count": 0,
      "nonfinite_rows_retained_on_shared_grid": 0,
      "degenerate_axes": [],
      "all_nan_axes": []
    },
    "time_grid": {
      "status": "ok",
      "warnings": [],
      "window_count": 124,
      "finite_window_bounds_fraction": 1.0,
      "dt_source": "window_start",
      "dt_sec_runtime": 4.0,
      "dt_sec_config": 4.0,
      "window_sec_config": 8.0,
      "dt_matches_runtime": true,
      "dt_matches_config_formula": true,
      "window_len_matches_config": true,
      "nonpositive_dt_count": 0,
      "nonpositive_window_len_count": 0,
      "dt_intervals_sec": {
        "n": 123,
        "mean": 4.0,
        "median": 4.0,
        "iqr": 0.0,
        "p95": 4.0,
        "max": 4.0
      },