{
  "dataset_id": "ds004511:sub-S200122:ses-01_gambling_run-01",
  "subject": "sub-S200122",
  "session": "ses-01",
  "reliability_axes": {
    "m": 0.639031206291676,
    "d": 0.5291229109941576,
    "e": 0.505904464477165
  },
  "reliability_subcoords": {
    "m_a": 0.6472988122726672,
    "m_e": 0.6993664941870209,
    "m_o": 0.45745888740938706,
    "d_n": 0.7577812311712606,
    "d_l": 0.5991717677930152,
    "d_s": 0.4976870324389384,
    "e_e": 0.6837009171294672,
    "e_s": 0.5660469564916433,
    "e_m": 0.636282413539187
  }
}