{
  "dataset_id": "ds004511:sub-S200122:ses-01_gambling_run-01",
  "subject": "sub-S200122",
  "session": "ses-01",
  "coverage": {
    "epochs": 904,
    "seconds": 3616.0
  },
  "artifacts": {
    "methods": [
      "ica"
    ],
    "bad_eeg_channels": [
      "Batt_0",
      "Batt_1",
      "Batt_2",
      "Batt_3",
      "FFT7",
      "FT10",
      "FT7",
      "Gnd-Ref",
      "Gnd-Ref1",
      "Gnd-Ref2",
      "Gnd-Ref3",
      "PO3",
      "PO7",
      "Ref",
      "Sync"
    ],
    "n_bad_eeg_channels": 15,
    "stem_collisions": {}
  },
  "ensemble": {
    "var_by_subcoord": {
      "m_a": 0.00018620117043610662,
      "m_e": 1.2406954270181175e-15,
      "m_o": 7.896752641980281e-15,
      "d_n": 3.191161900429739e-15,
      "d_l": 2.307043817865572e-14,
      "d_s": 1.067080248489706e-14,
      "e_e": 1.3754906501989295e-12,
      "e_s": 2.7090759784119747e-14,
      "e_m": 0.0
    },
    "var_mean": 2.0689019098306434e-05,
    "var_max": 0.00018620117043610662
  },
  "reliability": {
    "axes": {
      "m": 0.639031206291676,
      "d": 0.5291229109941576,
      "e": 0.505904464477165
    },
    "subcoords": {
      "m_a": 0.6472988122726672,
      "m_e": 0.6993664941870209,
      "m_o": 0.45745888740938706,
      "d_n": 0.7577812311712606,
      "d_l": 0.5991717677930152,
      "d_s": 0.4976870324389384,
      "e_e": 0.6837009171294672,
      "e_s": 0.5660469564916433,
      "e_m": 0.636282413539187
    }
  },
  "dist_summary": {
    "axes": {
      "m": {
        "n": 904,
        "nan_frac": 0.0,
        "mean": -0.35676668893607166,
        "median": 0.000905935768969357,
        "std": 1.2026795816440417,
        "iqr": 1.4872844517230988,
        "mad": 0.609732061624527,
        "mad_sigma": 0.9039887545645237,
        "skewness": -1.2558384215190719,
        "kurtosis_excess": 1.4400860493807883,
        "delta_mean_median": -0.357672624705041
      },
      "d": {
        "n": 904,
        "nan_frac": 0.0,
        "mean": -0.1007786732759642,
        "median": 0.05954526923596859,
        "std": 0.7715105701333528,
        "iqr": 0.7459442242980003,
        "mad": 0.3423527628183365,
        "mad_sigma": 0.5075722061544656,
        "skewness": -0.9494224583869333,
        "kurtosis_excess": 1.0293603271025527,
        "delta_mean_median": -0.16032394251193277
      },
      "e": {
        "n": 904,
        "nan_frac": 0.0,
        "mean": 0.3929224062846346,
        "median": 0.2529914379119873,
        "std": 0.8763479831647633,
        "iqr": 0.9302348345518112,
        "mad": 0.4553767144680023,
        "mad_sigma": 0.6751415168702602,
        "skewness": 0.5885626755915901,
        "kurtosis_excess": 0.6916421213485933,
        "delta_mean_median": 0.1399309683726473
      }
    },
    "subcoords": {
      "m_a": {
        "n": 904,
        "nan_frac": 0.0,
        "mean": -0.5529604093751157,
        "median": -0.004484556615352631,
        "std": 1.5678555368138343,
        "iqr": 1.7820805609226227,
        "mad": 0.6595777496695518,
        "mad_sigma": 0.9778899716600775,
        "skewness": -1.4490598131267114,
        "kurtosis_excess": 1.5114310020513457,
        "delta_mean_median": -0.5484758527597631
      },
      "m_e": {
        "n": 904,
        "nan_frac": 0.0,
        "mean": -0.41936539169630155,
        "median": 2.119923010468483e-07,
        "std": 1.4001860915911126,
        "iqr": 1.6009124666452408,
        "mad": 0.6744905676459894,
        "mad_sigma": 0.9999997155919438,
        "skewness": -1.4880225433864724,
        "kurtosis_excess": 2.303145800651082,
        "delta_mean_median": -0.4193656036886026
      },
      "m_o": {
        "n": 904,
        "nan_frac": 0.0,
        "mean": -0.009945807086771423,
        "median": 0.0,
        "std": 1.1063608946285064,
        "iqr": 1.3566421270370483,
        "mad": 0.6744907796382904,
        "mad_sigma": 1.0000000298917293,
        "skewness": 0.37987798707810594,
        "kurtosis_excess": 1.5345174107713726,
        "delta_mean_median": -0.009945807086771423
      },
      "d_n": {
        "n": 904,
        "nan_frac": 0.0,
        "mean": 0.4057300454332695,
        "median": 0.0,
        "std": 1.3504783813558494,
        "iqr": 1.52788944542408,
        "mad": 0.674490749835968,
        "mad_sigma": 0.9999999857068061,
        "skewness": 1.5653556101214254,
        "kurtosis_excess": 2.711526080365128,
        "delta_mean_median": 0.4057300454332695
      },
      "d_l": {
        "n": 904,
        "nan_frac": 0.0,
        "mean": -0.5729528987803136,
        "median": 0.0,
        "std": 1.4595463858431674,
        "iqr": 1.9743956327438354,
        "mad": 0.6744907200336456,
        "mad_sigma": 0.999999941521883,
        "skewness": -1.0668755248413493,
        "kurtosis_excess": 0.10468126325191918,
        "delta_mean_median": -0.5729528987803136
      },
      "d_s": {
        "n": 904,
        "nan_frac": 0.0,
        "mean": 0.3775373810092997,
        "median": -1.398148015141487e-07,
        "std": 1.750318874201447,
        "iqr": 1.3732368052005768,
        "mad": 0.674490749835968,
        "mad_sigma": 0.9999999857068061,
        "skewness": 1.8240975871850087,
        "kurtosis_excess": 3.5202135240426156,
        "delta_mean_median": 0.3775375208241012
      },
      "e_e": {
        "n": 904,
        "nan_frac": 0.0,
        "mean": -0.17074862529577242,
        "median": 0.0,
        "std": 1.2168600754723635,
        "iqr": 1.3424743562936783,
        "mad": 0.6744906604290009,
        "mad_sigma": 0.9999998531520367,
        "skewness": -1.4191176678354243,
        "kurtosis_excess": 3.3637220421582628,
        "delta_mean_median": -0.17074862529577242
      },
      "e_s": {
        "n": 904,
        "nan_frac": 0.0,
        "mean": 1.1765926750603792,
        "median": 3.964087227359414e-07,
        "std": 2.355569199848444,
        "iqr": 2.522705815732479,
        "mad": 0.6744911462446908,
        "mad_sigma": 1.0000005734223785,
        "skewness": 1.164225343637741,
        "kurtosis_excess": -0.20567785894932822,
        "delta_mean_median": 1.1765922786516565
      },
      "e_m": {
        "n": 904,
        "nan_frac": 0.0,
        "mean": 0.16775045003298983,
        "median": 9.16188582777977e-08,
        "std": 1.044683792794917,
        "iqr": 1.3833401650190353,
        "mad": 0.6744907818501815,
        "mad_sigma": 1.000000033171079,
        "skewness": 0.8792589644296148,
        "kurtosis_excess": 1.3635920710066074,
        "delta_mean_median": 0.16775035841413155
      }
    }
  },
  "entropy_provisional": {},
  "geometry_contract": {
    "policy_version": "standard_invalidity_v1",
    "status": "ok",
    "primary_requires_coords_9d": true,
    "shared_time_grid": {
      "epochs_before_policy": 904,
      "epochs_retained": 904,
      "epochs_dropped": 0,
      "drop_fraction": 0.0,
      "dropped_epoch_indices_preview": [],
      "drop_reason_counts": {
        "mnps_3d_nonfinite_rows": 0,
        "coords_9d_nonfinite_rows_affecting_primary": 0
      }
    },
    "mnps_3d": {
      "finite_row_fraction_before": 1.0,
      "nonfinite_row_count": 0,
      "degenerate_axes": [],
      "all_nan_axes": []
    },
    "coords_9d": {
      "available": true,
      "shape_matches_time_grid": true,
      "finite_row_fraction_before": 1.0,
      "nonfinite_row_count": 0,
      "nonfinite_rows_retained_on_shared_grid": 0,
      "degenerate_axes": [],
      "all_nan_axes": []
    },
    "time_grid": {
      "status": "ok",
      "warnings": [],
      "window_count": 904,
      "finite_window_bounds_fraction": 1.0,
      "dt_source": "window_start",
      "dt_sec_runtime": 4.0,
      "dt_sec_config": 4.0,
      "window_sec_config": 8.0,
      "dt_matches_runtime": true,
      "dt_matches_config_formula": true,
      "window_len_matches_config": true,
      "nonpositive_dt_count": 0,
      "nonpositive_window_len_count": 0,
      "dt_intervals_sec": {
        "n": 903,
        "mean": 4.0,
        "median": 4.0,