{
  "dataset_id": "ds004511:sub-S200116:ses-01_gambling_run-01",
  "subject": "sub-S200116",
  "session": "ses-01",
  "reliability_axes": {
    "m": 0.7428287444301833,
    "d": 0.5253857831529655,
    "e": 0.57468136641673
  },
  "reliability_subcoords": {
    "m_a": 0.7671830692075835,
    "m_e": 0.7359337203566995,
    "m_o": 0.5261939405622749,
    "d_n": 0.8262400227574013,
    "d_l": 0.6612168689131418,
    "d_s": 0.4670600854946506,
    "e_e": 0.7146362204119096,
    "e_s": 0.6415595856363592,
    "e_m": 0.5741985945543528
  }
}