{
  "dataset_id": "ds004511:sub-S200116:ses-01_gambling_run-01",
  "subject": "sub-S200116",
  "session": "ses-01",
  "coverage": {
    "epochs": 875,
    "seconds": 3500.0
  },
  "artifacts": {
    "methods": [
      "ica"
    ],
    "bad_eeg_channels": [
      "Batt_0",
      "Batt_1",
      "Batt_2",
      "Batt_3",
      "Gnd-Ref",
      "Gnd-Ref1",
      "Gnd-Ref2",
      "Gnd-Ref3",
      "Ref",
      "Sync"
    ],
    "n_bad_eeg_channels": 10,
    "stem_collisions": {}
  },
  "ensemble": {
    "var_by_subcoord": {
      "m_a": 0.000501067319419235,
      "m_e": 0.0,
      "m_o": 0.0,
      "d_n": 0.0,
      "d_l": 0.0,
      "d_s": 0.0,
      "e_e": 0.0,
      "e_s": 0.0,
      "e_m": 0.0
    },
    "var_mean": 5.567414660213722e-05,
    "var_max": 0.000501067319419235
  },
  "reliability": {
    "axes": {
      "m": 0.7428287444301833,
      "d": 0.5253857831529655,
      "e": 0.57468136641673
    },
    "subcoords": {
      "m_a": 0.7671830692075835,
      "m_e": 0.7359337203566995,
      "m_o": 0.5261939405622749,
      "d_n": 0.8262400227574013,
      "d_l": 0.6612168689131418,
      "d_s": 0.4670600854946506,
      "e_e": 0.7146362204119096,
      "e_s": 0.6415595856363592,
      "e_m": 0.5741985945543528
    }
  },
  "dist_summary": {
    "axes": {
      "m": {
        "n": 875,
        "nan_frac": 0.0,
        "mean": -0.17444777458307467,
        "median": 0.0013255372177809477,
        "std": 1.1535086300420154,
        "iqr": 1.0726581662893295,
        "mad": 0.5280843272339553,
        "mad_sigma": 0.782937823557062,
        "skewness": -1.8823378069893206,
        "kurtosis_excess": 5.54360833711279,
        "delta_mean_median": -0.17577331180085562
      },
      "d": {
        "n": 875,
        "nan_frac": 0.0,
        "mean": 0.03532280536183888,
        "median": 0.011463097296655178,
        "std": 0.6841418912492137,
        "iqr": 0.8624172657728195,
        "mad": 0.42655917163938284,
        "mad_sigma": 0.6324166278725489,
        "skewness": 0.10323305066651009,
        "kurtosis_excess": 0.6862316759002218,
        "delta_mean_median": 0.0238597080651837
      },
      "e": {
        "n": 875,
        "nan_frac": 0.0,
        "mean": 0.0673517230546235,
        "median": 0.022009819746017456,
        "std": 0.6583650886656643,
        "iqr": 0.8307954967021942,
        "mad": 0.41841986775398254,
        "mad_sigma": 0.6203492959320545,
        "skewness": 0.704969906585903,
        "kurtosis_excess": 1.585610854349171,
        "delta_mean_median": 0.045341903308606046
      }
    },
    "subcoords": {
      "m_a": {
        "n": 875,
        "nan_frac": 0.0,
        "mean": -0.24468439221914326,
        "median": -0.011228431016206741,
        "std": 1.3709668598450868,
        "iqr": 1.2203227579593658,
        "mad": 0.6006687767803669,
        "mad_sigma": 0.8905515284545719,
        "skewness": -2.0600500089713614,
        "kurtosis_excess": 5.75754541547944,
        "delta_mean_median": -0.23345596120293652
      },
      "m_e": {
        "n": 875,
        "nan_frac": 0.0,
        "mean": -0.24947747478035412,
        "median": 0.0,
        "std": 1.4748087891031356,
        "iqr": 1.3398365676403046,
        "mad": 0.674490749835968,
        "mad_sigma": 0.9999999857068061,
        "skewness": -1.9266591675093383,
        "kurtosis_excess": 5.26864301232064,
        "delta_mean_median": -0.24947747478035412
      },
      "m_o": {
        "n": 875,
        "nan_frac": 0.0,
        "mean": 0.014025643130897412,
        "median": 0.0,
        "std": 1.1151268759755757,
        "iqr": 1.3432074189186096,
        "mad": 0.674490749835968,
        "mad_sigma": 0.9999999857068061,
        "skewness": 0.11807988021676089,
        "kurtosis_excess": 1.4153430416382946,
        "delta_mean_median": 0.014025643130897412
      },
      "d_n": {
        "n": 875,
        "nan_frac": 0.0,
        "mean": 0.30907179615353897,
        "median": 0.0,
        "std": 1.57684208675277,
        "iqr": 1.3386745154857635,
        "mad": 0.674490749835968,
        "mad_sigma": 0.9999999857068061,
        "skewness": 1.961674242523978,
        "kurtosis_excess": 4.625716308329827,
        "delta_mean_median": 0.30907179615353897
      },
      "d_l": {
        "n": 875,
        "nan_frac": 0.0,
        "mean": -0.19544961416282292,
        "median": 0.0,
        "std": 1.4182781175059216,
        "iqr": 1.3232504427433014,
        "mad": 0.674490749835968,
        "mad_sigma": 0.9999999857068061,
        "skewness": -1.9005963851550935,
        "kurtosis_excess": 5.72392593749456,
        "delta_mean_median": -0.19544961416282292
      },
      "d_s": {
        "n": 875,
        "nan_frac": 0.0,
        "mean": 0.22231881622348112,
        "median": 0.0,
        "std": 1.2347238759753838,
        "iqr": 1.350122332572937,
        "mad": 0.674490749835968,
        "mad_sigma": 0.9999999857068061,
        "skewness": 1.503167840272793,
        "kurtosis_excess": 4.174990730649328,
        "delta_mean_median": 0.22231881622348112
      },
      "e_e": {
        "n": 875,
        "nan_frac": 0.0,
        "mean": -0.08171518735161849,
        "median": 0.0,
        "std": 1.1583932141431514,
        "iqr": 1.3471157550811768,
        "mad": 0.6744906902313232,
        "mad_sigma": 0.9999998973369598,
        "skewness": -1.43331087394528,
        "kurtosis_excess": 5.712064971501979,
        "delta_mean_median": -0.08171518735161849
      },
      "e_s": {
        "n": 875,
        "nan_frac": 0.0,
        "mean": 0.2700535948343043,
        "median": 0.0,
        "std": 1.464806906628972,
        "iqr": 1.3733866214752197,
        "mad": 0.674490749835968,
        "mad_sigma": 0.9999999857068061,
        "skewness": 2.0266545946165353,
        "kurtosis_excess": 5.4851102163943075,
        "delta_mean_median": 0.2700535948343043
      },
      "e_m": {
        "n": 875,
        "nan_frac": 0.0,
        "mean": 0.1017423731402627,
        "median": 0.0,
        "std": 1.1199692348022339,
        "iqr": 1.337790459394455,
        "mad": 0.6744906902313232,
        "mad_sigma": 0.9999998973369598,
        "skewness": 1.4305618989453142,
        "kurtosis_excess": 4.653185344169414,
        "delta_mean_median": 0.1017423731402627
      }
    }
  },
  "entropy_provisional": {},
  "geometry_contract": {
    "policy_version": "standard_invalidity_v1",
    "status": "ok",
    "primary_requires_coords_9d": true,
    "shared_time_grid": {
      "epochs_before_policy": 875,
      "epochs_retained": 875,
      "epochs_dropped": 0,
      "drop_fraction": 0.0,
      "dropped_epoch_indices_preview": [],
      "drop_reason_counts": {
        "mnps_3d_nonfinite_rows": 0,
        "coords_9d_nonfinite_rows_affecting_primary": 0
      }
    },
    "mnps_3d": {
      "finite_row_fraction_before": 1.0,
      "nonfinite_row_count": 0,
      "degenerate_axes": [],
      "all_nan_axes": []
    },
    "coords_9d": {
      "available": true,
      "shape_matches_time_grid": true,
      "finite_row_fraction_before": 1.0,
      "nonfinite_row_count": 0,
      "nonfinite_rows_retained_on_shared_grid": 0,
      "degenerate_axes": [],
      "all_nan_axes": []
    },
    "time_grid": {
      "status": "ok",
      "warnings": [],
      "window_count": 875,
      "finite_window_bounds_fraction": 1.0,
      "dt_source": "window_start",
      "dt_sec_runtime": 4.0,
      "dt_sec_config": 4.0,
      "window_sec_config": 8.0,
      "dt_matches_runtime": true,
      "dt_matches_config_formula": true,
      "window_len_matches_config": true,
      "nonpositive_dt_count": 0,
      "nonpositive_window_len_count": 0,
      "dt_intervals_sec": {
        "n": 874,
        "mean": 4.0,
        "median": 4.0,
        "iqr": 0.0,
        "p95": 4.0,
        "max": 4.0
      },
      "window_lengths_sec": {
        "n": 875,
        "mean": 8.0,
        "median": 8.0,
        "iqr": 0.0,
        "p95": 8.0,
        "max": 8.0
      }
    },