{
  "dataset_id": "ds004511:sub-S200214:ses-01_gambling_run-01",
  "subject": "sub-S200214",
  "session": "ses-01",
  "reliability_axes": {
    "m": 0.5706016873448809,
    "d": 0.6561105269778235,
    "e": 0.7131640649101525
  },
  "reliability_subcoords": {
    "m_a": 0.6417440455989027,
    "m_e": 0.6192676016131654,
    "m_o": 0.5604039867279558,
    "d_n": 0.7503918584333182,
    "d_l": 0.5994047561600894,
    "d_s": 0.42328446595267705,
    "e_e": 0.7164344818727776,
    "e_s": 0.6409836411228065,
    "e_m": 0.3986910689905495
  }
}