{
  "dataset_id": "ds004511:sub-S200214:ses-01_gambling_run-01",
  "subject": "sub-S200214",
  "session": "ses-01",
  "coverage": {
    "epochs": 885,
    "seconds": 3540.0
  },
  "artifacts": {
    "methods": [
      "ica"
    ],
    "bad_eeg_channels": [
      "AF7",
      "Batt_0",
      "Batt_1",
      "Batt_2",
      "Batt_3",
      "Gnd-Ref",
      "Gnd-Ref1",
      "Gnd-Ref2",
      "Gnd-Ref3",
      "Ref",
      "Sync"
    ],
    "n_bad_eeg_channels": 11,
    "stem_collisions": {}
  },
  "ensemble": {
    "var_by_subcoord": {
      "m_a": 0.0003965131181757897,
      "m_e": 0.0,
      "m_o": 0.0,
      "d_n": 0.0,
      "d_l": 0.0,
      "d_s": 0.0,
      "e_e": 0.0,
      "e_s": 0.0,
      "e_m": 0.0
    },
    "var_mean": 4.40570131306433e-05,
    "var_max": 0.0003965131181757897
  },
  "reliability": {
    "axes": {
      "m": 0.5706016873448809,
      "d": 0.6561105269778235,
      "e": 0.7131640649101525
    },
    "subcoords": {
      "m_a": 0.6417440455989027,
      "m_e": 0.6192676016131654,
      "m_o": 0.5604039867279558,
      "d_n": 0.7503918584333182,
      "d_l": 0.5994047561600894,
      "d_s": 0.42328446595267705,
      "e_e": 0.7164344818727776,
      "e_s": 0.6409836411228065,
      "e_m": 0.3986910689905495
    }
  },
  "dist_summary": {
    "axes": {
      "m": {
        "n": 885,
        "nan_frac": 0.0,
        "mean": -0.03333363552945456,
        "median": 0.03967482969164848,
        "std": 0.9386382728415136,
        "iqr": 0.9064619243144989,
        "mad": 0.45358945801854134,
        "mad_sigma": 0.6724917304582894,
        "skewness": -1.8462064896663695,
        "kurtosis_excess": 7.2157195867616775,
        "delta_mean_median": -0.07300846522110305
      },
      "d": {
        "n": 885,
        "nan_frac": 0.0,
        "mean": -0.1231402893934141,
        "median": 0.015073047950863838,
        "std": 0.9240118132989713,
        "iqr": 1.0849201083183289,
        "mad": 0.5359549056738615,
        "mad_sigma": 0.794606743152067,
        "skewness": -0.9481504058611218,
        "kurtosis_excess": 1.2842515942114767,
        "delta_mean_median": -0.13821333734427793
      },
      "e": {
        "n": 885,
        "nan_frac": 0.0,
        "mean": 0.16568245204608878,
        "median": 0.05819704011082649,
        "std": 1.0005118578066785,
        "iqr": 1.1945481300354004,
        "mad": 0.5955022163689137,
        "mad_sigma": 0.8828915859885513,
        "skewness": 0.8204950651721226,
        "kurtosis_excess": 1.069670016871994,
        "delta_mean_median": 0.10748541193526229
      }
    },
    "subcoords": {
      "m_a": {
        "n": 885,
        "nan_frac": 0.0,
        "mean": -0.09817893623379664,
        "median": 0.006119132041931152,
        "std": 1.2342864413520813,
        "iqr": 1.220269799232483,
        "mad": 0.6101056337356567,
        "mad_sigma": 0.9045426125764846,
        "skewness": -1.698131533435158,
        "kurtosis_excess": 6.789606165731204,
        "delta_mean_median": -0.1042980682757278
      },
      "m_e": {
        "n": 885,
        "nan_frac": 0.0,
        "mean": -0.032977306310318956,
        "median": 0.0,
        "std": 1.2411666640675245,
        "iqr": 1.3639175295829773,
        "mad": 0.674490749835968,
        "mad_sigma": 0.9999999857068061,
        "skewness": -0.864813654620117,
        "kurtosis_excess": 3.176853200421432,
        "delta_mean_median": -0.032977306310318956
      },
      "m_o": {
        "n": 885,
        "nan_frac": 0.0,
        "mean": 0.0555732692752657,
        "median": 0.0,
        "std": 1.1151953878320233,
        "iqr": 1.3426549434661865,
        "mad": 0.674490749835968,
        "mad_sigma": 0.9999999857068061,
        "skewness": 0.5003357590184944,
        "kurtosis_excess": 1.468987143399696,
        "delta_mean_median": 0.0555732692752657
      },
      "d_n": {
        "n": 885,
        "nan_frac": 0.0,
        "mean": -0.1504728106474688,
        "median": 0.0,
        "std": 1.1227344568927433,
        "iqr": 1.330802321434021,
        "mad": 0.674490749835968,
        "mad_sigma": 0.9999999857068061,
        "skewness": -0.724253336076919,
        "kurtosis_excess": 0.8165488340588847,
        "delta_mean_median": -0.1504728106474688
      },
      "d_l": {
        "n": 885,
        "nan_frac": 0.0,
        "mean": -0.20572430733683397,
        "median": 0.0,
        "std": 1.3894009167647317,
        "iqr": 1.348155438899994,
        "mad": 0.674490749835968,
        "mad_sigma": 0.9999999857068061,
        "skewness": -1.810873401411962,
        "kurtosis_excess": 5.044141616616809,
        "delta_mean_median": -0.20572430733683397
      },
      "d_s": {
        "n": 885,
        "nan_frac": 0.0,
        "mean": 0.167520966994317,
        "median": 0.0,
        "std": 1.1783651646707378,
        "iqr": 1.3744524121284485,
        "mad": 0.674490749835968,
        "mad_sigma": 0.9999999857068061,
        "skewness": 1.1606038809476307,
        "kurtosis_excess": 2.902910663306848,
        "delta_mean_median": 0.167520966994317
      },
      "e_e": {
        "n": 885,
        "nan_frac": 0.0,
        "mean": 0.03816618470572584,
        "median": 0.0,
        "std": 0.9651184760260865,
        "iqr": 1.3266338109970093,
        "mad": 0.6744906902313232,
        "mad_sigma": 0.9999998973369598,
        "skewness": 0.10022179337076541,
        "kurtosis_excess": -0.1464531205114059,
        "delta_mean_median": 0.03816618470572584
      },
      "e_s": {
        "n": 885,
        "nan_frac": 0.0,
        "mean": 0.33803691131810626,
        "median": 0.0,
        "std": 1.493844317261085,
        "iqr": 1.4268633127212524,
        "mad": 0.674490749835968,
        "mad_sigma": 0.9999999857068061,
        "skewness": 1.834111376810364,
        "kurtosis_excess": 4.1563838387986705,
        "delta_mean_median": 0.33803691131810626
      },
      "e_m": {
        "n": 885,
        "nan_frac": 0.0,
        "mean": 0.21665170533940364,
        "median": 0.0,
        "std": 1.1059014157632991,
        "iqr": 1.4168769717216492,
        "mad": 0.6744906902313232,
        "mad_sigma": 0.9999998973369598,
        "skewness": 1.1117709505186484,
        "kurtosis_excess": 1.7266104591341058,
        "delta_mean_median": 0.21665170533940364
      }
    }
  },
  "entropy_provisional": {},
  "geometry_contract": {
    "policy_version": "standard_invalidity_v1",
    "status": "ok",
    "primary_requires_coords_9d": true,
    "shared_time_grid": {
      "epochs_before_policy": 885,
      "epochs_retained": 885,
      "epochs_dropped": 0,
      "drop_fraction": 0.0,
      "dropped_epoch_indices_preview": [],
      "drop_reason_counts": {
        "mnps_3d_nonfinite_rows": 0,
        "coords_9d_nonfinite_rows_affecting_primary": 0
      }
    },
    "mnps_3d": {
      "finite_row_fraction_before": 1.0,
      "nonfinite_row_count": 0,
      "degenerate_axes": [],
      "all_nan_axes": []
    },
    "coords_9d": {
      "available": true,
      "shape_matches_time_grid": true,
      "finite_row_fraction_before": 1.0,
      "nonfinite_row_count": 0,
      "nonfinite_rows_retained_on_shared_grid": 0,
      "degenerate_axes": [],
      "all_nan_axes": []
    },
    "time_grid": {
      "status": "ok",
      "warnings": [],
      "window_count": 885,
      "finite_window_bounds_fraction": 1.0,
      "dt_source": "window_start",
      "dt_sec_runtime": 4.0,
      "dt_sec_config": 4.0,
      "window_sec_config": 8.0,
      "dt_matches_runtime": true,
      "dt_matches_config_formula": true,
      "window_len_matches_config": true,
      "nonpositive_dt_count": 0,
      "nonpositive_window_len_count": 0,
      "dt_intervals_sec": {
        "n": 884,
        "mean": 4.0,
        "median": 4.0,
        "iqr": 0.0,
        "p95": 4.0,
        "max": 4.0
      },
      "window_lengths_sec": {
        "n": 885,
        "mean": 8.0,
        "median": 8.0,
        "iqr": 0.0,
        "p95": 8.0,
        "max": 8.0
      }
    },