{
  "dataset_id": "ds004511:sub-S210316:ses-01_rest_run-01",
  "subject": "sub-S210316",
  "session": "ses-01",
  "reliability_axes": {
    "m": 0.6847167777159592,
    "d": 0.788487149663847,
    "e": 0.7615309158924294
  },
  "reliability_subcoords": {
    "m_a": 0.774295253534086,
    "m_e": 0.6604728372586139,
    "m_o": 0.688222616135518,
    "d_n": 0.6700458153554216,
    "d_l": 0.6741772245620131,
    "d_s": 0.5323168869794813,
    "e_e": 0.7835480636023648,
    "e_s": 0.6698957019082183,
    "e_m": 0.6637001707198311
  }
}