{
  "dataset_id": "ds004511:sub-S210316:ses-01_rest_run-01",
  "subject": "sub-S210316",
  "session": "ses-01",
  "coverage": {
    "epochs": 124,
    "seconds": 496.0
  },
  "artifacts": {
    "methods": [
      "ica"
    ],
    "bad_eeg_channels": [
      "Batt_0",
      "Batt_1",
      "Batt_2",
      "Batt_3",
      "Foto",
      "Gnd-Ref",
      "Gnd-Ref1",
      "Gnd-Ref2",
      "Gnd-Ref3",
      "Ref",
      "Sync"
    ],
    "n_bad_eeg_channels": 11,
    "stem_collisions": {}
  },
  "ensemble": {
    "var_by_subcoord": {
      "m_a": 0.0022400894667953253,
      "m_e": 2.0836603926641106e-15,
      "m_o": 5.887111493961409e-15,
      "d_n": 5.743363141845481e-14,
      "d_l": 2.517912365152669e-13,
      "d_s": 1.6612789431862812e-15,
      "e_e": 1.2689940244448028e-12,
      "e_s": 4.826556363780876e-13,
      "e_m": 0.0
    },
    "var_mean": 0.0002488988298739814,
    "var_max": 0.0022400894667953253
  },
  "reliability": {
    "axes": {
      "m": 0.6847167777159592,
      "d": 0.788487149663847,
      "e": 0.7615309158924294
    },
    "subcoords": {
      "m_a": 0.774295253534086,
      "m_e": 0.6604728372586139,
      "m_o": 0.688222616135518,
      "d_n": 0.6700458153554216,
      "d_l": 0.6741772245620131,
      "d_s": 0.5323168869794813,
      "e_e": 0.7835480636023648,
      "e_s": 0.6698957019082183,
      "e_m": 0.6637001707198311
    }
  },
  "dist_summary": {
    "axes": {
      "m": {
        "n": 124,
        "nan_frac": 0.0,
        "mean": 0.14331145210552118,
        "median": 0.08071619272232056,
        "std": 0.9062317517734835,
        "iqr": 1.1157196909189224,
        "mad": 0.5597324669361115,
        "mad_sigma": 0.8298593554794788,
        "skewness": 0.6028805555265137,
        "kurtosis_excess": -0.0762296879912121,
        "delta_mean_median": 0.06259525938320062
      },
      "d": {
        "n": 124,
        "nan_frac": 0.0,
        "mean": 0.03665657755317948,
        "median": 0.008164874743670225,
        "std": 0.37834469390591446,
        "iqr": 0.5277252905070782,
        "mad": 0.2577725425362587,
        "mad_sigma": 0.38217357156425713,
        "skewness": 0.09405268678880899,
        "kurtosis_excess": -0.45746315681429595,
        "delta_mean_median": 0.028491702809509252
      },
      "e": {
        "n": 124,
        "nan_frac": 0.0,
        "mean": 0.031082835841985915,
        "median": 0.016832286026328802,
        "std": 0.4327286339877062,
        "iqr": 0.5101997517049313,
        "mad": 0.2580774426460266,
        "mad_sigma": 0.38262561646699905,
        "skewness": 0.3754140967424417,
        "kurtosis_excess": 0.651555936185229,
        "delta_mean_median": 0.014250549815657113
      }
    },
    "subcoords": {
      "m_a": {
        "n": 124,
        "nan_frac": 0.0,
        "mean": 0.020782646032110337,
        "median": 0.0618120152503252,
        "std": 0.9163900378194391,
        "iqr": 1.2062682509422302,
        "mad": 0.6174912750720978,
        "mad_sigma": 0.9154925644218921,
        "skewness": -0.06222465249562159,
        "kurtosis_excess": -0.18585411911455774,
        "delta_mean_median": -0.041029369218214866
      },
      "m_e": {
        "n": 124,
        "nan_frac": 0.0,
        "mean": 0.029193409804945752,
        "median": 0.0,
        "std": 0.8958809082563194,
        "iqr": 1.3186462670564651,
        "mad": 0.674490749835968,
        "mad_sigma": 0.9999999857068061,
        "skewness": 0.24021638799304484,
        "kurtosis_excess": -0.6177172282034555,
        "delta_mean_median": 0.029193409804945752
      },
      "m_o": {
        "n": 124,
        "nan_frac": 0.0,
        "mean": 0.4516065385973742,
        "median": 0.0,
        "std": 1.481630328245033,
        "iqr": 1.3698126375675201,
        "mad": 0.6744907796382904,
        "mad_sigma": 1.0000000298917293,
        "skewness": 1.7752403627453746,
        "kurtosis_excess": 2.982647378276414,
        "delta_mean_median": 0.4516065385973742
      },
      "d_n": {
        "n": 124,
        "nan_frac": 0.0,
        "mean": 0.04229159221206153,
        "median": -5.607289494946599e-07,
        "std": 1.0888333394504508,
        "iqr": 1.3508930504322052,
        "mad": 0.674490749835968,
        "mad_sigma": 0.9999999857068061,
        "skewness": 0.13908915088588872,
        "kurtosis_excess": -0.07052144365554636,
        "delta_mean_median": 0.042292152941011026
      },
      "d_l": {
        "n": 124,
        "nan_frac": 0.0,
        "mean": -0.027736202107682344,
        "median": -4.246830940246582e-07,
        "std": 0.9628963072021449,
        "iqr": 1.3630912601947784,
        "mad": 0.6744902953505516,
        "mad_sigma": 0.9999993118867277,
        "skewness": 0.39744834268412765,
        "kurtosis_excess": -0.4556828389798038,
        "delta_mean_median": -0.02773577742458832
      },
      "d_s": {
        "n": 124,
        "nan_frac": 0.0,
        "mean": 0.21517290511438925,
        "median": 0.0,
        "std": 1.211698459810036,
        "iqr": 1.3235782831907272,
        "mad": 0.6744907796382904,
        "mad_sigma": 1.0000000298917293,
        "skewness": 1.3533034992014707,
        "kurtosis_excess": 1.5234829596408792,
        "delta_mean_median": 0.21517290511438925
      },
      "e_e": {
        "n": 124,
        "nan_frac": 0.0,
        "mean": 0.008718646123945233,
        "median": 0.0,
        "std": 1.1107062952272004,
        "iqr": 1.340540125966072,
        "mad": 0.6744907200336456,
        "mad_sigma": 0.999999941521883,
        "skewness": -0.05335470418994056,
        "kurtosis_excess": -0.2516570516926211,
        "delta_mean_median": 0.008718646123945233
      },
      "e_s": {
        "n": 124,
        "nan_frac": 0.0,
        "mean": 0.06066591965575372,
        "median": 6.50063157081604e-07,
        "std": 0.9473209961617453,
        "iqr": 1.4112471491098404,
        "mad": 0.6744914297014475,
        "mad_sigma": 1.000000993675366,
        "skewness": -0.051487100943998235,
        "kurtosis_excess": -0.7298040769410701,
        "delta_mean_median": 0.06066526959259664
      },
      "e_m": {
        "n": 124,
        "nan_frac": 0.0,
        "mean": 0.05335108089380928,
        "median": 0.0,
        "std": 1.1683825877527094,
        "iqr": 1.3374789208173752,
        "mad": 0.6744906902313232,
        "mad_sigma": 0.9999998973369598,
        "skewness": 0.24464179059649957,
        "kurtosis_excess": 0.3504465674447803,
        "delta_mean_median": 0.05335108089380928
      }
    }
  },
  "entropy_provisional": {},
  "geometry_contract": {
    "policy_version": "standard_invalidity_v1",
    "status": "ok",
    "primary_requires_coords_9d": true,
    "shared_time_grid": {
      "epochs_before_policy": 124,
      "epochs_retained": 124,
      "epochs_dropped": 0,
      "drop_fraction": 0.0,
      "dropped_epoch_indices_preview": [],
      "drop_reason_counts": {
        "mnps_3d_nonfinite_rows": 0,
        "coords_9d_nonfinite_rows_affecting_primary": 0
      }
    },
    "mnps_3d": {
      "finite_row_fraction_before": 1.0,
      "nonfinite_row_count": 0,
      "degenerate_axes": [],
      "all_nan_axes": []
    },
    "coords_9d": {
      "available": true,
      "shape_matches_time_grid": true,
      "finite_row_fraction_before": 1.0,
      "nonfinite_row_count": 0,
      "nonfinite_rows_retained_on_shared_grid": 0,
      "degenerate_axes": [],
      "all_nan_axes": []
    },
    "time_grid": {
      "status": "ok",
      "warnings": [],
      "window_count": 124,
      "finite_window_bounds_fraction": 1.0,
      "dt_source": "window_start",
      "dt_sec_runtime": 4.0,
      "dt_sec_config": 4.0,
      "window_sec_config": 8.0,
      "dt_matches_runtime": true,
      "dt_matches_config_formula": true,
      "window_len_matches_config": true,
      "nonpositive_dt_count": 0,
      "nonpositive_window_len_count": 0,
      "dt_intervals_sec": {
        "n": 123,
        "mean": 4.0,
        "median": 4.0,
        "iqr": 0.0,
        "p95": 4.0,