{
  "dataset_id": "ds004511:sub-S200306:ses-01_rest_run-01",
  "subject": "sub-S200306",
  "session": "ses-01",
  "reliability_axes": {
    "m": 0.9139455837241618,
    "d": 0.694992680922503,
    "e": 0.631232808386477
  },
  "reliability_subcoords": {
    "m_a": 0.8697781671281462,
    "m_e": 0.8839889740723652,
    "m_o": 0.8957763566008601,
    "d_n": 0.8968094565870829,
    "d_l": 0.8826555607832417,
    "d_s": 0.6748362521707636,
    "e_e": 0.8727505738042123,
    "e_s": 0.7455747496101962,
    "e_m": 0.3526613834184863
  }
}