{
  "dataset_id": "ds004511:sub-S200306:ses-01_rest_run-01",
  "subject": "sub-S200306",
  "session": "ses-01",
  "coverage": {
    "epochs": 146,
    "seconds": 584.0
  },
  "artifacts": {
    "methods": [
      "ica"
    ],
    "bad_eeg_channels": [
      "Batt_0",
      "Batt_1",
      "Batt_2",
      "Batt_3",
      "Gnd-Ref",
      "Gnd-Ref1",
      "Gnd-Ref2",
      "Gnd-Ref3",
      "Ref",
      "Sync"
    ],
    "n_bad_eeg_channels": 10,
    "stem_collisions": {}
  },
  "ensemble": {
    "var_by_subcoord": {
      "m_a": 0.0009013846283778548,
      "m_e": 1.0034382585911647e-14,
      "m_o": 3.798765315033087e-15,
      "d_n": 0.0,
      "d_l": 7.483462092193471e-13,
      "d_s": 4.154537364088259e-15,
      "e_e": 2.7333623103635574e-13,
      "e_s": 5.881188548315097e-13,
      "e_m": 0.0
    },
    "var_mean": 0.00010015384777840487,
    "var_max": 0.0009013846283778548
  },
  "reliability": {
    "axes": {
      "m": 0.9139455837241618,
      "d": 0.694992680922503,
      "e": 0.631232808386477
    },
    "subcoords": {
      "m_a": 0.8697781671281462,
      "m_e": 0.8839889740723652,
      "m_o": 0.8957763566008601,
      "d_n": 0.8968094565870829,
      "d_l": 0.8826555607832417,
      "d_s": 0.6748362521707636,
      "e_e": 0.8727505738042123,
      "e_s": 0.7455747496101962,
      "e_m": 0.3526613834184863
    }
  },
  "dist_summary": {
    "axes": {
      "m": {
        "n": 146,
        "nan_frac": 0.0,
        "mean": 0.7141464955479621,
        "median": -0.04637165926396847,
        "std": 1.9020064947049216,
        "iqr": 1.0751271024346352,
        "mad": 0.4982059746980667,
        "mad_sigma": 0.7386401780873537,
        "skewness": 1.5438447432008544,
        "kurtosis_excess": 0.8589804313839213,
        "delta_mean_median": 0.7605181548119305
      },
      "d": {
        "n": 146,
        "nan_frac": 0.0,
        "mean": 0.07264979640723601,
        "median": 0.07732124254107475,
        "std": 0.5970857567441312,
        "iqr": 0.7576307132840157,
        "mad": 0.3811166323721409,
        "mad_sigma": 0.565043519154936,
        "skewness": 0.5502920271740247,
        "kurtosis_excess": 1.4829536804547043,
        "delta_mean_median": -0.004671446133838741
      },
      "e": {
        "n": 146,
        "nan_frac": 0.0,
        "mean": 0.14382795044635613,
        "median": 0.0949348472058773,
        "std": 0.6561337833622694,
        "iqr": 0.8615280091762543,
        "mad": 0.4288065992295742,
        "mad_sigma": 0.6357486640177666,
        "skewness": 0.547140059045691,
        "kurtosis_excess": 0.8845173341752459,
        "delta_mean_median": 0.048893103240478825
      }
    },
    "subcoords": {
      "m_a": {
        "n": 146,
        "nan_frac": 0.0,
        "mean": 0.3596786120141002,
        "median": -0.014439426362514496,
        "std": 1.423985812694408,
        "iqr": 1.328636959195137,
        "mad": 0.6619073152542114,
        "mad_sigma": 0.9813437855958939,
        "skewness": 1.232103689862447,
        "kurtosis_excess": 0.9372594643679606,
        "delta_mean_median": 0.37411803837661467
      },
      "m_e": {
        "n": 146,
        "nan_frac": 0.0,
        "mean": 0.9625439449302751,
        "median": 0.0,
        "std": 2.3411255209373034,
        "iqr": 1.5069058984518051,
        "mad": 0.6744907200336456,
        "mad_sigma": 0.999999941521883,
        "skewness": 1.438053358544987,
        "kurtosis_excess": 0.5226134579356945,
        "delta_mean_median": 0.9625439449302751
      },
      "m_o": {
        "n": 146,
        "nan_frac": 0.0,
        "mean": 0.898927744012326,
        "median": -1.3131648302078247e-07,
        "std": 2.314218067056547,
        "iqr": 1.4477963596582413,
        "mad": 0.6744908513501287,
        "mad_sigma": 1.0000001362117006,
        "skewness": 1.5382401613390972,
        "kurtosis_excess": 0.829711449600643,
        "delta_mean_median": 0.898927875328809
      },
      "d_n": {
        "n": 146,
        "nan_frac": 0.0,
        "mean": -0.6467553657249943,
        "median": 0.0,
        "std": 1.8164324535921108,
        "iqr": 1.5002744942903519,
        "mad": 0.6744907796382904,
        "mad_sigma": 1.0000000298917293,
        "skewness": -1.4211611522364351,
        "kurtosis_excess": 0.882942177099745,
        "delta_mean_median": -0.6467553657249943
      },
      "d_l": {
        "n": 146,
        "nan_frac": 0.0,
        "mean": 0.5216719613295712,
        "median": 0.0,
        "std": 1.7885830980427369,
        "iqr": 1.3549217581748962,
        "mad": 0.674490749835968,
        "mad_sigma": 0.9999999857068061,
        "skewness": 1.4542832682452314,
        "kurtosis_excess": 1.2716183573445559,
        "delta_mean_median": 0.5216719613295712
      },
      "d_s": {
        "n": 146,
        "nan_frac": 0.0,
        "mean": 0.042308443889328064,
        "median": 0.0,
        "std": 1.325435047096882,
        "iqr": 1.3484725207090378,
        "mad": 0.674490749835968,
        "mad_sigma": 0.9999999857068061,
        "skewness": 0.6181072867298272,
        "kurtosis_excess": 0.8605489490425096,
        "delta_mean_median": 0.042308443889328064
      },
      "e_e": {
        "n": 146,
        "nan_frac": 0.0,
        "mean": 0.43292199699240036,
        "median": 1.1279480531811714e-06,
        "std": 1.5915646316466485,
        "iqr": 1.4930872470140457,
        "mad": 0.6744907200336456,
        "mad_sigma": 0.999999941521883,
        "skewness": 0.9272858359950197,
        "kurtosis_excess": -0.15739539668653268,
        "delta_mean_median": 0.4329208690443472
      },
      "e_s": {
        "n": 146,
        "nan_frac": 0.0,
        "mean": -0.24812012038844294,
        "median": 0.0,
        "std": 1.3881365919782924,
        "iqr": 1.390173926949501,
        "mad": 0.6744907796382904,
        "mad_sigma": 1.0000000298917293,
        "skewness": -0.5343861181674578,
        "kurtosis_excess": 1.629175786067477,
        "delta_mean_median": -0.24812012038844294
      },
      "e_m": {
        "n": 146,
        "nan_frac": 0.0,
        "mean": 0.053090154119186765,
        "median": -1.7584534361958504e-07,
        "std": 2.1919443135950862,
        "iqr": 1.3363733887672424,
        "mad": 0.6744908958789892,
        "mad_sigma": 1.0000002022301895,
        "skewness": 0.3817984213281381,
        "kurtosis_excess": 2.6305377796952945,
        "delta_mean_median": 0.053090329964530385
      }
    }
  },
  "entropy_provisional": {},
  "geometry_contract": {
    "policy_version": "standard_invalidity_v1",
    "status": "adjusted",
    "primary_requires_coords_9d": true,
    "shared_time_grid": {
      "epochs_before_policy": 146,
      "epochs_retained": 146,
      "epochs_dropped": 0,
      "drop_fraction": 0.0,
      "dropped_epoch_indices_preview": [],
      "drop_reason_counts": {
        "mnps_3d_nonfinite_rows": 0,
        "coords_9d_nonfinite_rows_affecting_primary": 0
      }
    },
    "mnps_3d": {
      "finite_row_fraction_before": 1.0,
      "nonfinite_row_count": 0,
      "degenerate_axes": [],
      "all_nan_axes": []
    },
    "coords_9d": {
      "available": true,
      "shape_matches_time_grid": true,
      "finite_row_fraction_before": 1.0,
      "nonfinite_row_count": 0,
      "nonfinite_rows_retained_on_shared_grid": 0,
      "degenerate_axes": [],
      "all_nan_axes": []
    },
    "time_grid": {
      "status": "ok",
      "warnings": [],
      "window_count": 146,
      "finite_window_bounds_fraction": 1.0,
      "dt_source": "window_start",
      "dt_sec_runtime": 4.0,
      "dt_sec_config": 4.0,
      "window_sec_config": 8.0,
      "dt_matches_runtime": true,
      "dt_matches_config_formula": true,
      "window_len_matches_config": true,
      "nonpositive_dt_count": 0,
      "nonpositive_window_len_count": 0,
      "dt_intervals_sec": {
        "n": 145,
        "mean": 4.0,
        "median": 4.0,
        "iqr": 0.0,
        "p95": 4.0,
        "max": 4.0
      },