{
  "dataset_id": "ds004511:sub-S201118:ses-01_gambling_run-01",
  "subject": "sub-S201118",
  "session": "ses-01",
  "reliability_axes": {
    "m": 0.6642831569141954,
    "d": 0.673011355331457,
    "e": 0.5645691220241538
  },
  "reliability_subcoords": {
    "m_a": 0.7652672723542501,
    "m_e": 0.6523662555441019,
    "m_o": 0.434573881336756,
    "d_n": 0.782120148977218,
    "d_l": 0.7258140400256886,
    "d_s": 0.5587810842237521,
    "e_e": 0.7061522746430593,
    "e_s": 0.7103055941819194,
    "e_m": 0.5479835980989969
  }
}