{
  "dataset_id": "ds004511:sub-S201118:ses-01_gambling_run-01",
  "subject": "sub-S201118",
  "session": "ses-01",
  "coverage": {
    "epochs": 900,
    "seconds": 3600.0
  },
  "artifacts": {
    "methods": [
      "ica"
    ],
    "bad_eeg_channels": [
      "Batt_0",
      "Batt_1",
      "Batt_2",
      "Batt_3",
      "Gnd-Ref",
      "Gnd-Ref1",
      "Gnd-Ref2",
      "Gnd-Ref3",
      "I1",
      "Ref",
      "Sync"
    ],
    "n_bad_eeg_channels": 11,
    "stem_collisions": {}
  },
  "ensemble": {
    "var_by_subcoord": {
      "m_a": 0.000559555774088949,
      "m_e": 5.791127414444446e-15,
      "m_o": 1.5215613667564527e-14,
      "d_n": 9.51753324589244e-16,
      "d_l": 4.757681404334198e-14,
      "d_s": 3.030168889243956e-15,
      "e_e": 3.5777628689531715e-12,
      "e_s": 3.234977390131899e-14,
      "e_m": 0.0
    },
    "var_mean": 6.217286419684747e-05,
    "var_max": 0.000559555774088949
  },
  "reliability": {
    "axes": {
      "m": 0.6642831569141954,
      "d": 0.673011355331457,
      "e": 0.5645691220241538
    },
    "subcoords": {
      "m_a": 0.7652672723542501,
      "m_e": 0.6523662555441019,
      "m_o": 0.434573881336756,
      "d_n": 0.782120148977218,
      "d_l": 0.7258140400256886,
      "d_s": 0.5587810842237521,
      "e_e": 0.7061522746430593,
      "e_s": 0.7103055941819194,
      "e_m": 0.5479835980989969
    }
  },
  "dist_summary": {
    "axes": {
      "m": {
        "n": 900,
        "nan_frac": 0.0,
        "mean": -0.16112564059026124,
        "median": 0.0662982277572155,
        "std": 1.1139171750239398,
        "iqr": 1.0424854010343552,
        "mad": 0.5125265270471573,
        "mad_sigma": 0.7598718290001154,
        "skewness": -1.713817140161251,
        "kurtosis_excess": 4.505809313473298,
        "delta_mean_median": -0.22742386834747674
      },
      "d": {
        "n": 900,
        "nan_frac": 0.0,
        "mean": -0.046063427967148726,
        "median": 0.030836405232548714,
        "std": 0.8171307945876306,
        "iqr": 0.8323209136724472,
        "mad": 0.41668851487338543,
        "mad_sigma": 0.6177823921512812,
        "skewness": -0.9195240175053393,
        "kurtosis_excess": 2.629936264159202,
        "delta_mean_median": -0.07689983319969744
      },
      "e": {
        "n": 900,
        "nan_frac": 0.0,
        "mean": 0.0905676453184828,
        "median": 0.05363720841705799,
        "std": 0.6716671420393403,
        "iqr": 0.7269771993160248,
        "mad": 0.3650258034467697,
        "mad_sigma": 0.5411872561901807,
        "skewness": 0.5761975647169063,
        "kurtosis_excess": 2.469711281689978,
        "delta_mean_median": 0.03693043690142481
      }
    },
    "subcoords": {
      "m_a": {
        "n": 900,
        "nan_frac": 0.0,
        "mean": -0.29837508408559693,
        "median": -0.009502733126282692,
        "std": 1.5088286478623523,
        "iqr": 1.259788155555725,
        "mad": 0.6308004558086395,
        "mad_sigma": 0.9352247557818889,
        "skewness": -2.0087135784114203,
        "kurtosis_excess": 4.704409161552493,
        "delta_mean_median": -0.28887235095931424
      },
      "m_e": {
        "n": 900,
        "nan_frac": 0.0,
        "mean": -0.21775389006283755,
        "median": -3.934255801141262e-07,
        "std": 1.3884597403849115,
        "iqr": 1.3814788609743118,
        "mad": 0.6744903564103879,
        "mad_sigma": 0.9999994024140411,
        "skewness": -1.7564206876141326,
        "kurtosis_excess": 4.586114145205587,
        "delta_mean_median": -0.21775349663725743
      },
      "m_o": {
        "n": 900,
        "nan_frac": 0.0,
        "mean": 0.0971859005428592,
        "median": -2.164742909371853e-07,
        "std": 1.114816280550457,
        "iqr": 1.3338639587163925,
        "mad": 0.674490966310259,
        "mad_sigma": 1.00000030665159,
        "skewness": 0.5317771456456875,
        "kurtosis_excess": 1.2676881474288253,
        "delta_mean_median": 0.09718611701715013
      },
      "d_n": {
        "n": 900,
        "nan_frac": 0.0,
        "mean": 0.31019907181591,
        "median": 0.0,
        "std": 1.4695665164782767,
        "iqr": 1.3541188091039658,
        "mad": 0.6744907796382904,
        "mad_sigma": 1.0000000298917293,
        "skewness": 1.7432559374273713,
        "kurtosis_excess": 3.687015566438414,
        "delta_mean_median": 0.31019907181591
      },
      "d_l": {
        "n": 900,
        "nan_frac": 0.0,
        "mean": -0.3283191793016805,
        "median": 0.0,
        "std": 1.6376363634065774,
        "iqr": 1.387558564543724,
        "mad": 0.6744907796382904,
        "mad_sigma": 1.0000000298917293,
        "skewness": -1.903072157444228,
        "kurtosis_excess": 4.361045325927363,
        "delta_mean_median": -0.3283191793016805
      },
      "d_s": {
        "n": 900,
        "nan_frac": 0.0,
        "mean": 0.14435963541036473,
        "median": 1.5052501112222672e-07,
        "std": 1.2216346158163607,
        "iqr": 1.348856583237648,
        "mad": 0.6744907796382904,
        "mad_sigma": 1.0000000298917293,
        "skewness": 1.4355912555965187,
        "kurtosis_excess": 4.076921081946568,
        "delta_mean_median": 0.1443594848853536
      },
      "e_e": {
        "n": 900,
        "nan_frac": 0.0,
        "mean": -0.13864809749130574,
        "median": -3.0499068088829517e-06,
        "std": 1.1724270289244056,
        "iqr": 1.3388526737689972,
        "mad": 0.6744937699404545,
        "mad_sigma": 1.0000044633137177,
        "skewness": -1.1521379273851902,
        "kurtosis_excess": 2.7743964049497922,
        "delta_mean_median": -0.13864504758449686
      },
      "e_s": {
        "n": 900,
        "nan_frac": 0.0,
        "mean": 0.4062200099460056,
        "median": 0.0,
        "std": 1.7129230770940744,
        "iqr": 1.3638322204351425,
        "mad": 0.6744907796382904,
        "mad_sigma": 1.0000000298917293,
        "skewness": 1.9708998264990236,
        "kurtosis_excess": 4.028029635521579,
        "delta_mean_median": 0.4062200099460056
      },
      "e_m": {
        "n": 900,
        "nan_frac": 0.0,
        "mean": 0.061531785728616846,
        "median": 0.0,
        "std": 1.0467627448124768,
        "iqr": 1.3303857445716858,
        "mad": 0.6744907200336456,
        "mad_sigma": 0.999999941521883,
        "skewness": 0.6852629947030722,
        "kurtosis_excess": 1.6729871316111407,
        "delta_mean_median": 0.061531785728616846
      }
    }
  },
  "entropy_provisional": {},
  "geometry_contract": {
    "policy_version": "standard_invalidity_v1",
    "status": "adjusted",
    "primary_requires_coords_9d": true,
    "shared_time_grid": {
      "epochs_before_policy": 900,
      "epochs_retained": 900,
      "epochs_dropped": 0,
      "drop_fraction": 0.0,
      "dropped_epoch_indices_preview": [],
      "drop_reason_counts": {
        "mnps_3d_nonfinite_rows": 0,
        "coords_9d_nonfinite_rows_affecting_primary": 0
      }
    },
    "mnps_3d": {
      "finite_row_fraction_before": 1.0,
      "nonfinite_row_count": 0,
      "degenerate_axes": [],
      "all_nan_axes": []
    },
    "coords_9d": {
      "available": true,
      "shape_matches_time_grid": true,
      "finite_row_fraction_before": 1.0,
      "nonfinite_row_count": 0,
      "nonfinite_rows_retained_on_shared_grid": 0,
      "degenerate_axes": [],
      "all_nan_axes": []
    },
    "time_grid": {
      "status": "ok",
      "warnings": [],
      "window_count": 900,
      "finite_window_bounds_fraction": 1.0,
      "dt_source": "window_start",
      "dt_sec_runtime": 4.0,
      "dt_sec_config": 4.0,
      "window_sec_config": 8.0,
      "dt_matches_runtime": true,
      "dt_matches_config_formula": true,
      "window_len_matches_config": true,
      "nonpositive_dt_count": 0,
      "nonpositive_window_len_count": 0,
      "dt_intervals_sec": {
        "n": 899,
        "mean": 4.0,
        "median": 4.0,
        "iqr": 0.0,
        "p95": 4.0,