{
  "dataset_id": "ds004511:sub-S210209:ses-01_cognitive_control_run-01",
  "subject": "sub-S210209",
  "session": "ses-01",
  "reliability_axes": {
    "m": 0.6034293158981588,
    "d": 0.6904407782484199,
    "e": 0.7002141986960916
  },
  "reliability_subcoords": {
    "m_a": 0.5944698760325832,
    "m_e": 0.7672482570587368,
    "m_o": 0.8180384534840223,
    "d_n": 0.6300782622366815,
    "d_l": 0.7308906783192765,
    "d_s": 0.7283835139040169,
    "e_e": 0.7613220577750052,
    "e_s": 0.6811877015639453,
    "e_m": 0.58108171057015
  }
}