{
  "dataset_id": "ds004511:sub-S210209:ses-01_cognitive_control_run-01",
  "subject": "sub-S210209",
  "session": "ses-01",
  "coverage": {
    "epochs": 240,
    "seconds": 960.0
  },
  "artifacts": {
    "methods": [
      "ica"
    ],
    "bad_eeg_channels": [
      "Batt_0",
      "Batt_1",
      "Batt_2",
      "Batt_3",
      "Gnd-Ref",
      "Gnd-Ref1",
      "Gnd-Ref2",
      "Gnd-Ref3",
      "Ref",
      "Sync",
      "TP10"
    ],
    "n_bad_eeg_channels": 11,
    "stem_collisions": {}
  },
  "ensemble": {
    "var_by_subcoord": {
      "m_a": 0.004597654566168785,
      "m_e": 1.0278643170977264e-15,
      "m_o": 5.739879380036719e-15,
      "d_n": 6.871131268126884e-16,
      "d_l": 7.768200823267749e-14,
      "d_s": 2.2767961866158263e-15,
      "e_e": 7.855650266570813e-13,
      "e_s": 1.4339457355891372e-13,
      "e_m": 0.0
    },
    "var_mean": 0.0005108505074650177,
    "var_max": 0.004597654566168785
  },
  "reliability": {
    "axes": {
      "m": 0.6034293158981588,
      "d": 0.6904407782484199,
      "e": 0.7002141986960916
    },
    "subcoords": {
      "m_a": 0.5944698760325832,
      "m_e": 0.7672482570587368,
      "m_o": 0.8180384534840223,
      "d_n": 0.6300782622366815,
      "d_l": 0.7308906783192765,
      "d_s": 0.7283835139040169,
      "e_e": 0.7613220577750052,
      "e_s": 0.6811877015639453,
      "e_m": 0.58108171057015
    }
  },
  "dist_summary": {
    "axes": {
      "m": {
        "n": 240,
        "nan_frac": 0.0,
        "mean": -0.08427376322897544,
        "median": 0.07496701180934906,
        "std": 0.7564260042523597,
        "iqr": 1.010177955031395,
        "mad": 0.43118058145046234,
        "mad_sigma": 0.6392683300584554,
        "skewness": -0.4976564468375854,
        "kurtosis_excess": 0.30458482772132545,
        "delta_mean_median": -0.1592407750383245
      },
      "d": {
        "n": 240,
        "nan_frac": 0.0,
        "mean": 0.1857912108011078,
        "median": 0.03372399881482124,
        "std": 0.8632374966933928,
        "iqr": 0.48219479992985725,
        "mad": 0.2182156704366207,
        "mad_sigma": 0.32352655298933386,
        "skewness": 2.6070548469358967,
        "kurtosis_excess": 7.4043511865700165,
        "delta_mean_median": 0.15206721198628656
      },
      "e": {
        "n": 240,
        "nan_frac": 0.0,
        "mean": -0.05898200780308495,
        "median": -0.04971494898200035,
        "std": 0.5755381032191017,
        "iqr": 0.6435755342245102,
        "mad": 0.34286321327090263,
        "mad_sigma": 0.5083289999954402,
        "skewness": -0.9585338241102553,
        "kurtosis_excess": 2.3611207766197193,
        "delta_mean_median": -0.009267058821084598
      }
    },
    "subcoords": {
      "m_a": {
        "n": 240,
        "nan_frac": 0.0,
        "mean": -0.14657512044844528,
        "median": -0.07677430287003517,
        "std": 1.2728865310058948,
        "iqr": 1.160125344991684,
        "mad": 0.6152045726776123,
        "mad_sigma": 0.912102299451828,
        "skewness": -1.7142938163234875,
        "kurtosis_excess": 4.772856850730703,
        "delta_mean_median": -0.06980081757841011
      },
      "m_e": {
        "n": 240,
        "nan_frac": 0.0,
        "mean": -0.16625168700508464,
        "median": 0.0,
        "std": 0.9434468902901524,
        "iqr": 1.4380157589912415,
        "mad": 0.674490749835968,
        "mad_sigma": 0.9999999857068061,
        "skewness": -0.3399175913898269,
        "kurtosis_excess": -0.7804060167453004,
        "delta_mean_median": -0.16625168700508464
      },
      "m_o": {
        "n": 240,
        "nan_frac": 0.0,
        "mean": 0.1017589012432533,
        "median": 0.0,
        "std": 0.9933889886530334,
        "iqr": 1.3478892594575882,
        "mad": 0.674490749835968,
        "mad_sigma": 0.9999999857068061,
        "skewness": 2.0222899702824693,
        "kurtosis_excess": 8.992011095357217,
        "delta_mean_median": 0.1017589012432533
      },
      "d_n": {
        "n": 240,
        "nan_frac": 0.0,
        "mean": 0.3309298591668873,
        "median": -6.42845407128334e-07,
        "std": 1.7176119622555766,
        "iqr": 1.374325841665268,
        "mad": 0.6744901069905609,
        "mad_sigma": 0.9999990326242055,
        "skewness": 1.9359704471443093,
        "kurtosis_excess": 3.947345994096632,
        "delta_mean_median": 0.3309305020122944
      },
      "d_l": {
        "n": 240,
        "nan_frac": 0.0,
        "mean": -0.01798580845352262,
        "median": 0.0,
        "std": 1.1751114088015184,
        "iqr": 1.4085103273391724,
        "mad": 0.6744907200336456,
        "mad_sigma": 0.999999941521883,
        "skewness": 0.47940004812257997,
        "kurtosis_excess": 1.2411177861706548,
        "delta_mean_median": -0.01798580845352262
      },
      "d_s": {
        "n": 240,
        "nan_frac": 0.0,
        "mean": 0.5233906048660477,
        "median": -6.05359673500061e-08,
        "std": 1.4222668164179104,
        "iqr": 1.8549592643976212,
        "mad": 0.674490749835968,
        "mad_sigma": 0.9999999857068061,
        "skewness": 1.2054268782346624,
        "kurtosis_excess": 0.7799202766304356,
        "delta_mean_median": 0.5233906654020151
      },
      "e_e": {
        "n": 240,
        "nan_frac": 0.0,
        "mean": -0.09073583494658427,
        "median": 0.0,
        "std": 0.944381999616074,
        "iqr": 1.3407118618488312,
        "mad": 0.6744907200336456,
        "mad_sigma": 0.999999941521883,
        "skewness": -0.22007535639946585,
        "kurtosis_excess": -0.47023442621181877,
        "delta_mean_median": -0.09073583494658427
      },
      "e_s": {
        "n": 240,
        "nan_frac": 0.0,
        "mean": -0.0254791871275908,
        "median": 0.0,
        "std": 1.3575645090245179,
        "iqr": 1.3041110187768936,
        "mad": 0.674490749835968,
        "mad_sigma": 0.9999999857068061,
        "skewness": -0.7621308362950716,
        "kurtosis_excess": 2.9880994818560165,
        "delta_mean_median": -0.0254791871275908
      },
      "e_m": {
        "n": 240,
        "nan_frac": 0.0,
        "mean": 0.14831787832517876,
        "median": -1.2543750926852226e-07,
        "std": 1.1033994478561533,
        "iqr": 1.4422985315322876,
        "mad": 0.674490564793814,
        "mad_sigma": 0.9999997113633086,
        "skewness": 1.1461272891534071,
        "kurtosis_excess": 2.6822037381675177,
        "delta_mean_median": 0.14831800376268803
      }
    }
  },
  "entropy_provisional": {},
  "geometry_contract": {
    "policy_version": "standard_invalidity_v1",
    "status": "ok",
    "primary_requires_coords_9d": true,
    "shared_time_grid": {
      "epochs_before_policy": 240,
      "epochs_retained": 240,
      "epochs_dropped": 0,
      "drop_fraction": 0.0,
      "dropped_epoch_indices_preview": [],
      "drop_reason_counts": {
        "mnps_3d_nonfinite_rows": 0,
        "coords_9d_nonfinite_rows_affecting_primary": 0
      }
    },
    "mnps_3d": {
      "finite_row_fraction_before": 1.0,
      "nonfinite_row_count": 0,
      "degenerate_axes": [],
      "all_nan_axes": []
    },
    "coords_9d": {
      "available": true,
      "shape_matches_time_grid": true,
      "finite_row_fraction_before": 1.0,
      "nonfinite_row_count": 0,
      "nonfinite_rows_retained_on_shared_grid": 0,
      "degenerate_axes": [],
      "all_nan_axes": []
    },
    "time_grid": {
      "status": "ok",
      "warnings": [],
      "window_count": 240,
      "finite_window_bounds_fraction": 1.0,
      "dt_source": "window_start",
      "dt_sec_runtime": 4.0,
      "dt_sec_config": 4.0,
      "window_sec_config": 8.0,
      "dt_matches_runtime": true,
      "dt_matches_config_formula": true,
      "window_len_matches_config": true,
      "nonpositive_dt_count": 0,
      "nonpositive_window_len_count": 0,
      "dt_intervals_sec": {
        "n": 239,
        "mean": 4.0,
        "median": 4.0,
        "iqr": 0.0,
        "p95": 4.0,