{
  "dataset_id": "ds004511:sub-S201120:ses-01_cognitive_control_run-01",
  "subject": "sub-S201120",
  "session": "ses-01",
  "reliability_axes": {
    "m": 0.43615713689722047,
    "d": 0.5998898114711377,
    "e": 0.6097137210388885
  },
  "reliability_subcoords": {
    "m_a": 0.6400105271602479,
    "m_e": 0.42328975648680445,
    "m_o": 0.594818538815857,
    "d_n": 0.6571046964485887,
    "d_l": 0.6002050744251136,
    "d_s": 0.5670218483740509,
    "e_e": 0.6140344404408301,
    "e_s": 0.5812143921128089,
    "e_m": 0.584346435113829
  }
}