{
  "dataset_id": "ds004511:sub-S201120:ses-01_cognitive_control_run-01",
  "subject": "sub-S201120",
  "session": "ses-01",
  "coverage": {
    "epochs": 261,
    "seconds": 1044.0
  },
  "artifacts": {
    "methods": [
      "ica"
    ],
    "bad_eeg_channels": [
      "Batt_0",
      "Batt_1",
      "Batt_2",
      "Batt_3",
      "FPz",
      "Gnd-Ref",
      "Gnd-Ref1",
      "Gnd-Ref2",
      "Gnd-Ref3",
      "Ref",
      "Sync"
    ],
    "n_bad_eeg_channels": 11,
    "stem_collisions": {}
  },
  "ensemble": {
    "var_by_subcoord": {
      "m_a": 0.0005935131339356303,
      "m_e": 0.0,
      "m_o": 0.0,
      "d_n": 0.0,
      "d_l": 0.0,
      "d_s": 0.0,
      "e_e": 0.0,
      "e_s": 0.0,
      "e_m": 0.0
    },
    "var_mean": 6.594590377062559e-05,
    "var_max": 0.0005935131339356303
  },
  "reliability": {
    "axes": {
      "m": 0.43615713689722047,
      "d": 0.5998898114711377,
      "e": 0.6097137210388885
    },
    "subcoords": {
      "m_a": 0.6400105271602479,
      "m_e": 0.42328975648680445,
      "m_o": 0.594818538815857,
      "d_n": 0.6571046964485887,
      "d_l": 0.6002050744251136,
      "d_s": 0.5670218483740509,
      "e_e": 0.6140344404408301,
      "e_s": 0.5812143921128089,
      "e_m": 0.584346435113829
    }
  },
  "dist_summary": {
    "axes": {
      "m": {
        "n": 261,
        "nan_frac": 0.0,
        "mean": -0.19058045224104633,
        "median": 0.04746931046247482,
        "std": 1.0193122877440703,
        "iqr": 1.1060814261436462,
        "mad": 0.5206657871603966,
        "mad_sigma": 0.7719390960440039,
        "skewness": -1.4158493060505721,
        "kurtosis_excess": 3.2787894427767332,
        "delta_mean_median": -0.23804976270352116
      },
      "d": {
        "n": 261,
        "nan_frac": 0.0,
        "mean": 0.02001520081412518,
        "median": 0.040282975882291794,
        "std": 0.7658528911568887,
        "iqr": 0.8889252543449402,
        "mad": 0.44988133385777473,
        "mad_sigma": 0.6669940655775368,
        "skewness": -0.31597907927842556,
        "kurtosis_excess": 0.758195204826698,
        "delta_mean_median": -0.020267775068166613
      },
      "e": {
        "n": 261,
        "nan_frac": 0.0,
        "mean": 0.13543181184329578,
        "median": -0.03350662812590599,
        "std": 0.8223203716135132,
        "iqr": 0.8535522818565369,
        "mad": 0.41722118481993675,
        "mad_sigma": 0.6185721286140382,
        "skewness": 1.294230339503201,
        "kurtosis_excess": 2.2247020953110024,
        "delta_mean_median": 0.16893843996920177
      }
    },
    "subcoords": {
      "m_a": {
        "n": 261,
        "nan_frac": 0.0,
        "mean": -0.28067227492244534,
        "median": 0.014252470806241035,
        "std": 1.48458745385912,
        "iqr": 1.1486401557922363,
        "mad": 0.5779799353331327,
        "mad_sigma": 0.8569130521249025,
        "skewness": -2.0901055218511577,
        "kurtosis_excess": 4.714592204254534,
        "delta_mean_median": -0.2949247457286864
      },
      "m_e": {
        "n": 261,
        "nan_frac": 0.0,
        "mean": -0.2637012512316049,
        "median": 0.0,
        "std": 1.27700394314827,
        "iqr": 1.4024177193641663,
        "mad": 0.674490749835968,
        "mad_sigma": 0.9999999857068061,
        "skewness": -1.2919508854212054,
        "kurtosis_excess": 2.4563863229472016,
        "delta_mean_median": -0.2637012512316049
      },
      "m_o": {
        "n": 261,
        "nan_frac": 0.0,
        "mean": 0.02291591820071569,
        "median": 0.0,
        "std": 1.2396228378625647,
        "iqr": 1.3148314952850342,
        "mad": 0.674490749835968,
        "mad_sigma": 0.9999999857068061,
        "skewness": 1.0052658034097122,
        "kurtosis_excess": 3.4815505867596057,
        "delta_mean_median": 0.02291591820071569
      },
      "d_n": {
        "n": 261,
        "nan_frac": 0.0,
        "mean": 0.47746250507871396,
        "median": 0.0,
        "std": 1.7394780234736855,
        "iqr": 1.4496034979820251,
        "mad": 0.674490749835968,
        "mad_sigma": 0.9999999857068061,
        "skewness": 1.6688341854399986,
        "kurtosis_excess": 2.6475900552113494,
        "delta_mean_median": 0.47746250507871396
      },
      "d_l": {
        "n": 261,
        "nan_frac": 0.0,
        "mean": -0.3247555579733232,
        "median": 0.0,
        "std": 1.551529482103332,
        "iqr": 1.3201018571853638,
        "mad": 0.674490749835968,
        "mad_sigma": 0.9999999857068061,
        "skewness": -1.8685956617912933,
        "kurtosis_excess": 3.915214192870538,
        "delta_mean_median": -0.3247555579733232
      },
      "d_s": {
        "n": 261,
        "nan_frac": 0.0,
        "mean": 0.21283075038497104,
        "median": 0.0,
        "std": 1.1699182778411479,
        "iqr": 1.4124727845191956,
        "mad": 0.6744908094406128,
        "mad_sigma": 1.0000000740766524,
        "skewness": 1.1547835971393772,
        "kurtosis_excess": 1.8728290554350924,
        "delta_mean_median": 0.21283075038497104
      },
      "e_e": {
        "n": 261,
        "nan_frac": 0.0,
        "mean": -0.042945633992067474,
        "median": 0.0,
        "std": 0.9562573468633235,
        "iqr": 1.3491318225860596,
        "mad": 0.6744906902313232,
        "mad_sigma": 0.9999998973369598,
        "skewness": -0.4373383777828579,
        "kurtosis_excess": 0.8939935507973162,
        "delta_mean_median": -0.042945633992067474
      },
      "e_s": {
        "n": 261,
        "nan_frac": 0.0,
        "mean": 0.3841154998862158,
        "median": 0.0,
        "std": 1.7456099720138485,
        "iqr": 1.3447624444961548,
        "mad": 0.674490749835968,
        "mad_sigma": 0.9999999857068061,
        "skewness": 2.087645077889838,
        "kurtosis_excess": 4.107008184952211,
        "delta_mean_median": 0.3841154998862158
      },
      "e_m": {
        "n": 261,
        "nan_frac": 0.0,
        "mean": 0.049996886270341975,
        "median": 0.0,
        "std": 1.0226630600742153,
        "iqr": 1.367421567440033,
        "mad": 0.6744906902313232,
        "mad_sigma": 0.9999998973369598,
        "skewness": 0.41214516232251014,
        "kurtosis_excess": 0.4119250047326224,
        "delta_mean_median": 0.049996886270341975
      }
    }
  },
  "entropy_provisional": {},
  "geometry_contract": {
    "policy_version": "standard_invalidity_v1",
    "status": "ok",
    "primary_requires_coords_9d": true,
    "shared_time_grid": {
      "epochs_before_policy": 261,
      "epochs_retained": 261,
      "epochs_dropped": 0,
      "drop_fraction": 0.0,
      "dropped_epoch_indices_preview": [],
      "drop_reason_counts": {
        "mnps_3d_nonfinite_rows": 0,
        "coords_9d_nonfinite_rows_affecting_primary": 0
      }
    },
    "mnps_3d": {
      "finite_row_fraction_before": 1.0,
      "nonfinite_row_count": 0,
      "degenerate_axes": [],
      "all_nan_axes": []
    },
    "coords_9d": {
      "available": true,
      "shape_matches_time_grid": true,
      "finite_row_fraction_before": 1.0,
      "nonfinite_row_count": 0,
      "nonfinite_rows_retained_on_shared_grid": 0,
      "degenerate_axes": [],
      "all_nan_axes": []
    },
    "time_grid": {
      "status": "ok",
      "warnings": [],
      "window_count": 261,
      "finite_window_bounds_fraction": 1.0,
      "dt_source": "window_start",
      "dt_sec_runtime": 4.0,
      "dt_sec_config": 4.0,
      "window_sec_config": 8.0,
      "dt_matches_runtime": true,
      "dt_matches_config_formula": true,
      "window_len_matches_config": true,
      "nonpositive_dt_count": 0,
      "nonpositive_window_len_count": 0,
      "dt_intervals_sec": {
        "n": 260,
        "mean": 4.0,
        "median": 4.0,
        "iqr": 0.0,
        "p95": 4.0,
        "max": 4.0
      },
      "window_lengths_sec": {
        "n": 261,
        "mean": 8.0,
        "median": 8.0,
        "iqr": 0.0,
        "p95": 8.0,
        "max": 8.0
      }
    },