{
  "dataset_id": "ds004511:sub-S210315:ses-01_rest_run-01",
  "subject": "sub-S210315",
  "session": "ses-01",
  "reliability_axes": {
    "m": 0.5985450007758674,
    "d": 0.5317442980259711,
    "e": 0.7334826726259951
  },
  "reliability_subcoords": {
    "m_a": 0.5878479664890573,
    "m_e": 0.5865159707139448,
    "m_o": 0.4754275355129014,
    "d_n": 0.5776508406049347,
    "d_l": 0.4303664270044531,
    "d_s": 0.37719133132251714,
    "e_e": 0.6375199924911822,
    "e_s": 0.5044517245958529,
    "e_m": 0.5527248010381063
  }
}