{
  "dataset_id": "ds004511:sub-S210315:ses-01_rest_run-01",
  "subject": "sub-S210315",
  "session": "ses-01",
  "coverage": {
    "epochs": 124,
    "seconds": 496.0
  },
  "artifacts": {
    "methods": [
      "ica"
    ],
    "bad_eeg_channels": [
      "Batt_0",
      "Batt_1",
      "Batt_2",
      "Batt_3",
      "Foto",
      "Gnd-Ref",
      "Gnd-Ref1",
      "Gnd-Ref2",
      "Gnd-Ref3",
      "Ref",
      "Sync"
    ],
    "n_bad_eeg_channels": 11,
    "stem_collisions": {}
  },
  "ensemble": {
    "var_by_subcoord": {
      "m_a": 0.002392827533185482,
      "m_e": 4.603749429203316e-15,
      "m_o": 9.064526473173684e-15,
      "d_n": 3.6077535408999065e-14,
      "d_l": 1.6228568510724684e-13,
      "d_s": 1.3998696678837325e-14,
      "e_e": 7.062412720609812e-13,
      "e_s": 1.9314731021166653e-13,
      "e_m": 0.0
    },
    "var_mean": 0.00026586972603454456,
    "var_max": 0.002392827533185482
  },
  "reliability": {
    "axes": {
      "m": 0.5985450007758674,
      "d": 0.5317442980259711,
      "e": 0.7334826726259951
    },
    "subcoords": {
      "m_a": 0.5878479664890573,
      "m_e": 0.5865159707139448,
      "m_o": 0.4754275355129014,
      "d_n": 0.5776508406049347,
      "d_l": 0.4303664270044531,
      "d_s": 0.37719133132251714,
      "e_e": 0.6375199924911822,
      "e_s": 0.5044517245958529,
      "e_m": 0.5527248010381063
    }
  },
  "dist_summary": {
    "axes": {
      "m": {
        "n": 124,
        "nan_frac": 0.0,
        "mean": -0.01684744281550182,
        "median": 0.04971478506922722,
        "std": 0.8222996141301965,
        "iqr": 0.9888715371489525,
        "mad": 0.49786992371082306,
        "mad_sigma": 0.7381419488936662,
        "skewness": -0.47047389613346446,
        "kurtosis_excess": 0.6599584877852878,
        "delta_mean_median": -0.06656222788472904
      },
      "d": {
        "n": 124,
        "nan_frac": 0.0,
        "mean": 0.22016287047599983,
        "median": 0.04082576744258404,
        "std": 1.0402928311672157,
        "iqr": 0.6525608785450459,
        "mad": 0.33650073409080505,
        "mad_sigma": 0.49889598836302756,
        "skewness": 2.7296098927430132,
        "kurtosis_excess": 8.755192384616217,
        "delta_mean_median": 0.1793371030334158
      },
      "e": {
        "n": 124,
        "nan_frac": 0.0,
        "mean": 0.15275734512045258,
        "median": 0.11005804315209389,
        "std": 0.8801102395129174,
        "iqr": 0.9399687200784683,
        "mad": 0.47185876592993736,
        "mad_sigma": 0.699577806367725,
        "skewness": 1.0868606913291714,
        "kurtosis_excess": 3.679429665866077,
        "delta_mean_median": 0.042699301968358694
      }
    },
    "subcoords": {
      "m_a": {
        "n": 124,
        "nan_frac": 0.0,
        "mean": -0.017041686141202526,
        "median": -0.02194465696811676,
        "std": 0.9768399539837981,
        "iqr": 1.1332133561372757,
        "mad": 0.5740369856357574,
        "mad_sigma": 0.8510672349035739,
        "skewness": -0.574693062086371,
        "kurtosis_excess": 1.7422820260965253,
        "delta_mean_median": 0.0049029708269142346
      },
      "m_e": {
        "n": 124,
        "nan_frac": 0.0,
        "mean": -0.11457979823687985,
        "median": 3.2386742532253265e-07,
        "std": 1.1001028231542564,
        "iqr": 1.3425954729318619,
        "mad": 0.674490749835968,
        "mad_sigma": 0.9999999857068061,
        "skewness": -1.0351882381303195,
        "kurtosis_excess": 2.549799667521822,
        "delta_mean_median": -0.11458012210430517
      },
      "m_o": {
        "n": 124,
        "nan_frac": 0.0,
        "mean": 0.10287084683941136,
        "median": 1.9115395843982697e-07,
        "std": 1.1671067662052854,
        "iqr": 1.463071122765541,
        "mad": 0.674490749835968,
        "mad_sigma": 0.9999999857068061,
        "skewness": 0.41296231628677604,
        "kurtosis_excess": 0.6341340846482861,
        "delta_mean_median": 0.10287065568545292
      },
      "d_n": {
        "n": 124,
        "nan_frac": 0.0,
        "mean": 0.24904196306071694,
        "median": 0.0,
        "std": 1.6136933344478126,
        "iqr": 1.3542720973491669,
        "mad": 0.6744907200336456,
        "mad_sigma": 0.999999941521883,
        "skewness": 2.0099011139546477,
        "kurtosis_excess": 5.123572864396525,
        "delta_mean_median": 0.24904196306071694
      },
      "d_l": {
        "n": 124,
        "nan_frac": 0.0,
        "mean": 0.1870326447120357,
        "median": 0.0,
        "std": 1.3317158777345894,
        "iqr": 1.2967502176761627,
        "mad": 0.6744907200336456,
        "mad_sigma": 0.999999941521883,
        "skewness": 1.5545892218530297,
        "kurtosis_excess": 5.598100933095255,
        "delta_mean_median": 0.1870326447120357
      },
      "d_s": {
        "n": 124,
        "nan_frac": 0.0,
        "mean": 0.26561728924993544,
        "median": -1.0244548320770264e-07,
        "std": 1.3771204207562906,
        "iqr": 1.3732210248708725,
        "mad": 0.674490749835968,
        "mad_sigma": 0.9999999857068061,
        "skewness": 1.7156922870505353,
        "kurtosis_excess": 3.953801098159973,
        "delta_mean_median": 0.26561739169541865
      },
      "e_e": {
        "n": 124,
        "nan_frac": 0.0,
        "mean": 0.3163729648466312,
        "median": 0.0,
        "std": 1.4194070352428378,
        "iqr": 1.538038358092308,
        "mad": 0.6744906604290009,
        "mad_sigma": 0.9999998531520367,
        "skewness": 0.7774827476454145,
        "kurtosis_excess": 2.8615408419197887,
        "delta_mean_median": 0.3163729648466312
      },
      "e_s": {
        "n": 124,
        "nan_frac": 0.0,
        "mean": -0.0653468779487265,
        "median": -1.489301212131977e-06,
        "std": 1.1923160286490457,
        "iqr": 1.3558922410011292,
        "mad": 0.674490749835968,
        "mad_sigma": 0.9999999857068061,
        "skewness": -0.4825404690189446,
        "kurtosis_excess": 2.497619989193404,
        "delta_mean_median": -0.06534538864751437
      },
      "e_m": {
        "n": 124,
        "nan_frac": 0.0,
        "mean": 0.024468666263630673,
        "median": 0.0,
        "std": 1.1477201655778455,
        "iqr": 1.3578769266605377,
        "mad": 0.6744907200336456,
        "mad_sigma": 0.999999941521883,
        "skewness": 0.18979126292229503,
        "kurtosis_excess": 1.44023259714469,
        "delta_mean_median": 0.024468666263630673
      }
    }
  },
  "entropy_provisional": {},
  "geometry_contract": {
    "policy_version": "standard_invalidity_v1",
    "status": "ok",
    "primary_requires_coords_9d": true,
    "shared_time_grid": {
      "epochs_before_policy": 124,
      "epochs_retained": 124,
      "epochs_dropped": 0,
      "drop_fraction": 0.0,
      "dropped_epoch_indices_preview": [],
      "drop_reason_counts": {
        "mnps_3d_nonfinite_rows": 0,
        "coords_9d_nonfinite_rows_affecting_primary": 0
      }
    },
    "mnps_3d": {
      "finite_row_fraction_before": 1.0,
      "nonfinite_row_count": 0,
      "degenerate_axes": [],
      "all_nan_axes": []
    },
    "coords_9d": {
      "available": true,
      "shape_matches_time_grid": true,
      "finite_row_fraction_before": 1.0,
      "nonfinite_row_count": 0,
      "nonfinite_rows_retained_on_shared_grid": 0,
      "degenerate_axes": [],
      "all_nan_axes": []
    },
    "time_grid": {
      "status": "ok",
      "warnings": [],
      "window_count": 124,
      "finite_window_bounds_fraction": 1.0,
      "dt_source": "window_start",
      "dt_sec_runtime": 4.0,
      "dt_sec_config": 4.0,
      "window_sec_config": 8.0,
      "dt_matches_runtime": true,
      "dt_matches_config_formula": true,
      "window_len_matches_config": true,
      "nonpositive_dt_count": 0,
      "nonpositive_window_len_count": 0,
      "dt_intervals_sec": {
        "n": 123,
        "mean": 4.0,
        "median": 4.0,
        "iqr": 0.0,
        "p95": 4.0,