{
  "dataset_id": "ds004511:sub-S200303:ses-01_gambling_run-01",
  "subject": "sub-S200303",
  "session": "ses-01",
  "reliability_axes": {
    "m": 0.6055914670795852,
    "d": 0.4706698953409594,
    "e": 0.5360898057611678
  },
  "reliability_subcoords": {
    "m_a": 0.6715614972045848,
    "m_e": 0.5517433098510397,
    "m_o": 0.3923771620675761,
    "d_n": 0.6383520358237798,
    "d_l": 0.6013919479442251,
    "d_s": 0.43082861163040737,
    "e_e": 0.575785205172095,
    "e_s": 0.5980617224297409,
    "e_m": 0.8674558819918582
  }
}