{
  "dataset_id": "ds004511:sub-S200303:ses-01_gambling_run-01",
  "subject": "sub-S200303",
  "session": "ses-01",
  "coverage": {
    "epochs": 880,
    "seconds": 3520.0
  },
  "artifacts": {
    "methods": [
      "ica"
    ],
    "bad_eeg_channels": [
      "Batt_0",
      "Batt_1",
      "Batt_2",
      "Batt_3",
      "Gnd-Ref",
      "Gnd-Ref1",
      "Gnd-Ref2",
      "Gnd-Ref3",
      "Ref",
      "Sync"
    ],
    "n_bad_eeg_channels": 10,
    "stem_collisions": {}
  },
  "ensemble": {
    "var_by_subcoord": {
      "m_a": 0.0002599798608571291,
      "m_e": 7.72788307141798e-15,
      "m_o": 8.461381416488209e-15,
      "d_n": 7.631021465767662e-16,
      "d_l": 2.0373329759348913e-13,
      "d_s": 1.0422712463876906e-14,
      "e_e": 8.829448131832118e-13,
      "e_s": 2.7011674689526866e-13,
      "e_m": 0.0
    },
    "var_mean": 2.888665136014434e-05,
    "var_max": 0.0002599798608571291
  },
  "reliability": {
    "axes": {
      "m": 0.6055914670795852,
      "d": 0.4706698953409594,
      "e": 0.5360898057611678
    },
    "subcoords": {
      "m_a": 0.6715614972045848,
      "m_e": 0.5517433098510397,
      "m_o": 0.3923771620675761,
      "d_n": 0.6383520358237798,
      "d_l": 0.6013919479442251,
      "d_s": 0.43082861163040737,
      "e_e": 0.575785205172095,
      "e_s": 0.5980617224297409,
      "e_m": 0.8674558819918582
    }
  },
  "dist_summary": {
    "axes": {
      "m": {
        "n": 880,
        "nan_frac": 0.0,
        "mean": -0.20435951709011782,
        "median": 0.013167989440262318,
        "std": 1.066798052011355,
        "iqr": 1.0836947783827782,
        "mad": 0.5293723046779633,
        "mad_sigma": 0.7848473789155482,
        "skewness": -1.202471249727514,
        "kurtosis_excess": 1.8907260278650089,
        "delta_mean_median": -0.21752750653038014
      },
      "d": {
        "n": 880,
        "nan_frac": 0.0,
        "mean": 0.07954614608309137,
        "median": 0.07564769312739372,
        "std": 0.6506320761081433,
        "iqr": 0.8100475072860718,
        "mad": 0.40564171969890594,
        "mad_sigma": 0.6014044136255979,
        "skewness": -0.015864567373867964,
        "kurtosis_excess": 1.7922800527198577,
        "delta_mean_median": 0.0038984529556976427
      },
      "e": {
        "n": 880,
        "nan_frac": 0.0,
        "mean": 0.10382478694704002,
        "median": 0.07138770818710327,
        "std": 0.6838156879251093,
        "iqr": 0.8635052740573883,
        "mad": 0.42399828135967255,
        "mad_sigma": 0.6286198519438505,
        "skewness": 0.5194134064403173,
        "kurtosis_excess": 1.229086961202639,
        "delta_mean_median": 0.03243707875993675
      }
    },
    "subcoords": {
      "m_a": {
        "n": 880,
        "nan_frac": 0.0,
        "mean": -0.29813411395351236,
        "median": 0.02405869960784912,
        "std": 1.3512196389238373,
        "iqr": 1.139572098851204,
        "mad": 0.5686500072479248,
        "mad_sigma": 0.8430805007457732,
        "skewness": -1.8660237670429967,
        "kurtosis_excess": 4.264102595011935,
        "delta_mean_median": -0.3221928135613615
      },
      "m_e": {
        "n": 880,
        "nan_frac": 0.0,
        "mean": -0.3441366683891498,
        "median": 4.281173460185528e-07,
        "std": 1.4608414422197562,
        "iqr": 1.4528392851352692,
        "mad": 0.6744903515209444,
        "mad_sigma": 0.9999993951649521,
        "skewness": -1.5115184165436018,
        "kurtosis_excess": 2.70003639738872,
        "delta_mean_median": -0.3441370965064958
      },
      "m_o": {
        "n": 880,
        "nan_frac": 0.0,
        "mean": 0.09567977843266404,
        "median": 0.0,
        "std": 1.2395840195874348,
        "iqr": 1.3600115031003952,
        "mad": 0.674490749835968,
        "mad_sigma": 0.9999999857068061,
        "skewness": 0.7115623333095851,
        "kurtosis_excess": 2.0911843391699305,
        "delta_mean_median": 0.09567977843266404
      },
      "d_n": {
        "n": 880,
        "nan_frac": 0.0,
        "mean": 0.4883084809767504,
        "median": -7.579328666906804e-07,
        "std": 1.7356099220370886,
        "iqr": 1.451088786125183,
        "mad": 0.6744907796382904,
        "mad_sigma": 1.0000000298917293,
        "skewness": 1.7003088418616767,
        "kurtosis_excess": 2.6896733634119103,
        "delta_mean_median": 0.4883092389096171
      },
      "d_l": {
        "n": 880,
        "nan_frac": 0.0,
        "mean": -0.2500007868929308,
        "median": -7.353228284046054e-07,
        "std": 1.359868198799844,
        "iqr": 1.4167157858610153,
        "mad": 0.674491455356474,
        "mad_sigma": 1.0000010317115084,
        "skewness": -1.6762787244416415,
        "kurtosis_excess": 3.9698279984149103,
        "delta_mean_median": -0.2500000515701024
      },
      "d_s": {
        "n": 880,
        "nan_frac": 0.0,
        "mean": 0.3147151021975085,
        "median": -9.867653716355562e-08,
        "std": 1.4041434249683442,
        "iqr": 1.4296022355556488,
        "mad": 0.6744906809617532,
        "mad_sigma": 0.9999998835938954,
        "skewness": 1.7944783464455667,
        "kurtosis_excess": 4.22372145098906,
        "delta_mean_median": 0.31471520087404564
      },
      "e_e": {
        "n": 880,
        "nan_frac": 0.0,
        "mean": -0.0813771461406511,
        "median": 0.0,
        "std": 1.0811588222669242,
        "iqr": 1.3402551710605621,
        "mad": 0.6744906604290009,
        "mad_sigma": 0.9999998531520367,
        "skewness": -0.6658220670455408,
        "kurtosis_excess": 1.4835043740657659,
        "delta_mean_median": -0.0813771461406511
      },
      "e_s": {
        "n": 880,
        "nan_frac": 0.0,
        "mean": 0.3107822171084329,
        "median": 6.711343303322792e-07,
        "std": 1.4468359694342188,
        "iqr": 1.3760133981704712,
        "mad": 0.6744900787016377,
        "mad_sigma": 0.999998990683048,
        "skewness": 1.899727460123577,
        "kurtosis_excess": 4.441377267008325,
        "delta_mean_median": 0.31078154597410257
      },
      "e_m": {
        "n": 880,
        "nan_frac": 0.0,
        "mean": 1.074092980510812,
        "median": 7.290509529411793e-08,
        "std": 2.4800956312307014,
        "iqr": 1.6254535615444183,
        "mad": 0.6744908227410633,
        "mad_sigma": 1.0000000937959004,
        "skewness": 1.2892879129802355,
        "kurtosis_excess": -0.009491328908429075,
        "delta_mean_median": 1.0740929076057166
      }
    }
  },
  "entropy_provisional": {},
  "geometry_contract": {
    "policy_version": "standard_invalidity_v1",
    "status": "ok",
    "primary_requires_coords_9d": true,
    "shared_time_grid": {
      "epochs_before_policy": 880,
      "epochs_retained": 880,
      "epochs_dropped": 0,
      "drop_fraction": 0.0,
      "dropped_epoch_indices_preview": [],
      "drop_reason_counts": {
        "mnps_3d_nonfinite_rows": 0,
        "coords_9d_nonfinite_rows_affecting_primary": 0
      }
    },
    "mnps_3d": {
      "finite_row_fraction_before": 1.0,
      "nonfinite_row_count": 0,
      "degenerate_axes": [],
      "all_nan_axes": []
    },
    "coords_9d": {
      "available": true,
      "shape_matches_time_grid": true,
      "finite_row_fraction_before": 1.0,
      "nonfinite_row_count": 0,
      "nonfinite_rows_retained_on_shared_grid": 0,
      "degenerate_axes": [],
      "all_nan_axes": []
    },
    "time_grid": {
      "status": "ok",
      "warnings": [],
      "window_count": 880,
      "finite_window_bounds_fraction": 1.0,
      "dt_source": "window_start",
      "dt_sec_runtime": 4.0,
      "dt_sec_config": 4.0,
      "window_sec_config": 8.0,
      "dt_matches_runtime": true,
      "dt_matches_config_formula": true,
      "window_len_matches_config": true,
      "nonpositive_dt_count": 0,
      "nonpositive_window_len_count": 0,
      "dt_intervals_sec": {
        "n": 879,
        "mean": 4.0,
        "median": 4.0,
        "iqr": 0.0,