{
  "dataset_id": "ds004511:sub-S210317:ses-01_rest_run-01",
  "subject": "sub-S210317",
  "session": "ses-01",
  "reliability_axes": {
    "m": 0.7964337390135646,
    "d": 0.5118105844675693,
    "e": 0.3961167978911209
  },
  "reliability_subcoords": {
    "m_a": 0.6308711878535431,
    "m_e": 0.798940445669057,
    "m_o": 0.6882537515993562,
    "d_n": 0.7821056425238789,
    "d_l": 0.6326418637930139,
    "d_s": 0.580499467614746,
    "e_e": 0.7780526364546035,
    "e_s": 0.5752255067915898,
    "e_m": 0.705371598265604
  }
}