{
  "dataset_id": "ds004511:sub-S210317:ses-01_rest_run-01",
  "subject": "sub-S210317",
  "session": "ses-01",
  "coverage": {
    "epochs": 123,
    "seconds": 492.0
  },
  "artifacts": {
    "methods": [
      "ica"
    ],
    "bad_eeg_channels": [
      "Batt_0",
      "Batt_1",
      "Batt_2",
      "Batt_3",
      "Foto",
      "Gnd-Ref",
      "Gnd-Ref1",
      "Gnd-Ref2",
      "Gnd-Ref3",
      "Ref",
      "Sync"
    ],
    "n_bad_eeg_channels": 11,
    "stem_collisions": {}
  },
  "ensemble": {
    "var_by_subcoord": {
      "m_a": 0.004797445144504309,
      "m_e": 0.0,
      "m_o": 0.0,
      "d_n": 0.0,
      "d_l": 0.0,
      "d_s": 0.0,
      "e_e": 0.0,
      "e_s": 0.0,
      "e_m": 0.0
    },
    "var_mean": 0.0005330494605004787,
    "var_max": 0.004797445144504309
  },
  "reliability": {
    "axes": {
      "m": 0.7964337390135646,
      "d": 0.5118105844675693,
      "e": 0.3961167978911209
    },
    "subcoords": {
      "m_a": 0.6308711878535431,
      "m_e": 0.798940445669057,
      "m_o": 0.6882537515993562,
      "d_n": 0.7821056425238789,
      "d_l": 0.6326418637930139,
      "d_s": 0.580499467614746,
      "e_e": 0.7780526364546035,
      "e_s": 0.5752255067915898,
      "e_m": 0.705371598265604
    }
  },
  "dist_summary": {
    "axes": {
      "m": {
        "n": 123,
        "nan_frac": 0.0,
        "mean": 0.49163649371035806,
        "median": 0.0008244150667451322,
        "std": 1.625880889948383,
        "iqr": 1.104815125465393,
        "mad": 0.5672167307347991,
        "mad_sigma": 0.840955524987413,
        "skewness": 1.702868103547886,
        "kurtosis_excess": 1.7889047870557508,
        "delta_mean_median": 0.4908120786436129
      },
      "d": {
        "n": 123,
        "nan_frac": 0.0,
        "mean": 0.11752725787824247,
        "median": -0.002049114089459181,
        "std": 0.7145183430235139,
        "iqr": 0.7800854295492172,
        "mad": 0.3494252818636596,
        "mad_sigma": 0.5180579228910617,
        "skewness": -0.13007334055269762,
        "kurtosis_excess": 4.2182512178724565,
        "delta_mean_median": 0.11957637196770166
      },
      "e": {
        "n": 123,
        "nan_frac": 0.0,
        "mean": 0.009092003690093999,
        "median": -0.020956559106707573,
        "std": 0.5786012133590916,
        "iqr": 0.618786171078682,
        "mad": 0.3116346728056669,
        "mad_sigma": 0.46202956590168176,
        "skewness": 1.6028804789966977,
        "kurtosis_excess": 6.2135494373123255,
        "delta_mean_median": 0.03004856279680157
      }
    },
    "subcoords": {
      "m_a": {
        "n": 123,
        "nan_frac": 0.0,
        "mean": 0.11047051453251179,
        "median": -0.030253954231739044,
        "std": 1.155536344321736,
        "iqr": 1.2736873030662537,
        "mad": 0.6410521194338799,
        "mad_sigma": 0.9504238722726702,
        "skewness": 0.685165414415167,
        "kurtosis_excess": 1.987028817253501,
        "delta_mean_median": 0.14072446876425082
      },
      "m_e": {
        "n": 123,
        "nan_frac": 0.0,
        "mean": 0.7212805895331672,
        "median": 0.0,
        "std": 2.1118263393865906,
        "iqr": 1.5594198405742645,
        "mad": 0.674490749835968,
        "mad_sigma": 0.9999999857068061,
        "skewness": 1.606813725888107,
        "kurtosis_excess": 1.4019044962945735,
        "delta_mean_median": 0.7212805895331672
      },
      "m_o": {
        "n": 123,
        "nan_frac": 0.0,
        "mean": 0.7361225007457765,
        "median": 0.0,
        "std": 2.1286104924867773,
        "iqr": 1.4048388600349426,
        "mad": 0.674490749835968,
        "mad_sigma": 0.9999999857068061,
        "skewness": 1.6341398304155936,
        "kurtosis_excess": 1.4918518987136684,
        "delta_mean_median": 0.7361225007457765
      },
      "d_n": {
        "n": 123,
        "nan_frac": 0.0,
        "mean": -0.16842742585406706,
        "median": 0.0,
        "std": 1.1922133491540705,
        "iqr": 1.3347280323505402,
        "mad": 0.674490749835968,
        "mad_sigma": 0.9999999857068061,
        "skewness": -1.219611742854637,
        "kurtosis_excess": 1.606454232631929,
        "delta_mean_median": -0.16842742585406706
      },
      "d_l": {
        "n": 123,
        "nan_frac": 0.0,
        "mean": 0.32283780945283247,
        "median": 0.0,
        "std": 1.4958362064585313,
        "iqr": 1.4905750155448914,
        "mad": 0.674490749835968,
        "mad_sigma": 0.9999999857068061,
        "skewness": 0.45335928832099426,
        "kurtosis_excess": 2.762870721030027,
        "delta_mean_median": 0.32283780945283247
      },
      "d_s": {
        "n": 123,
        "nan_frac": 0.0,
        "mean": 0.026894030766940216,
        "median": 0.0,
        "std": 0.9867561928479834,
        "iqr": 1.3262141346931458,
        "mad": 0.674490749835968,
        "mad_sigma": 0.9999999857068061,
        "skewness": 0.18737940521145946,
        "kurtosis_excess": -0.5211870721223164,
        "delta_mean_median": 0.026894030766940216
      },
      "e_e": {
        "n": 123,
        "nan_frac": 0.0,
        "mean": 0.14145395959295878,
        "median": 0.0,
        "std": 0.9825239066098774,
        "iqr": 1.2801207304000854,
        "mad": 0.6744906902313232,
        "mad_sigma": 0.9999998973369598,
        "skewness": 0.6040212121526444,
        "kurtosis_excess": -0.19661810760867526,
        "delta_mean_median": 0.14145395959295878
      },
      "e_s": {
        "n": 123,
        "nan_frac": 0.0,
        "mean": -0.17710679681683944,
        "median": 0.0,
        "std": 1.5625343429681562,
        "iqr": 1.4266409873962402,
        "mad": 0.674490749835968,
        "mad_sigma": 0.9999999857068061,
        "skewness": 0.08059822530836673,
        "kurtosis_excess": 3.933950716174545,
        "delta_mean_median": -0.17710679681683944
      },
      "e_m": {
        "n": 123,
        "nan_frac": 0.0,
        "mean": 0.10694522637783027,
        "median": 0.0,
        "std": 1.143886643557349,
        "iqr": 1.3661177158355713,
        "mad": 0.6744906902313232,
        "mad_sigma": 0.9999998973369598,
        "skewness": 0.13931184548025108,
        "kurtosis_excess": 0.20513413501278244,
        "delta_mean_median": 0.10694522637783027
      }
    }
  },
  "entropy_provisional": {},
  "geometry_contract": {
    "policy_version": "standard_invalidity_v1",
    "status": "ok",
    "primary_requires_coords_9d": true,
    "shared_time_grid": {
      "epochs_before_policy": 123,
      "epochs_retained": 123,
      "epochs_dropped": 0,
      "drop_fraction": 0.0,
      "dropped_epoch_indices_preview": [],
      "drop_reason_counts": {
        "mnps_3d_nonfinite_rows": 0,
        "coords_9d_nonfinite_rows_affecting_primary": 0
      }
    },
    "mnps_3d": {
      "finite_row_fraction_before": 1.0,
      "nonfinite_row_count": 0,
      "degenerate_axes": [],
      "all_nan_axes": []
    },
    "coords_9d": {
      "available": true,
      "shape_matches_time_grid": true,
      "finite_row_fraction_before": 1.0,
      "nonfinite_row_count": 0,
      "nonfinite_rows_retained_on_shared_grid": 0,
      "degenerate_axes": [],
      "all_nan_axes": []
    },
    "time_grid": {
      "status": "ok",
      "warnings": [],
      "window_count": 123,
      "finite_window_bounds_fraction": 1.0,
      "dt_source": "window_start",
      "dt_sec_runtime": 4.0,
      "dt_sec_config": 4.0,
      "window_sec_config": 8.0,
      "dt_matches_runtime": true,
      "dt_matches_config_formula": true,
      "window_len_matches_config": true,
      "nonpositive_dt_count": 0,
      "nonpositive_window_len_count": 0,
      "dt_intervals_sec": {
        "n": 122,
        "mean": 4.0,
        "median": 4.0,
        "iqr": 0.0,
        "p95": 4.0,
        "max": 4.0
      },
      "window_lengths_sec": {
        "n": 123,
        "mean": 8.0,
        "median": 8.0,
        "iqr": 0.0,
        "p95": 8.0,
        "max": 8.0
      }
    },