{
  "dataset_id": "ds004511:sub-S200120:ses-01_cognitive_control_run-01",
  "subject": "sub-S200120",
  "session": "ses-01",
  "reliability_axes": {
    "m": 0.7735770079011959,
    "d": 0.5647358896992796,
    "e": 0.6468265012259473
  },
  "reliability_subcoords": {
    "m_a": 0.7967204578145007,
    "m_e": 0.7870482864917919,
    "m_o": 0.6866712586127739,
    "d_n": 0.6060531307753515,
    "d_l": 0.7093003656539872,
    "d_s": 0.717179204971329,
    "e_e": 0.7391576154591347,
    "e_s": 0.7148762856393555,
    "e_m": 0.5641202362247714
  }
}