{
  "dataset_id": "ds004511:sub-S200120:ses-01_cognitive_control_run-01",
  "subject": "sub-S200120",
  "session": "ses-01",
  "coverage": {
    "epochs": 248,
    "seconds": 992.0
  },
  "artifacts": {
    "methods": [
      "ica"
    ],
    "bad_eeg_channels": [
      "Batt_0",
      "Batt_1",
      "Batt_2",
      "Batt_3",
      "Gnd-Ref",
      "Gnd-Ref1",
      "Gnd-Ref2",
      "Gnd-Ref3",
      "I1",
      "OPO3",
      "Ref",
      "Sync"
    ],
    "n_bad_eeg_channels": 12,
    "stem_collisions": {}
  },
  "ensemble": {
    "var_by_subcoord": {
      "m_a": 0.00046180657227523625,
      "m_e": 2.8569362519703483e-15,
      "m_o": 1.0388330761273144e-15,
      "d_n": 5.2015098974430955e-15,
      "d_l": 6.397387773606628e-14,
      "d_s": 4.525290461365045e-16,
      "e_e": 1.4157112981916242e-12,
      "e_s": 1.6911271645200787e-13,
      "e_m": 0.0
    },
    "var_mean": 5.131184154817599e-05,
    "var_max": 0.00046180657227523625
  },
  "reliability": {
    "axes": {
      "m": 0.7735770079011959,
      "d": 0.5647358896992796,
      "e": 0.6468265012259473
    },
    "subcoords": {
      "m_a": 0.7967204578145007,
      "m_e": 0.7870482864917919,
      "m_o": 0.6866712586127739,
      "d_n": 0.6060531307753515,
      "d_l": 0.7093003656539872,
      "d_s": 0.717179204971329,
      "e_e": 0.7391576154591347,
      "e_s": 0.7148762856393555,
      "e_m": 0.5641202362247714
    }
  },
  "dist_summary": {
    "axes": {
      "m": {
        "n": 248,
        "nan_frac": 0.0,
        "mean": 0.012170457667032737,
        "median": 0.011027400847524405,
        "std": 0.764543048076884,
        "iqr": 0.950753927230835,
        "mad": 0.476505930069834,
        "mad_sigma": 0.7064676919215358,
        "skewness": -0.040426655238232606,
        "kurtosis_excess": 0.53877676778025,
        "delta_mean_median": 0.0011430568195083327
      },
      "d": {
        "n": 248,
        "nan_frac": 0.0,
        "mean": 0.14223473651650093,
        "median": 0.1636808142066002,
        "std": 0.551904838626572,
        "iqr": 0.634611077606678,
        "mad": 0.3178786262869835,
        "mad_sigma": 0.4712868513330817,
        "skewness": -0.11563531536258612,
        "kurtosis_excess": 1.1427690536740824,
        "delta_mean_median": -0.021446077690099263
      },
      "e": {
        "n": 248,
        "nan_frac": 0.0,
        "mean": 0.09898136911144848,
        "median": 0.049234991893172264,
        "std": 0.5848760645276582,
        "iqr": 0.6015428304672241,
        "mad": 0.2961540073156357,
        "mad_sigma": 0.43907793124616146,
        "skewness": 1.302978188192922,
        "kurtosis_excess": 3.5229742371411366,
        "delta_mean_median": 0.04974637721827621
      }
    },
    "subcoords": {
      "m_a": {
        "n": 248,
        "nan_frac": 0.0,
        "mean": -0.04407165950584796,
        "median": -0.036342546343803406,
        "std": 1.165094237648478,
        "iqr": 1.1884816586971283,
        "mad": 0.5842123478651047,
        "mad_sigma": 0.8661532269448041,
        "skewness": -0.8921346124525623,
        "kurtosis_excess": 3.0089066633582267,
        "delta_mean_median": -0.007729113162044554
      },
      "m_e": {
        "n": 248,
        "nan_frac": 0.0,
        "mean": -0.07745669218861768,
        "median": 0.0,
        "std": 0.919107854991997,
        "iqr": 1.4663151949644089,
        "mad": 0.674490749835968,
        "mad_sigma": 0.9999999857068061,
        "skewness": -0.11985650311382519,
        "kurtosis_excess": -0.7396579309399915,
        "delta_mean_median": -0.07745669218861768
      },
      "m_o": {
        "n": 248,
        "nan_frac": 0.0,
        "mean": 0.19920389131162194,
        "median": -3.91155481338501e-08,
        "std": 0.9432521069150185,
        "iqr": 1.4844263643026352,
        "mad": 0.6744907107204199,
        "mad_sigma": 0.9999999277140945,
        "skewness": 0.9763225966649727,
        "kurtosis_excess": 1.26267518611298,
        "delta_mean_median": 0.19920393042717008
      },
      "d_n": {
        "n": 248,
        "nan_frac": 0.0,
        "mean": 0.18084629336672445,
        "median": 0.0,
        "std": 1.1714296457748674,
        "iqr": 1.3585166037082672,
        "mad": 0.6744907796382904,
        "mad_sigma": 1.0000000298917293,
        "skewness": 0.9335433008185583,
        "kurtosis_excess": 1.9866095094492247,
        "delta_mean_median": 0.18084629336672445
      },
      "d_l": {
        "n": 248,
        "nan_frac": 0.0,
        "mean": 0.0010084882716558153,
        "median": 0.0,
        "std": 1.0646608926557761,
        "iqr": 1.3436396718025208,
        "mad": 0.6744907796382904,
        "mad_sigma": 1.0000000298917293,
        "skewness": -0.7814516384280021,
        "kurtosis_excess": 1.919707158037033,
        "delta_mean_median": 0.0010084882716558153
      },
      "d_s": {
        "n": 248,
        "nan_frac": 0.0,
        "mean": 0.48687665684584286,
        "median": 0.0,
        "std": 1.394912440166769,
        "iqr": 1.6343078166246414,
        "mad": 0.674490749835968,
        "mad_sigma": 0.9999999857068061,
        "skewness": 1.608636551407762,
        "kurtosis_excess": 2.8093470299016845,
        "delta_mean_median": 0.48687665684584286
      },
      "e_e": {
        "n": 248,
        "nan_frac": 0.0,
        "mean": -0.025943486958802227,
        "median": 0.0,
        "std": 0.8662939662836555,
        "iqr": 1.3161257356405258,
        "mad": 0.674490749835968,
        "mad_sigma": 0.9999999857068061,
        "skewness": 0.00799922712358908,
        "kurtosis_excess": -0.695139711853515,
        "delta_mean_median": -0.025943486958802227
      },
      "e_s": {
        "n": 248,
        "nan_frac": 0.0,
        "mean": 0.27076550525511733,
        "median": -5.073379725217819e-07,
        "std": 1.4023514370913948,
        "iqr": 1.3004704415798187,
        "mad": 0.6744907200336456,
        "mad_sigma": 0.999999941521883,
        "skewness": 1.980723312133611,
        "kurtosis_excess": 5.577354200823885,
        "delta_mean_median": 0.27076601259308986
      },
      "e_m": {
        "n": 248,
        "nan_frac": 0.0,
        "mean": 0.08831373389224492,
        "median": -1.8067657947540283e-07,
        "std": 1.1699113855617351,
        "iqr": 1.3462709188461304,
        "mad": 0.674490749835968,
        "mad_sigma": 0.9999999857068061,
        "skewness": 1.061850275530665,
        "kurtosis_excess": 1.7475886996888406,
        "delta_mean_median": 0.0883139145688244
      }
    }
  },
  "entropy_provisional": {},
  "geometry_contract": {
    "policy_version": "standard_invalidity_v1",
    "status": "ok",
    "primary_requires_coords_9d": true,
    "shared_time_grid": {
      "epochs_before_policy": 248,
      "epochs_retained": 248,
      "epochs_dropped": 0,
      "drop_fraction": 0.0,
      "dropped_epoch_indices_preview": [],
      "drop_reason_counts": {
        "mnps_3d_nonfinite_rows": 0,
        "coords_9d_nonfinite_rows_affecting_primary": 0
      }
    },
    "mnps_3d": {
      "finite_row_fraction_before": 1.0,
      "nonfinite_row_count": 0,
      "degenerate_axes": [],
      "all_nan_axes": []
    },
    "coords_9d": {
      "available": true,
      "shape_matches_time_grid": true,
      "finite_row_fraction_before": 1.0,
      "nonfinite_row_count": 0,
      "nonfinite_rows_retained_on_shared_grid": 0,
      "degenerate_axes": [],
      "all_nan_axes": []
    },
    "time_grid": {
      "status": "ok",
      "warnings": [],
      "window_count": 248,
      "finite_window_bounds_fraction": 1.0,
      "dt_source": "window_start",
      "dt_sec_runtime": 4.0,
      "dt_sec_config": 4.0,
      "window_sec_config": 8.0,
      "dt_matches_runtime": true,
      "dt_matches_config_formula": true,
      "window_len_matches_config": true,
      "nonpositive_dt_count": 0,
      "nonpositive_window_len_count": 0,
      "dt_intervals_sec": {
        "n": 247,
        "mean": 4.0,
        "median": 4.0,
        "iqr": 0.0,