{
  "dataset_id": "ds004511:sub-S200203:ses-01_rest_run-01",
  "subject": "sub-S200203",
  "session": "ses-01",
  "reliability_axes": {
    "m": 0.7547400233891902,
    "d": 0.9169669047041249,
    "e": 0.7440093386149077
  },
  "reliability_subcoords": {
    "m_a": 0.8736424079723092,
    "m_e": 0.7369556349335276,
    "m_o": 0.7589441502740926,
    "d_n": 0.8843863521594756,
    "d_l": 0.7493275639212852,
    "d_s": 0.5606079228850469,
    "e_e": 0.6403744156042053,
    "e_s": 0.8345092378685528,
    "e_m": 0.4246206372771122
  }
}