{
  "dataset_id": "ds004511:sub-S200203:ses-01_rest_run-01",
  "subject": "sub-S200203",
  "session": "ses-01",
  "coverage": {
    "epochs": 127,
    "seconds": 508.0
  },
  "artifacts": {
    "methods": [
      "ica"
    ],
    "bad_eeg_channels": [
      "Batt_0",
      "Batt_1",
      "Batt_2",
      "Batt_3",
      "Foto",
      "Gnd-Ref",
      "Gnd-Ref1",
      "Gnd-Ref2",
      "Gnd-Ref3",
      "Ref",
      "Sync"
    ],
    "n_bad_eeg_channels": 11,
    "stem_collisions": {}
  },
  "ensemble": {
    "var_by_subcoord": {
      "m_a": 0.005296723917126656,
      "m_e": 0.0,
      "m_o": 0.0,
      "d_n": 0.0,
      "d_l": 0.0,
      "d_s": 0.0,
      "e_e": 0.0,
      "e_s": 0.0,
      "e_m": 0.0
    },
    "var_mean": 0.0005885248796807395,
    "var_max": 0.005296723917126656
  },
  "reliability": {
    "axes": {
      "m": 0.7547400233891902,
      "d": 0.9169669047041249,
      "e": 0.7440093386149077
    },
    "subcoords": {
      "m_a": 0.8736424079723092,
      "m_e": 0.7369556349335276,
      "m_o": 0.7589441502740926,
      "d_n": 0.8843863521594756,
      "d_l": 0.7493275639212852,
      "d_s": 0.5606079228850469,
      "e_e": 0.6403744156042053,
      "e_s": 0.8345092378685528,
      "e_m": 0.4246206372771122
    }
  },
  "dist_summary": {
    "axes": {
      "m": {
        "n": 127,
        "nan_frac": 0.0,
        "mean": 0.01863348336274347,
        "median": -0.022533420473337173,
        "std": 0.8298006359254194,
        "iqr": 1.1040549874305725,
        "mad": 0.5204653479158878,
        "mad_sigma": 0.7716419248200953,
        "skewness": 0.060743582381585025,
        "kurtosis_excess": -0.06020101486791862,
        "delta_mean_median": 0.04116690383608064
      },
      "d": {
        "n": 127,
        "nan_frac": 0.0,
        "mean": 0.2584810693121303,
        "median": 0.13992470502853394,
        "std": 0.6517537688361178,
        "iqr": 0.6153408214449883,
        "mad": 0.2976188659667969,
        "mad_sigma": 0.441249730682373,
        "skewness": 1.7731815258088253,
        "kurtosis_excess": 4.333938579431776,
        "delta_mean_median": 0.11855636428359634
      },
      "e": {
        "n": 127,
        "nan_frac": 0.0,
        "mean": -0.054430345568336605,
        "median": 0.010504821315407753,
        "std": 0.593086413108146,
        "iqr": 0.6107698827981949,
        "mad": 0.2961741592735052,
        "mad_sigma": 0.4391078085388988,
        "skewness": -1.240017396873822,
        "kurtosis_excess": 5.325054522839137,
        "delta_mean_median": -0.06493516688374436
      }
    },
    "subcoords": {
      "m_a": {
        "n": 127,
        "nan_frac": 0.0,
        "mean": -0.16829960466193872,
        "median": -0.0298306941986084,
        "std": 1.264372380294153,
        "iqr": 1.2233606278896332,
        "mad": 0.5997748374938965,
        "mad_sigma": 0.8892261740684508,
        "skewness": -1.8864736791151417,
        "kurtosis_excess": 5.162753915443448,
        "delta_mean_median": -0.13846891046333032
      },
      "m_e": {
        "n": 127,
        "nan_frac": 0.0,
        "mean": 0.005232227170360036,
        "median": 0.0,
        "std": 1.0013969908518447,
        "iqr": 1.3719055354595184,
        "mad": 0.674490749835968,
        "mad_sigma": 0.9999999857068061,
        "skewness": -0.19247989661528858,
        "kurtosis_excess": 0.13960808821798532,
        "delta_mean_median": 0.005232227170360036
      },
      "m_o": {
        "n": 127,
        "nan_frac": 0.0,
        "mean": 0.29256506539573235,
        "median": 0.0,
        "std": 1.3043332006535797,
        "iqr": 1.372922956943512,
        "mad": 0.6744908094406128,
        "mad_sigma": 1.0000000740766524,
        "skewness": 2.065463328879455,
        "kurtosis_excess": 5.370119217526414,
        "delta_mean_median": 0.29256506539573235
      },
      "d_n": {
        "n": 127,
        "nan_frac": 0.0,
        "mean": 0.37331198788006004,
        "median": 0.0,
        "std": 1.4515891839779584,
        "iqr": 1.626048594713211,
        "mad": 0.674490749835968,
        "mad_sigma": 0.9999999857068061,
        "skewness": 1.6194049271858781,
        "kurtosis_excess": 3.6753573171713443,
        "delta_mean_median": 0.37331198788006004
      },
      "d_l": {
        "n": 127,
        "nan_frac": 0.0,
        "mean": 0.21923668442044672,
        "median": 0.0,
        "std": 1.0556677372815249,
        "iqr": 1.404692530632019,
        "mad": 0.674490749835968,
        "mad_sigma": 0.9999999857068061,
        "skewness": 0.3899597253940411,
        "kurtosis_excess": -0.2002092320948079,
        "delta_mean_median": 0.21923668442044672
      },
      "d_s": {
        "n": 127,
        "nan_frac": 0.0,
        "mean": 0.1683558436205948,
        "median": 0.0,
        "std": 1.0054241479857047,
        "iqr": 1.3745137155056,
        "mad": 0.674490749835968,
        "mad_sigma": 0.9999999857068061,
        "skewness": 0.982950780865197,
        "kurtosis_excess": 0.8218182491801413,
        "delta_mean_median": 0.1683558436205948
      },
      "e_e": {
        "n": 127,
        "nan_frac": 0.0,
        "mean": -0.1064885680121003,
        "median": 0.0,
        "std": 0.9219684507083015,
        "iqr": 1.3627746999263763,
        "mad": 0.6744906902313232,
        "mad_sigma": 0.9999998973369598,
        "skewness": -0.1264557189339274,
        "kurtosis_excess": -0.5439570467365651,
        "delta_mean_median": -0.1064885680121003
      },
      "e_s": {
        "n": 127,
        "nan_frac": 0.0,
        "mean": -0.00039680344675938913,
        "median": 0.0,
        "std": 1.2826412844009587,
        "iqr": 1.4170756340026855,
        "mad": 0.674490749835968,
        "mad_sigma": 0.9999999857068061,
        "skewness": -1.2940762481751882,
        "kurtosis_excess": 5.521403981103505,
        "delta_mean_median": -0.00039680344675938913
      },
      "e_m": {
        "n": 127,
        "nan_frac": 0.0,
        "mean": 0.3038594252833231,
        "median": 0.0,
        "std": 1.404061749303109,
        "iqr": 1.590571254491806,
        "mad": 0.6744906306266785,
        "mad_sigma": 0.9999998089671135,
        "skewness": 2.0176872484280737,
        "kurtosis_excess": 6.08024386969255,
        "delta_mean_median": 0.3038594252833231
      }
    }
  },
  "entropy_provisional": {},
  "geometry_contract": {
    "policy_version": "standard_invalidity_v1",
    "status": "ok",
    "primary_requires_coords_9d": true,
    "shared_time_grid": {
      "epochs_before_policy": 127,
      "epochs_retained": 127,
      "epochs_dropped": 0,
      "drop_fraction": 0.0,
      "dropped_epoch_indices_preview": [],
      "drop_reason_counts": {
        "mnps_3d_nonfinite_rows": 0,
        "coords_9d_nonfinite_rows_affecting_primary": 0
      }
    },
    "mnps_3d": {
      "finite_row_fraction_before": 1.0,
      "nonfinite_row_count": 0,
      "degenerate_axes": [],
      "all_nan_axes": []
    },
    "coords_9d": {
      "available": true,
      "shape_matches_time_grid": true,
      "finite_row_fraction_before": 1.0,
      "nonfinite_row_count": 0,
      "nonfinite_rows_retained_on_shared_grid": 0,
      "degenerate_axes": [],
      "all_nan_axes": []
    },
    "time_grid": {
      "status": "ok",
      "warnings": [],
      "window_count": 127,
      "finite_window_bounds_fraction": 1.0,
      "dt_source": "window_start",
      "dt_sec_runtime": 4.0,
      "dt_sec_config": 4.0,
      "window_sec_config": 8.0,
      "dt_matches_runtime": true,
      "dt_matches_config_formula": true,
      "window_len_matches_config": true,
      "nonpositive_dt_count": 0,
      "nonpositive_window_len_count": 0,
      "dt_intervals_sec": {
        "n": 126,
        "mean": 4.0,
        "median": 4.0,
        "iqr": 0.0,
        "p95": 4.0,
        "max": 4.0
      },
      "window_lengths_sec": {
        "n": 127,
        "mean": 8.0,
        "median": 8.0,
        "iqr": 0.0,
        "p95": 8.0,
        "max": 8.0
      }
    },