{
  "dataset_id": "ds004511:sub-S200228:ses-01_rest_run-01",
  "subject": "sub-S200228",
  "session": "ses-01",
  "reliability_axes": {
    "m": 0.9098889590214174,
    "d": 0.6682728498587609,
    "e": 0.5965445811296104
  },
  "reliability_subcoords": {
    "m_a": 0.8698327501082262,
    "m_e": 0.9186696917774959,
    "m_o": 0.8373389307347927,
    "d_n": 0.8504769207669307,
    "d_l": 0.8643503793434087,
    "d_s": 0.7664782468680571,
    "e_e": 0.9393219211831773,
    "e_s": 0.8211818558663718,
    "e_m": 0.6583220188600779
  }
}