{
  "dataset_id": "ds004511:sub-S200228:ses-01_rest_run-01",
  "subject": "sub-S200228",
  "session": "ses-01",
  "coverage": {
    "epochs": 123,
    "seconds": 492.0
  },
  "artifacts": {
    "methods": [
      "ica"
    ],
    "bad_eeg_channels": [
      "Batt_0",
      "Batt_1",
      "Batt_2",
      "Batt_3",
      "Foto",
      "Gnd-Ref",
      "Gnd-Ref1",
      "Gnd-Ref2",
      "Gnd-Ref3",
      "Ref",
      "Sync"
    ],
    "n_bad_eeg_channels": 11,
    "stem_collisions": {}
  },
  "ensemble": {
    "var_by_subcoord": {
      "m_a": 0.005945840384811163,
      "m_e": 0.0,
      "m_o": 0.0,
      "d_n": 0.0,
      "d_l": 0.0,
      "d_s": 0.0,
      "e_e": 0.0,
      "e_s": 0.0,
      "e_m": 0.0
    },
    "var_mean": 0.0006606489316456848,
    "var_max": 0.005945840384811163
  },
  "reliability": {
    "axes": {
      "m": 0.9098889590214174,
      "d": 0.6682728498587609,
      "e": 0.5965445811296104
    },
    "subcoords": {
      "m_a": 0.8698327501082262,
      "m_e": 0.9186696917774959,
      "m_o": 0.8373389307347927,
      "d_n": 0.8504769207669307,
      "d_l": 0.8643503793434087,
      "d_s": 0.7664782468680571,
      "e_e": 0.9393219211831773,
      "e_s": 0.8211818558663718,
      "e_m": 0.6583220188600779
    }
  },
  "dist_summary": {
    "axes": {
      "m": {
        "n": 123,
        "nan_frac": 0.0,
        "mean": 0.7186460608268171,
        "median": -0.028329040855169296,
        "std": 1.5061546883431152,
        "iqr": 2.2932912558317184,
        "mad": 0.5591364838182926,
        "mad_sigma": 0.8289757509090006,
        "skewness": 0.8643058828404367,
        "kurtosis_excess": -0.8030466463905093,
        "delta_mean_median": 0.7469751016819864
      },
      "d": {
        "n": 123,
        "nan_frac": 0.0,
        "mean": 0.006754443792406682,
        "median": 0.003118924330919981,
        "std": 0.3137765435434049,
        "iqr": 0.41479912400245667,
        "mad": 0.2089379052631557,
        "mad_sigma": 0.3097713383431546,
        "skewness": 0.3404219737196017,
        "kurtosis_excess": 0.6198985898880762,
        "delta_mean_median": 0.0036355194614867007
      },
      "e": {
        "n": 123,
        "nan_frac": 0.0,
        "mean": 0.03707850149575227,
        "median": 0.03823855146765709,
        "std": 0.252023045439482,
        "iqr": 0.29541441053152084,
        "mad": 0.1529885120689869,
        "mad_sigma": 0.22682076799347994,
        "skewness": 0.6182946224426533,
        "kurtosis_excess": 1.2662061286562434,
        "delta_mean_median": -0.0011600499719048168
      }
    },
    "subcoords": {
      "m_a": {
        "n": 123,
        "nan_frac": 0.0,
        "mean": 0.34536316379056714,
        "median": -0.0757138654589653,
        "std": 1.0236854877787023,
        "iqr": 1.914243459701538,
        "mad": 0.5207862928509712,
        "mad_sigma": 0.7721177577808499,
        "skewness": 0.6207188936231615,
        "kurtosis_excess": -1.0470924515968365,
        "delta_mean_median": 0.42107702924953244
      },
      "m_e": {
        "n": 123,
        "nan_frac": 0.0,
        "mean": 0.7526483393796697,
        "median": 0.0,
        "std": 1.6437228544814633,
        "iqr": 2.915416568517685,
        "mad": 0.674490749835968,
        "mad_sigma": 0.9999999857068061,
        "skewness": 0.7336255374148456,
        "kurtosis_excess": -1.0242757391213624,
        "delta_mean_median": 0.7526483393796697
      },
      "m_o": {
        "n": 123,
        "nan_frac": 0.0,
        "mean": 1.1913886587097635,
        "median": 0.0,
        "std": 2.2279145014989528,
        "iqr": 2.7835701555013657,
        "mad": 0.6744908094406128,
        "mad_sigma": 1.0000000740766524,
        "skewness": 1.0776059670272624,
        "kurtosis_excess": -0.3275244424756725,
        "delta_mean_median": 1.1913886587097635
      },
      "d_n": {
        "n": 123,
        "nan_frac": 0.0,
        "mean": -0.5480363517091041,
        "median": 0.0,
        "std": 1.4076807765563781,
        "iqr": 2.0791880190372467,
        "mad": 0.674490749835968,
        "mad_sigma": 0.9999999857068061,
        "skewness": -0.8190926338623454,
        "kurtosis_excess": -0.5757877620994618,
        "delta_mean_median": -0.5480363517091041
      },
      "d_l": {
        "n": 123,
        "nan_frac": 0.0,
        "mean": 0.3321821791331882,
        "median": 0.0,
        "std": 1.0461307132315303,
        "iqr": 1.7352197617292404,
        "mad": 0.674490749835968,
        "mad_sigma": 0.9999999857068061,
        "skewness": 0.6613097671332927,
        "kurtosis_excess": -0.9193708765483763,
        "delta_mean_median": 0.3321821791331882
      },
      "d_s": {
        "n": 123,
        "nan_frac": 0.0,
        "mean": 0.04441394623580987,
        "median": 0.0,
        "std": 0.8559673671429227,
        "iqr": 1.3755525648593903,
        "mad": 0.674490749835968,
        "mad_sigma": 0.9999999857068061,
        "skewness": 0.683732107167716,
        "kurtosis_excess": 0.026528695531807145,
        "delta_mean_median": 0.04441394623580987
      },
      "e_e": {
        "n": 123,
        "nan_frac": 0.0,
        "mean": 0.23401888017731953,
        "median": 0.0,
        "std": 0.8278396994134333,
        "iqr": 1.4799990057945251,
        "mad": 0.674490749835968,
        "mad_sigma": 0.9999999857068061,
        "skewness": 0.18399881347533828,
        "kurtosis_excess": -1.3559155574587283,
        "delta_mean_median": 0.23401888017731953
      },
      "e_s": {
        "n": 123,
        "nan_frac": 0.0,
        "mean": -0.24460470793783906,
        "median": 0.0,
        "std": 0.970481496295822,
        "iqr": 1.5936314016580582,
        "mad": 0.674490749835968,
        "mad_sigma": 0.9999999857068061,
        "skewness": -0.3264306952590463,
        "kurtosis_excess": -1.0009828333855506,
        "delta_mean_median": -0.24460470793783906
      },
      "e_m": {
        "n": 123,
        "nan_frac": 0.0,
        "mean": 0.27855417790455456,
        "median": 0.0,
        "std": 1.3458313595900444,
        "iqr": 1.374785989522934,
        "mad": 0.6744905710220337,
        "mad_sigma": 0.999999720597267,
        "skewness": 0.9579197069098788,
        "kurtosis_excess": 0.5695789868502863,
        "delta_mean_median": 0.27855417790455456
      }
    }
  },
  "entropy_provisional": {},
  "geometry_contract": {
    "policy_version": "standard_invalidity_v1",
    "status": "ok",
    "primary_requires_coords_9d": true,
    "shared_time_grid": {
      "epochs_before_policy": 123,
      "epochs_retained": 123,
      "epochs_dropped": 0,
      "drop_fraction": 0.0,
      "dropped_epoch_indices_preview": [],
      "drop_reason_counts": {
        "mnps_3d_nonfinite_rows": 0,
        "coords_9d_nonfinite_rows_affecting_primary": 0
      }
    },
    "mnps_3d": {
      "finite_row_fraction_before": 1.0,
      "nonfinite_row_count": 0,
      "degenerate_axes": [],
      "all_nan_axes": []
    },
    "coords_9d": {
      "available": true,
      "shape_matches_time_grid": true,
      "finite_row_fraction_before": 1.0,
      "nonfinite_row_count": 0,
      "nonfinite_rows_retained_on_shared_grid": 0,
      "degenerate_axes": [],
      "all_nan_axes": []
    },
    "time_grid": {
      "status": "ok",
      "warnings": [],
      "window_count": 123,
      "finite_window_bounds_fraction": 1.0,
      "dt_source": "window_start",
      "dt_sec_runtime": 4.0,
      "dt_sec_config": 4.0,
      "window_sec_config": 8.0,
      "dt_matches_runtime": true,
      "dt_matches_config_formula": true,
      "window_len_matches_config": true,
      "nonpositive_dt_count": 0,
      "nonpositive_window_len_count": 0,
      "dt_intervals_sec": {
        "n": 122,
        "mean": 4.0,
        "median": 4.0,
        "iqr": 0.0,
        "p95": 4.0,
        "max": 4.0
      },
      "window_lengths_sec": {
        "n": 123,
        "mean": 8.0,
        "median": 8.0,
        "iqr": 0.0,
        "p95": 8.0,
        "max": 8.0
      }
    },