{
  "dataset_id": "ds004511:sub-S200122:ses-01_cognitive_control_run-01",
  "subject": "sub-S200122",
  "session": "ses-01",
  "reliability_axes": {
    "m": 0.44254927645116593,
    "d": 0.4377013666960446,
    "e": 0.4986667031943819
  },
  "reliability_subcoords": {
    "m_a": 0.3975100440976242,
    "m_e": 0.5575470499398357,
    "m_o": 0.48352263035834164,
    "d_n": 0.6121374340737978,
    "d_l": 0.4436712178510109,
    "d_s": 0.38359502757221425,
    "e_e": 0.6258523208783062,
    "e_s": 0.4201767871824252,
    "e_m": 0.537918104939989
  }
}