{
  "dataset_id": "ds004511:sub-S200122:ses-01_cognitive_control_run-01",
  "subject": "sub-S200122",
  "session": "ses-01",
  "coverage": {
    "epochs": 261,
    "seconds": 1044.0
  },
  "artifacts": {
    "methods": [
      "ica"
    ],
    "bad_eeg_channels": [
      "AF7",
      "Batt_0",
      "Batt_1",
      "Batt_2",
      "Batt_3",
      "Gnd-Ref",
      "Gnd-Ref1",
      "Gnd-Ref2",
      "Gnd-Ref3",
      "P5",
      "PO7",
      "Ref",
      "Sync"
    ],
    "n_bad_eeg_channels": 13,
    "stem_collisions": {}
  },
  "ensemble": {
    "var_by_subcoord": {
      "m_a": 0.0031369735952466726,
      "m_e": 0.0,
      "m_o": 0.0,
      "d_n": 0.0,
      "d_l": 0.0,
      "d_s": 0.0,
      "e_e": 0.0,
      "e_s": 0.0,
      "e_m": 0.0
    },
    "var_mean": 0.0003485526216940747,
    "var_max": 0.0031369735952466726
  },
  "reliability": {
    "axes": {
      "m": 0.44254927645116593,
      "d": 0.4377013666960446,
      "e": 0.4986667031943819
    },
    "subcoords": {
      "m_a": 0.3975100440976242,
      "m_e": 0.5575470499398357,
      "m_o": 0.48352263035834164,
      "d_n": 0.6121374340737978,
      "d_l": 0.4436712178510109,
      "d_s": 0.38359502757221425,
      "e_e": 0.6258523208783062,
      "e_s": 0.4201767871824252,
      "e_m": 0.537918104939989
    }
  },
  "dist_summary": {
    "axes": {
      "m": {
        "n": 261,
        "nan_frac": 0.0,
        "mean": -0.18803779235753315,
        "median": -0.0035838778130710125,
        "std": 1.2197322813492915,
        "iqr": 1.0899764895439148,
        "mad": 0.5408516223542392,
        "mad_sigma": 0.801866615302395,
        "skewness": -1.2546227605609321,
        "kurtosis_excess": 2.0882964044028567,
        "delta_mean_median": -0.18445391454446214
      },
      "d": {
        "n": 261,
        "nan_frac": 0.0,
        "mean": -0.1689511535642847,
        "median": -0.020941436290740967,
        "std": 0.9281299053997684,
        "iqr": 0.9807594120502472,
        "mad": 0.4917045831680298,
        "mad_sigma": 0.7290012150049209,
        "skewness": -1.0290072773411107,
        "kurtosis_excess": 0.7981648190661716,
        "delta_mean_median": -0.14800971727354373
      },
      "e": {
        "n": 261,
        "nan_frac": 0.0,
        "mean": 0.3462155068764228,
        "median": 0.1494056135416031,
        "std": 0.884479316698596,
        "iqr": 0.8388226628303528,
        "mad": 0.41094695031642914,
        "mad_sigma": 0.6092699485391379,
        "skewness": 1.5784108360621436,
        "kurtosis_excess": 2.3280574870943536,
        "delta_mean_median": 0.19680989333481969
      }
    },
    "subcoords": {
      "m_a": {
        "n": 261,
        "nan_frac": 0.0,
        "mean": -0.4301356647406273,
        "median": 0.08022187650203705,
        "std": 1.801428278988259,
        "iqr": 1.2667397856712341,
        "mad": 0.6135546118021011,
        "mad_sigma": 0.9096560674577951,
        "skewness": -1.7244681119967318,
        "kurtosis_excess": 2.6176922302921524,
        "delta_mean_median": -0.5103575412426644
      },
      "m_e": {
        "n": 261,
        "nan_frac": 0.0,
        "mean": -0.14752638688261024,
        "median": 0.0,
        "std": 1.2124452281205318,
        "iqr": 1.3272222876548767,
        "mad": 0.6744908094406128,
        "mad_sigma": 1.0000000740766524,
        "skewness": -1.2220304764910284,
        "kurtosis_excess": 2.8710595374269,
        "delta_mean_median": -0.14752638688261024
      },
      "m_o": {
        "n": 261,
        "nan_frac": 0.0,
        "mean": 0.09600534419247246,
        "median": 0.0,
        "std": 1.032812340300655,
        "iqr": 1.3263307809829712,
        "mad": 0.674490749835968,
        "mad_sigma": 0.9999999857068061,
        "skewness": 0.3518550481160579,
        "kurtosis_excess": 0.4483105728166672,
        "delta_mean_median": 0.09600534419247246
      },
      "d_n": {
        "n": 261,
        "nan_frac": 0.0,
        "mean": 0.03419929389084486,
        "median": 0.0,
        "std": 0.9613596999654559,
        "iqr": 1.3374004364013672,
        "mad": 0.674490749835968,
        "mad_sigma": 0.9999999857068061,
        "skewness": 0.4905885896741665,
        "kurtosis_excess": 0.2878579777261363,
        "delta_mean_median": 0.03419929389084486
      },
      "d_l": {
        "n": 261,
        "nan_frac": 0.0,
        "mean": -0.3521942725151749,
        "median": 0.0,
        "std": 1.5905682838162116,
        "iqr": 1.332542061805725,
        "mad": 0.674490749835968,
        "mad_sigma": 0.9999999857068061,
        "skewness": -1.289915042577943,
        "kurtosis_excess": 1.178250662771526,
        "delta_mean_median": -0.3521942725151749
      },
      "d_s": {
        "n": 261,
        "nan_frac": 0.0,
        "mean": 0.0049207320533179,
        "median": 0.0,
        "std": 1.2112931795661843,
        "iqr": 1.3630728721618652,
        "mad": 0.674490749835968,
        "mad_sigma": 0.9999999857068061,
        "skewness": 0.27266199514950423,
        "kurtosis_excess": 1.844505138987965,
        "delta_mean_median": 0.0049207320533179
      },
      "e_e": {
        "n": 261,
        "nan_frac": 0.0,
        "mean": -0.002208340497296286,
        "median": 0.0,
        "std": 0.9946786918109003,
        "iqr": 1.324197232723236,
        "mad": 0.6744906902313232,
        "mad_sigma": 0.9999998973369598,
        "skewness": 0.01682236467919941,
        "kurtosis_excess": -0.018088786116074118,
        "delta_mean_median": -0.002208340497296286
      },
      "e_s": {
        "n": 261,
        "nan_frac": 0.0,
        "mean": 0.8323462734907581,
        "median": 0.0,
        "std": 2.214065664049083,
        "iqr": 1.4653646349906921,
        "mad": 0.6744908094406128,
        "mad_sigma": 1.0000000740766524,
        "skewness": 1.5882216940121259,
        "kurtosis_excess": 1.13995222831565,
        "delta_mean_median": 0.8323462734907581
      },
      "e_m": {
        "n": 261,
        "nan_frac": 0.0,
        "mean": 0.171522812848247,
        "median": 0.0,
        "std": 1.0984887711957896,
        "iqr": 1.3482120037078857,
        "mad": 0.6744906902313232,
        "mad_sigma": 0.9999998973369598,
        "skewness": 0.9751647442752109,
        "kurtosis_excess": 0.9781509160319315,
        "delta_mean_median": 0.171522812848247
      }
    }
  },
  "entropy_provisional": {},
  "geometry_contract": {
    "policy_version": "standard_invalidity_v1",
    "status": "ok",
    "primary_requires_coords_9d": true,
    "shared_time_grid": {
      "epochs_before_policy": 261,
      "epochs_retained": 261,
      "epochs_dropped": 0,
      "drop_fraction": 0.0,
      "dropped_epoch_indices_preview": [],
      "drop_reason_counts": {
        "mnps_3d_nonfinite_rows": 0,
        "coords_9d_nonfinite_rows_affecting_primary": 0
      }
    },
    "mnps_3d": {
      "finite_row_fraction_before": 1.0,
      "nonfinite_row_count": 0,
      "degenerate_axes": [],
      "all_nan_axes": []
    },
    "coords_9d": {
      "available": true,
      "shape_matches_time_grid": true,
      "finite_row_fraction_before": 1.0,
      "nonfinite_row_count": 0,
      "nonfinite_rows_retained_on_shared_grid": 0,
      "degenerate_axes": [],
      "all_nan_axes": []
    },
    "time_grid": {
      "status": "ok",
      "warnings": [],
      "window_count": 261,
      "finite_window_bounds_fraction": 1.0,
      "dt_source": "window_start",
      "dt_sec_runtime": 4.0,
      "dt_sec_config": 4.0,
      "window_sec_config": 8.0,
      "dt_matches_runtime": true,
      "dt_matches_config_formula": true,
      "window_len_matches_config": true,
      "nonpositive_dt_count": 0,
      "nonpositive_window_len_count": 0,
      "dt_intervals_sec": {
        "n": 260,
        "mean": 4.0,
        "median": 4.0,
        "iqr": 0.0,
        "p95": 4.0,
        "max": 4.0
      },
      "window_lengths_sec": {
        "n": 261,
        "mean": 8.0,
        "median": 8.0,
        "iqr": 0.0,
        "p95": 8.0,