{
  "dataset_id": "ds004511:sub-S200221:ses-01_gambling_run-01",
  "subject": "sub-S200221",
  "session": "ses-01",
  "reliability_axes": {
    "m": 0.6458390835256582,
    "d": 0.7381919147406752,
    "e": 0.5689361710351102
  },
  "reliability_subcoords": {
    "m_a": 0.6223567937276638,
    "m_e": 0.6983569557381054,
    "m_o": 0.6292115795261849,
    "d_n": 0.7432826341086822,
    "d_l": 0.650173931064552,
    "d_s": 0.5669878349552218,
    "e_e": 0.6620043569085042,
    "e_s": 0.5804598580424619,
    "e_m": 0.5317622144363965
  }
}