{
  "dataset_id": "ds004511:sub-S200221:ses-01_gambling_run-01",
  "subject": "sub-S200221",
  "session": "ses-01",
  "coverage": {
    "epochs": 935,
    "seconds": 3740.0
  },
  "artifacts": {
    "methods": [
      "ica"
    ],
    "bad_eeg_channels": [
      "Batt_0",
      "Batt_1",
      "Batt_2",
      "Batt_3",
      "Gnd-Ref",
      "Gnd-Ref1",
      "Gnd-Ref2",
      "Gnd-Ref3",
      "Ref",
      "Sync"
    ],
    "n_bad_eeg_channels": 10,
    "stem_collisions": {}
  },
  "ensemble": {
    "var_by_subcoord": {
      "m_a": 0.00042509366176091135,
      "m_e": 0.0,
      "m_o": 0.0,
      "d_n": 0.0,
      "d_l": 0.0,
      "d_s": 0.0,
      "e_e": 0.0,
      "e_s": 0.0,
      "e_m": 0.0
    },
    "var_mean": 4.7232629084545704e-05,
    "var_max": 0.00042509366176091135
  },
  "reliability": {
    "axes": {
      "m": 0.6458390835256582,
      "d": 0.7381919147406752,
      "e": 0.5689361710351102
    },
    "subcoords": {
      "m_a": 0.6223567937276638,
      "m_e": 0.6983569557381054,
      "m_o": 0.6292115795261849,
      "d_n": 0.7432826341086822,
      "d_l": 0.650173931064552,
      "d_s": 0.5669878349552218,
      "e_e": 0.6620043569085042,
      "e_s": 0.5804598580424619,
      "e_m": 0.5317622144363965
    }
  },
  "dist_summary": {
    "axes": {
      "m": {
        "n": 935,
        "nan_frac": 0.0,
        "mean": -0.09832267672007775,
        "median": -0.026690678671002388,
        "std": 0.7746107224598162,
        "iqr": 0.9101084321737289,
        "mad": 0.45956198684871197,
        "mad_sigma": 0.6813466017019003,
        "skewness": -1.2878046200729676,
        "kurtosis_excess": 4.433228209190584,
        "delta_mean_median": -0.07163199804907536
      },
      "d": {
        "n": 935,
        "nan_frac": 0.0,
        "mean": 0.057215425542202145,
        "median": 0.05161131173372269,
        "std": 0.7292632128418559,
        "iqr": 0.9538796842098236,
        "mad": 0.47759705036878586,
        "mad_sigma": 0.7080853868767619,
        "skewness": -0.18284709904846735,
        "kurtosis_excess": 0.4671725108982554,
        "delta_mean_median": 0.005604113808479458
      },
      "e": {
        "n": 935,
        "nan_frac": 0.0,
        "mean": 0.11154355712603518,
        "median": 0.06375553458929062,
        "std": 0.7466221754322024,
        "iqr": 0.8796888738870621,
        "mad": 0.4364799037575722,
        "mad_sigma": 0.6471251053109764,
        "skewness": 0.5830040376369806,
        "kurtosis_excess": 1.3942785768492376,
        "delta_mean_median": 0.047788022536744565
      }
    },
    "subcoords": {
      "m_a": {
        "n": 935,
        "nan_frac": 0.0,
        "mean": -0.35899533616269336,
        "median": 0.005377672612667084,
        "std": 1.4056263979884018,
        "iqr": 1.3888564705848694,
        "mad": 0.6458767428994179,
        "mad_sigma": 0.9575768590226769,
        "skewness": -1.6171009613842497,
        "kurtosis_excess": 2.9499119379058287,
        "delta_mean_median": -0.36437300877536044
      },
      "m_e": {
        "n": 935,
        "nan_frac": 0.0,
        "mean": -0.15293975846903718,
        "median": 0.0,
        "std": 1.104537190226443,
        "iqr": 1.3430821597576141,
        "mad": 0.674490749835968,
        "mad_sigma": 0.9999999857068061,
        "skewness": -1.0820286309006621,
        "kurtosis_excess": 2.685341591602171,
        "delta_mean_median": -0.15293975846903718
      },
      "m_o": {
        "n": 935,
        "nan_frac": 0.0,
        "mean": 0.32758055338411923,
        "median": 0.0,
        "std": 1.4502701541535465,
        "iqr": 1.4039525985717773,
        "mad": 0.674490749835968,
        "mad_sigma": 0.9999999857068061,
        "skewness": 1.8205173892831052,
        "kurtosis_excess": 4.035329060336954,
        "delta_mean_median": 0.32758055338411923
      },
      "d_n": {
        "n": 935,
        "nan_frac": 0.0,
        "mean": 0.23940223205939215,
        "median": 0.0,
        "std": 1.122270066129043,
        "iqr": 1.49696484208107,
        "mad": 0.674490749835968,
        "mad_sigma": 0.9999999857068061,
        "skewness": 0.9624316205252029,
        "kurtosis_excess": 0.887946136149619,
        "delta_mean_median": 0.23940223205939215
      },
      "d_l": {
        "n": 935,
        "nan_frac": 0.0,
        "mean": -0.07787500484230216,
        "median": 0.0,
        "std": 1.101475848816794,
        "iqr": 1.3478364646434784,
        "mad": 0.674490749835968,
        "mad_sigma": 0.9999999857068061,
        "skewness": -0.7298848324335508,
        "kurtosis_excess": 1.5433368380249544,
        "delta_mean_median": -0.07787500484230216
      },
      "d_s": {
        "n": 935,
        "nan_frac": 0.0,
        "mean": 0.12750380360944705,
        "median": 0.0,
        "std": 1.170042709060842,
        "iqr": 1.3634553253650665,
        "mad": 0.674490749835968,
        "mad_sigma": 0.9999999857068061,
        "skewness": 0.8765022732664309,
        "kurtosis_excess": 2.355901862593349,
        "delta_mean_median": 0.12750380360944705
      },
      "e_e": {
        "n": 935,
        "nan_frac": 0.0,
        "mean": -0.0033990546851169895,
        "median": 0.0,
        "std": 0.9967485569597263,
        "iqr": 1.3282078206539154,
        "mad": 0.6744906902313232,
        "mad_sigma": 0.9999998973369598,
        "skewness": -0.05719734810285838,
        "kurtosis_excess": -0.08697581318913228,
        "delta_mean_median": -0.0033990546851169895
      },
      "e_s": {
        "n": 935,
        "nan_frac": 0.0,
        "mean": 0.254671301287076,
        "median": 0.0,
        "std": 1.3705834497419953,
        "iqr": 1.3792591989040375,
        "mad": 0.674490749835968,
        "mad_sigma": 0.9999999857068061,
        "skewness": 1.7657249356154858,
        "kurtosis_excess": 4.4578172460720795,
        "delta_mean_median": 0.254671301287076
      },
      "e_m": {
        "n": 935,
        "nan_frac": 0.0,
        "mean": 0.41027769003596337,
        "median": 0.0,
        "std": 1.5232852948359508,
        "iqr": 1.538448691368103,
        "mad": 0.674490749835968,
        "mad_sigma": 0.9999999857068061,
        "skewness": 1.473468371102034,
        "kurtosis_excess": 2.275200157266241,
        "delta_mean_median": 0.41027769003596337
      }
    }
  },
  "entropy_provisional": {},
  "geometry_contract": {
    "policy_version": "standard_invalidity_v1",
    "status": "ok",
    "primary_requires_coords_9d": true,
    "shared_time_grid": {
      "epochs_before_policy": 935,
      "epochs_retained": 935,
      "epochs_dropped": 0,
      "drop_fraction": 0.0,
      "dropped_epoch_indices_preview": [],
      "drop_reason_counts": {
        "mnps_3d_nonfinite_rows": 0,
        "coords_9d_nonfinite_rows_affecting_primary": 0
      }
    },
    "mnps_3d": {
      "finite_row_fraction_before": 1.0,
      "nonfinite_row_count": 0,
      "degenerate_axes": [],
      "all_nan_axes": []
    },
    "coords_9d": {
      "available": true,
      "shape_matches_time_grid": true,
      "finite_row_fraction_before": 1.0,
      "nonfinite_row_count": 0,
      "nonfinite_rows_retained_on_shared_grid": 0,
      "degenerate_axes": [],
      "all_nan_axes": []
    },
    "time_grid": {
      "status": "ok",
      "warnings": [],
      "window_count": 935,
      "finite_window_bounds_fraction": 1.0,
      "dt_source": "window_start",
      "dt_sec_runtime": 4.0,
      "dt_sec_config": 4.0,
      "window_sec_config": 8.0,
      "dt_matches_runtime": true,
      "dt_matches_config_formula": true,
      "window_len_matches_config": true,
      "nonpositive_dt_count": 0,
      "nonpositive_window_len_count": 0,
      "dt_intervals_sec": {
        "n": 934,
        "mean": 4.0,
        "median": 4.0,
        "iqr": 0.0,
        "p95": 4.0,
        "max": 4.0
      },
      "window_lengths_sec": {
        "n": 935,
        "mean": 8.0,
        "median": 8.0,
        "iqr": 0.0,
        "p95": 8.0,
        "max": 8.0
      }
    },