{
  "dataset_id": "ds004511:sub-S201223:ses-01_gambling_run-01",
  "subject": "sub-S201223",
  "session": "ses-01",
  "reliability_axes": {
    "m": 0.7342886719071141,
    "d": 0.808264059184567,
    "e": 0.627807286363554
  },
  "reliability_subcoords": {
    "m_a": 0.7885118311871754,
    "m_e": 0.6396861585446457,
    "m_o": 0.5227789104673756,
    "d_n": 0.8506280055171677,
    "d_l": 0.814367557106758,
    "d_s": 0.4098552503640021,
    "e_e": 0.890581987015139,
    "e_s": 0.7597722845159024,
    "e_m": 0.542360918038922
  }
}