{
  "dataset_id": "ds004511:sub-S201223:ses-01_gambling_run-01",
  "subject": "sub-S201223",
  "session": "ses-01",
  "coverage": {
    "epochs": 954,
    "seconds": 3816.0
  },
  "artifacts": {
    "methods": [
      "ica"
    ],
    "bad_eeg_channels": [
      "Batt_0",
      "Batt_1",
      "Batt_2",
      "Batt_3",
      "Gnd-Ref",
      "Gnd-Ref1",
      "Gnd-Ref2",
      "Gnd-Ref3",
      "Ref",
      "Sync"
    ],
    "n_bad_eeg_channels": 10,
    "stem_collisions": {}
  },
  "ensemble": {
    "var_by_subcoord": {
      "m_a": 6.852881779195741e-05,
      "m_e": 2.6179677170009392e-15,
      "m_o": 1.0224691407401901e-14,
      "d_n": 2.8592202763126195e-15,
      "d_l": 2.543867623060886e-14,
      "d_s": 6.22409042301585e-15,
      "e_e": 7.422826459393961e-13,
      "e_s": 5.3061962240535596e-14,
      "e_m": 0.0
    },
    "var_mean": 7.61431318162963e-06,
    "var_max": 6.852881779195741e-05
  },
  "reliability": {
    "axes": {
      "m": 0.7342886719071141,
      "d": 0.808264059184567,
      "e": 0.627807286363554
    },
    "subcoords": {
      "m_a": 0.7885118311871754,
      "m_e": 0.6396861585446457,
      "m_o": 0.5227789104673756,
      "d_n": 0.8506280055171677,
      "d_l": 0.814367557106758,
      "d_s": 0.4098552503640021,
      "e_e": 0.890581987015139,
      "e_s": 0.7597722845159024,
      "e_m": 0.542360918038922
    }
  },
  "dist_summary": {
    "axes": {
      "m": {
        "n": 954,
        "nan_frac": 0.0,
        "mean": -0.13999599790798775,
        "median": -0.006313531426712871,
        "std": 1.0383281069018664,
        "iqr": 1.0113939344882965,
        "mad": 0.5049150437116623,
        "mad_sigma": 0.7485870438069104,
        "skewness": -1.5082467502142254,
        "kurtosis_excess": 3.8541758766254786,
        "delta_mean_median": -0.13368246648127488
      },
      "d": {
        "n": 954,
        "nan_frac": 0.0,
        "mean": 0.17534934550565737,
        "median": 0.042491545900702477,
        "std": 0.9430800593714217,
        "iqr": 0.988373763859272,
        "mad": 0.46899101696908474,
        "mad_sigma": 0.695326081758365,
        "skewness": 0.7614652857740969,
        "kurtosis_excess": 0.9420767509937602,
        "delta_mean_median": 0.1328577996049549
      },
      "e": {
        "n": 954,
        "nan_frac": 0.0,
        "mean": 0.16903329902317324,
        "median": 0.13965098559856415,
        "std": 0.605526646468859,
        "iqr": 0.6867558769881725,
        "mad": 0.3423065021634102,
        "mad_sigma": 0.507503620107472,
        "skewness": 0.5976831590799532,
        "kurtosis_excess": 2.467092405062978,
        "delta_mean_median": 0.02938231342460909
      }
    },
    "subcoords": {
      "m_a": {
        "n": 954,
        "nan_frac": 0.0,
        "mean": -0.30145026844549355,
        "median": 0.007569044828414917,
        "std": 1.4529238789550425,
        "iqr": 1.122388407588005,
        "mad": 0.5649390816688538,
        "mad_sigma": 0.8375786824822425,
        "skewness": -2.144544055641105,
        "kurtosis_excess": 5.514232240985283,
        "delta_mean_median": -0.30901931327390847
      },
      "m_e": {
        "n": 954,
        "nan_frac": 0.0,
        "mean": -0.1956323766417067,
        "median": 0.0,
        "std": 1.2283527173183444,
        "iqr": 1.3502749353647232,
        "mad": 0.6744907796382904,
        "mad_sigma": 1.0000000298917293,
        "skewness": -1.2539379454115347,
        "kurtosis_excess": 2.439811614650461,
        "delta_mean_median": -0.1956323766417067
      },
      "m_o": {
        "n": 954,
        "nan_frac": 0.0,
        "mean": 0.15045212685014364,
        "median": 1.1583324521780014e-07,
        "std": 1.0940932134990806,
        "iqr": 1.3714649230241776,
        "mad": 0.6744907796382904,
        "mad_sigma": 1.0000000298917293,
        "skewness": 0.9858592166841419,
        "kurtosis_excess": 2.4589953406492677,
        "delta_mean_median": 0.15045201101689842
      },
      "d_n": {
        "n": 954,
        "nan_frac": 0.0,
        "mean": 0.325036098979415,
        "median": -1.9467552192509174e-07,
        "std": 1.225704208287586,
        "iqr": 1.5719968527555466,
        "mad": 0.6744906147650909,
        "mad_sigma": 0.9999997854507237,
        "skewness": 0.9695099155144417,
        "kurtosis_excess": 0.6446922509904622,
        "delta_mean_median": 0.3250362936549369
      },
      "d_l": {
        "n": 954,
        "nan_frac": 0.0,
        "mean": 0.052228850847138464,
        "median": 0.0,
        "std": 1.530455402279073,
        "iqr": 1.353581964969635,
        "mad": 0.674490749835968,
        "mad_sigma": 0.9999999857068061,
        "skewness": -0.18081888855152986,
        "kurtosis_excess": 1.9770298717111432,
        "delta_mean_median": 0.052228850847138464
      },
      "d_s": {
        "n": 954,
        "nan_frac": 0.0,
        "mean": 0.2686187224616384,
        "median": 0.0,
        "std": 1.267024324948796,
        "iqr": 1.3596328049898148,
        "mad": 0.674490749835968,
        "mad_sigma": 0.9999999857068061,
        "skewness": 1.4540340515081065,
        "kurtosis_excess": 3.0971455744314333,
        "delta_mean_median": 0.2686187224616384
      },
      "e_e": {
        "n": 954,
        "nan_frac": 0.0,
        "mean": 0.07531305599434934,
        "median": -1.5114783309400082e-06,
        "std": 1.176783706101466,
        "iqr": 1.3464860320091248,
        "mad": 0.6744892383576371,
        "mad_sigma": 0.9999977447890327,
        "skewness": -0.2049467223646019,
        "kurtosis_excess": 1.0939635604044886,
        "delta_mean_median": 0.07531456747268028
      },
      "e_s": {
        "n": 954,
        "nan_frac": 0.0,
        "mean": 0.29942681863674586,
        "median": -3.698514774441719e-07,
        "std": 1.6423160106761658,
        "iqr": 1.3352979123592377,
        "mad": 0.6744911196874455,
        "mad_sigma": 1.0000005340486067,
        "skewness": 1.7383863235288368,
        "kurtosis_excess": 3.9042727201315293,
        "delta_mean_median": 0.2994271884882233
      },
      "e_m": {
        "n": 954,
        "nan_frac": 0.0,
        "mean": 0.1296411866958661,
        "median": 0.0,
        "std": 1.1337677759338627,
        "iqr": 1.3460096716880798,
        "mad": 0.6744905412197113,
        "mad_sigma": 0.9999996764123439,
        "skewness": 1.0067623223982445,
        "kurtosis_excess": 1.7322289574306868,
        "delta_mean_median": 0.1296411866958661
      }
    }
  },
  "entropy_provisional": {},
  "geometry_contract": {
    "policy_version": "standard_invalidity_v1",
    "status": "ok",
    "primary_requires_coords_9d": true,
    "shared_time_grid": {
      "epochs_before_policy": 954,
      "epochs_retained": 954,
      "epochs_dropped": 0,
      "drop_fraction": 0.0,
      "dropped_epoch_indices_preview": [],
      "drop_reason_counts": {
        "mnps_3d_nonfinite_rows": 0,
        "coords_9d_nonfinite_rows_affecting_primary": 0
      }
    },
    "mnps_3d": {
      "finite_row_fraction_before": 1.0,
      "nonfinite_row_count": 0,
      "degenerate_axes": [],
      "all_nan_axes": []
    },
    "coords_9d": {
      "available": true,
      "shape_matches_time_grid": true,
      "finite_row_fraction_before": 1.0,
      "nonfinite_row_count": 0,
      "nonfinite_rows_retained_on_shared_grid": 0,
      "degenerate_axes": [],
      "all_nan_axes": []
    },
    "time_grid": {
      "status": "ok",
      "warnings": [],
      "window_count": 954,
      "finite_window_bounds_fraction": 1.0,
      "dt_source": "window_start",
      "dt_sec_runtime": 4.0,
      "dt_sec_config": 4.0,
      "window_sec_config": 8.0,
      "dt_matches_runtime": true,
      "dt_matches_config_formula": true,
      "window_len_matches_config": true,
      "nonpositive_dt_count": 0,
      "nonpositive_window_len_count": 0,
      "dt_intervals_sec": {
        "n": 953,
        "mean": 4.0,
        "median": 4.0,
        "iqr": 0.0,
        "p95": 4.0,
        "max": 4.0
      },