{
  "dataset_id": "ds004511:sub-S200116:ses-01_cognitive_control_run-01",
  "subject": "sub-S200116",
  "session": "ses-01",
  "reliability_axes": {
    "m": 0.6970141239582339,
    "d": 0.7222749639078319,
    "e": 0.5548027009112444
  },
  "reliability_subcoords": {
    "m_a": 0.6886782415568033,
    "m_e": 0.7471958687134489,
    "m_o": 0.7253728283489617,
    "d_n": 0.8424349426301738,
    "d_l": 0.7184227026801808,
    "d_s": 0.7239943585363608,
    "e_e": 0.5325178490318211,
    "e_s": 0.7203163815725673,
    "e_m": 0.5425563291081873
  }
}