{
  "dataset_id": "ds004511:sub-S200116:ses-01_cognitive_control_run-01",
  "subject": "sub-S200116",
  "session": "ses-01",
  "coverage": {
    "epochs": 227,
    "seconds": 908.0
  },
  "artifacts": {
    "methods": [
      "ica"
    ],
    "bad_eeg_channels": [
      "Batt_0",
      "Batt_1",
      "Batt_2",
      "Batt_3",
      "Gnd-Ref",
      "Gnd-Ref1",
      "Gnd-Ref2",
      "Gnd-Ref3",
      "Ref",
      "Sync"
    ],
    "n_bad_eeg_channels": 10,
    "stem_collisions": {}
  },
  "ensemble": {
    "var_by_subcoord": {
      "m_a": 0.0002160926815122366,
      "m_e": 0.0,
      "m_o": 0.0,
      "d_n": 0.0,
      "d_l": 0.0,
      "d_s": 0.0,
      "e_e": 0.0,
      "e_s": 0.0,
      "e_m": 0.0
    },
    "var_mean": 2.4010297945804065e-05,
    "var_max": 0.0002160926815122366
  },
  "reliability": {
    "axes": {
      "m": 0.6970141239582339,
      "d": 0.7222749639078319,
      "e": 0.5548027009112444
    },
    "subcoords": {
      "m_a": 0.6886782415568033,
      "m_e": 0.7471958687134489,
      "m_o": 0.7253728283489617,
      "d_n": 0.8424349426301738,
      "d_l": 0.7184227026801808,
      "d_s": 0.7239943585363608,
      "e_e": 0.5325178490318211,
      "e_s": 0.7203163815725673,
      "e_m": 0.5425563291081873
    }
  },
  "dist_summary": {
    "axes": {
      "m": {
        "n": 227,
        "nan_frac": 0.0,
        "mean": -0.09137507620532197,
        "median": 0.030157282948493958,
        "std": 0.9564771215784811,
        "iqr": 1.162150353193283,
        "mad": 0.5587958544492722,
        "mad_sigma": 0.8284707338064908,
        "skewness": -0.9564559543411492,
        "kurtosis_excess": 1.7607181753573125,
        "delta_mean_median": -0.12153235915381592
      },
      "d": {
        "n": 227,
        "nan_frac": 0.0,
        "mean": -0.03473811956339963,
        "median": 0.015883104875683784,
        "std": 0.7358334447501845,
        "iqr": 0.8657549172639847,
        "mad": 0.43038459308445454,
        "mad_sigma": 0.6380881977070123,
        "skewness": -0.34359363639629403,
        "kurtosis_excess": 0.6870593083505301,
        "delta_mean_median": -0.050621224439083415
      },
      "e": {
        "n": 227,
        "nan_frac": 0.0,
        "mean": 0.07054357667092545,
        "median": 0.10620792210102081,
        "std": 0.6450336504717905,
        "iqr": 0.817561462521553,
        "mad": 0.4083013981580734,
        "mad_sigma": 0.6053476529091596,
        "skewness": -0.13429927302988529,
        "kurtosis_excess": 0.9948623195094259,
        "delta_mean_median": -0.03566434543009536
      }
    },
    "subcoords": {
      "m_a": {
        "n": 227,
        "nan_frac": 0.0,
        "mean": -0.05887424100666319,
        "median": 0.07684951275587082,
        "std": 1.1347600538304166,
        "iqr": 1.3523741364479065,
        "mad": 0.6793208047747612,
        "mad_sigma": 1.0071610251590608,
        "skewness": -1.2150484593796584,
        "kurtosis_excess": 3.570648651099674,
        "delta_mean_median": -0.135723753762534
      },
      "m_e": {
        "n": 227,
        "nan_frac": 0.0,
        "mean": -0.21715652633515814,
        "median": 0.0,
        "std": 1.195914897029733,
        "iqr": 1.364887148141861,
        "mad": 0.674490749835968,
        "mad_sigma": 0.9999999857068061,
        "skewness": -1.033623144459184,
        "kurtosis_excess": 1.2045447454915044,
        "delta_mean_median": -0.21715652633515814
      },
      "m_o": {
        "n": 227,
        "nan_frac": 0.0,
        "mean": 0.017578877537359486,
        "median": 0.0,
        "std": 1.0951254221243285,
        "iqr": 1.3530332744121552,
        "mad": 0.674490749835968,
        "mad_sigma": 0.9999999857068061,
        "skewness": 0.3330392180100604,
        "kurtosis_excess": 0.8023044035667177,
        "delta_mean_median": 0.017578877537359486
      },
      "d_n": {
        "n": 227,
        "nan_frac": 0.0,
        "mean": 0.24266311925546663,
        "median": 0.0,
        "std": 1.370307313097797,
        "iqr": 1.3455781042575836,
        "mad": 0.674490749835968,
        "mad_sigma": 0.9999999857068061,
        "skewness": 1.7778632660032756,
        "kurtosis_excess": 4.316485775780893,
        "delta_mean_median": 0.24266311925546663
      },
      "d_l": {
        "n": 227,
        "nan_frac": 0.0,
        "mean": -0.3269938354519922,
        "median": 0.0,
        "std": 1.3688632800606206,
        "iqr": 1.381952166557312,
        "mad": 0.674490749835968,
        "mad_sigma": 0.9999999857068061,
        "skewness": -1.386153602228388,
        "kurtosis_excess": 2.358910151944608,
        "delta_mean_median": -0.3269938354519922
      },
      "d_s": {
        "n": 227,
        "nan_frac": 0.0,
        "mean": 0.32579424417791025,
        "median": 0.0,
        "std": 1.5584866928457903,
        "iqr": 1.358367919921875,
        "mad": 0.674490749835968,
        "mad_sigma": 0.9999999857068061,
        "skewness": 2.091240681690122,
        "kurtosis_excess": 4.9527887357731375,
        "delta_mean_median": 0.32579424417791025
      },
      "e_e": {
        "n": 227,
        "nan_frac": 0.0,
        "mean": -0.0887212859936436,
        "median": 0.0,
        "std": 0.9040980172190048,
        "iqr": 1.301289975643158,
        "mad": 0.674490749835968,
        "mad_sigma": 0.9999999857068061,
        "skewness": -0.4471928982487304,
        "kurtosis_excess": 0.016027780742115194,
        "delta_mean_median": -0.0887212859936436
      },
      "e_s": {
        "n": 227,
        "nan_frac": 0.0,
        "mean": 0.2848265533077034,
        "median": 0.0,
        "std": 1.4212422719947437,
        "iqr": 1.3890182673931122,
        "mad": 0.674490749835968,
        "mad_sigma": 0.9999999857068061,
        "skewness": 1.385371402484997,
        "kurtosis_excess": 2.972551894345261,
        "delta_mean_median": 0.2848265533077034
      },
      "e_m": {
        "n": 227,
        "nan_frac": 0.0,
        "mean": 0.15453349803841063,
        "median": 0.0,
        "std": 1.0668261200999094,
        "iqr": 1.4138786494731903,
        "mad": 0.6744906902313232,
        "mad_sigma": 0.9999998973369598,
        "skewness": 0.5238338126564928,
        "kurtosis_excess": 0.027806752657101086,
        "delta_mean_median": 0.15453349803841063
      }
    }
  },
  "entropy_provisional": {},
  "geometry_contract": {
    "policy_version": "standard_invalidity_v1",
    "status": "ok",
    "primary_requires_coords_9d": true,
    "shared_time_grid": {
      "epochs_before_policy": 227,
      "epochs_retained": 227,
      "epochs_dropped": 0,
      "drop_fraction": 0.0,
      "dropped_epoch_indices_preview": [],
      "drop_reason_counts": {
        "mnps_3d_nonfinite_rows": 0,
        "coords_9d_nonfinite_rows_affecting_primary": 0
      }
    },
    "mnps_3d": {
      "finite_row_fraction_before": 1.0,
      "nonfinite_row_count": 0,
      "degenerate_axes": [],
      "all_nan_axes": []
    },
    "coords_9d": {
      "available": true,
      "shape_matches_time_grid": true,
      "finite_row_fraction_before": 1.0,
      "nonfinite_row_count": 0,
      "nonfinite_rows_retained_on_shared_grid": 0,
      "degenerate_axes": [],
      "all_nan_axes": []
    },
    "time_grid": {
      "status": "ok",
      "warnings": [],
      "window_count": 227,
      "finite_window_bounds_fraction": 1.0,
      "dt_source": "window_start",
      "dt_sec_runtime": 4.0,
      "dt_sec_config": 4.0,
      "window_sec_config": 8.0,
      "dt_matches_runtime": true,
      "dt_matches_config_formula": true,
      "window_len_matches_config": true,
      "nonpositive_dt_count": 0,
      "nonpositive_window_len_count": 0,
      "dt_intervals_sec": {
        "n": 226,
        "mean": 4.0,
        "median": 4.0,
        "iqr": 0.0,
        "p95": 4.0,
        "max": 4.0
      },
      "window_lengths_sec": {
        "n": 227,
        "mean": 8.0,
        "median": 8.0,
        "iqr": 0.0,
        "p95": 8.0,
        "max": 8.0
      }
    },