{
  "dataset_id": "ds004511:sub-S210203:ses-01_gambling_run-01",
  "subject": "sub-S210203",
  "session": "ses-01",
  "reliability_axes": {
    "m": 0.48034766335586254,
    "d": 0.6547294266820798,
    "e": 0.5982377473066042
  },
  "reliability_subcoords": {
    "m_a": 0.572277968961604,
    "m_e": 0.4591748984681713,
    "m_o": 0.4911992179749598,
    "d_n": 0.5884611687208838,
    "d_l": 0.5731713152664696,
    "d_s": 0.4851819506129725,
    "e_e": 0.5941330911243548,
    "e_s": 0.5930524449187677,
    "e_m": 0.5035990321877736
  }
}