{
  "dataset_id": "ds004511:sub-S210203:ses-01_gambling_run-01",
  "subject": "sub-S210203",
  "session": "ses-01",
  "coverage": {
    "epochs": 901,
    "seconds": 3604.0
  },
  "artifacts": {
    "methods": [
      "ica"
    ],
    "bad_eeg_channels": [
      "Batt_0",
      "Batt_1",
      "Batt_2",
      "Batt_3",
      "Gnd-Ref",
      "Gnd-Ref1",
      "Gnd-Ref2",
      "Gnd-Ref3",
      "Ref",
      "Sync"
    ],
    "n_bad_eeg_channels": 10,
    "stem_collisions": {}
  },
  "ensemble": {
    "var_by_subcoord": {
      "m_a": 0.0005005053244531155,
      "m_e": 0.0,
      "m_o": 0.0,
      "d_n": 0.0,
      "d_l": 0.0,
      "d_s": 0.0,
      "e_e": 0.0,
      "e_s": 0.0,
      "e_m": 0.0
    },
    "var_mean": 5.561170271701283e-05,
    "var_max": 0.0005005053244531155
  },
  "reliability": {
    "axes": {
      "m": 0.48034766335586254,
      "d": 0.6547294266820798,
      "e": 0.5982377473066042
    },
    "subcoords": {
      "m_a": 0.572277968961604,
      "m_e": 0.4591748984681713,
      "m_o": 0.4911992179749598,
      "d_n": 0.5884611687208838,
      "d_l": 0.5731713152664696,
      "d_s": 0.4851819506129725,
      "e_e": 0.5941330911243548,
      "e_s": 0.5930524449187677,
      "e_m": 0.5035990321877736
    }
  },
  "dist_summary": {
    "axes": {
      "m": {
        "n": 901,
        "nan_frac": 0.0,
        "mean": -0.12422096559849695,
        "median": 0.01275729201734066,
        "std": 0.87389248878417,
        "iqr": 1.0563105940818787,
        "mad": 0.5048693623393774,
        "mad_sigma": 0.7485193166043609,
        "skewness": -0.7114372464937385,
        "kurtosis_excess": 0.5427364662061733,
        "delta_mean_median": -0.1369782576158376
      },
      "d": {
        "n": 901,
        "nan_frac": 0.0,
        "mean": 0.051265991947584716,
        "median": 0.06551795452833176,
        "std": 0.609308036293858,
        "iqr": 0.6198641806840897,
        "mad": 0.31156904250383377,
        "mad_sigma": 0.4619322624161839,
        "skewness": -0.9029782913634022,
        "kurtosis_excess": 5.329950328632814,
        "delta_mean_median": -0.01425196258074704
      },
      "e": {
        "n": 901,
        "nan_frac": 0.0,
        "mean": 0.12267063869612775,
        "median": 0.04551507905125618,
        "std": 0.7166851291039316,
        "iqr": 0.7531581521034241,
        "mad": 0.37706615403294563,
        "mad_sigma": 0.5590382799692452,
        "skewness": 1.130412877206617,
        "kurtosis_excess": 2.631320947838786,
        "delta_mean_median": 0.07715555964487157
      }
    },
    "subcoords": {
      "m_a": {
        "n": 901,
        "nan_frac": 0.0,
        "mean": -0.19292111283314975,
        "median": 0.021384507417678833,
        "std": 1.1970104546426301,
        "iqr": 1.2576842308044434,
        "mad": 0.6290356814861298,
        "mad_sigma": 0.9326083013713359,
        "skewness": -1.4321877636007032,
        "kurtosis_excess": 3.2132632131360745,
        "delta_mean_median": -0.21430562025082858
      },
      "m_e": {
        "n": 901,
        "nan_frac": 0.0,
        "mean": -0.17686704023132363,
        "median": 0.0,
        "std": 1.1829111690374017,
        "iqr": 1.344273328781128,
        "mad": 0.674490749835968,
        "mad_sigma": 0.9999999857068061,
        "skewness": -1.2865824538596442,
        "kurtosis_excess": 2.9733656096408954,
        "delta_mean_median": -0.17686704023132363
      },
      "m_o": {
        "n": 901,
        "nan_frac": 0.0,
        "mean": 0.034777774255709146,
        "median": 0.0,
        "std": 1.1413187925433494,
        "iqr": 1.3425788879394531,
        "mad": 0.674490749835968,
        "mad_sigma": 0.9999999857068061,
        "skewness": 0.26565826440747586,
        "kurtosis_excess": 0.663918250215382,
        "delta_mean_median": 0.034777774255709146
      },
      "d_n": {
        "n": 901,
        "nan_frac": 0.0,
        "mean": 0.24242606733074387,
        "median": 0.0,
        "std": 1.362229716975557,
        "iqr": 1.3742363452911377,
        "mad": 0.674490749835968,
        "mad_sigma": 0.9999999857068061,
        "skewness": 1.5296274399464023,
        "kurtosis_excess": 3.6550260636705323,
        "delta_mean_median": 0.24242606733074387
      },
      "d_l": {
        "n": 901,
        "nan_frac": 0.0,
        "mean": -0.19731729246055324,
        "median": 0.0,
        "std": 1.283731250648666,
        "iqr": 1.3510926961898804,
        "mad": 0.674490749835968,
        "mad_sigma": 0.9999999857068061,
        "skewness": -1.0878262219384818,
        "kurtosis_excess": 3.2453207785917515,
        "delta_mean_median": -0.19731729246055324
      },
      "d_s": {
        "n": 901,
        "nan_frac": 0.0,
        "mean": 0.43790260391926433,
        "median": 0.0,
        "std": 1.5896280681883317,
        "iqr": 1.4136410355567932,
        "mad": 0.674490749835968,
        "mad_sigma": 0.9999999857068061,
        "skewness": 1.9179657220780557,
        "kurtosis_excess": 3.7046953868151773,
        "delta_mean_median": 0.43790260391926433
      },
      "e_e": {
        "n": 901,
        "nan_frac": 0.0,
        "mean": -0.04713377278087791,
        "median": 0.0,
        "std": 1.086293924809703,
        "iqr": 1.3343483209609985,
        "mad": 0.6744906902313232,
        "mad_sigma": 0.9999998973369598,
        "skewness": -0.229823494782585,
        "kurtosis_excess": 0.784379941562757,
        "delta_mean_median": -0.04713377278087791
      },
      "e_s": {
        "n": 901,
        "nan_frac": 0.0,
        "mean": 0.35148801593094203,
        "median": 0.0,
        "std": 1.5508980892233346,
        "iqr": 1.3978606462478638,
        "mad": 0.674490749835968,
        "mad_sigma": 0.9999999857068061,
        "skewness": 1.7873060916586485,
        "kurtosis_excess": 3.962579450803905,
        "delta_mean_median": 0.35148801593094203
      },
      "e_m": {
        "n": 901,
        "nan_frac": 0.0,
        "mean": 0.2049035235798063,
        "median": 0.0,
        "std": 1.171738520937141,
        "iqr": 1.3517904877662659,
        "mad": 0.6744906902313232,
        "mad_sigma": 0.9999998973369598,
        "skewness": 1.5575830685258174,
        "kurtosis_excess": 4.303516306117858,
        "delta_mean_median": 0.2049035235798063
      }
    }
  },
  "entropy_provisional": {},
  "geometry_contract": {
    "policy_version": "standard_invalidity_v1",
    "status": "ok",
    "primary_requires_coords_9d": true,
    "shared_time_grid": {
      "epochs_before_policy": 901,
      "epochs_retained": 901,
      "epochs_dropped": 0,
      "drop_fraction": 0.0,
      "dropped_epoch_indices_preview": [],
      "drop_reason_counts": {
        "mnps_3d_nonfinite_rows": 0,
        "coords_9d_nonfinite_rows_affecting_primary": 0
      }
    },
    "mnps_3d": {
      "finite_row_fraction_before": 1.0,
      "nonfinite_row_count": 0,
      "degenerate_axes": [],
      "all_nan_axes": []
    },
    "coords_9d": {
      "available": true,
      "shape_matches_time_grid": true,
      "finite_row_fraction_before": 1.0,
      "nonfinite_row_count": 0,
      "nonfinite_rows_retained_on_shared_grid": 0,
      "degenerate_axes": [],
      "all_nan_axes": []
    },
    "time_grid": {
      "status": "ok",
      "warnings": [],
      "window_count": 901,
      "finite_window_bounds_fraction": 1.0,
      "dt_source": "window_start",
      "dt_sec_runtime": 4.0,
      "dt_sec_config": 4.0,
      "window_sec_config": 8.0,
      "dt_matches_runtime": true,
      "dt_matches_config_formula": true,
      "window_len_matches_config": true,
      "nonpositive_dt_count": 0,
      "nonpositive_window_len_count": 0,
      "dt_intervals_sec": {
        "n": 900,
        "mean": 4.0,
        "median": 4.0,
        "iqr": 0.0,
        "p95": 4.0,
        "max": 4.0
      },
      "window_lengths_sec": {
        "n": 901,
        "mean": 8.0,
        "median": 8.0,
        "iqr": 0.0,
        "p95": 8.0,
        "max": 8.0
      }
    },