{
  "dataset_id": "ds004511:sub-S210225:ses-01_rest_run-01",
  "subject": "sub-S210225",
  "session": "ses-01",
  "reliability_axes": {
    "m": 0.5090360847198299,
    "d": 0.40200205450948123,
    "e": 0.3123024247114387
  },
  "reliability_subcoords": {
    "m_a": 0.35304403222075176,
    "m_e": 0.6202881071175951,
    "m_o": 0.7317121492506701,
    "d_n": 0.6993103453030495,
    "d_l": 0.3405121550865305,
    "d_s": 0.42842463801061903,
    "e_e": 0.6357522463224905,
    "e_s": 0.16758914669269537,
    "e_m": 0.45775248462527807
  }
}