{
  "dataset_id": "ds004511:sub-S210225:ses-01_rest_run-01",
  "subject": "sub-S210225",
  "session": "ses-01",
  "coverage": {
    "epochs": 126,
    "seconds": 504.0
  },
  "artifacts": {
    "methods": [
      "ica"
    ],
    "bad_eeg_channels": [
      "Batt_0",
      "Batt_1",
      "Batt_2",
      "Batt_3",
      "Foto",
      "Gnd-Ref",
      "Gnd-Ref1",
      "Gnd-Ref2",
      "Gnd-Ref3",
      "Ref",
      "Sync",
      "TPP8"
    ],
    "n_bad_eeg_channels": 12,
    "stem_collisions": {}
  },
  "ensemble": {
    "var_by_subcoord": {
      "m_a": 0.00237133982591331,
      "m_e": 7.573531645571618e-15,
      "m_o": 2.6539002522278296e-14,
      "d_n": 2.0439868940740243e-14,
      "d_l": 1.5717003978669986e-13,
      "d_s": 2.0820720364814194e-14,
      "e_e": 6.670328352165189e-13,
      "e_s": 2.3290944910561717e-13,
      "e_m": 0.0
    },
    "var_mean": 0.0002634822030050884,
    "var_max": 0.00237133982591331
  },
  "reliability": {
    "axes": {
      "m": 0.5090360847198299,
      "d": 0.40200205450948123,
      "e": 0.3123024247114387
    },
    "subcoords": {
      "m_a": 0.35304403222075176,
      "m_e": 0.6202881071175951,
      "m_o": 0.7317121492506701,
      "d_n": 0.6993103453030495,
      "d_l": 0.3405121550865305,
      "d_s": 0.42842463801061903,
      "e_e": 0.6357522463224905,
      "e_s": 0.16758914669269537,
      "e_m": 0.45775248462527807
    }
  },
  "dist_summary": {
    "axes": {
      "m": {
        "n": 126,
        "nan_frac": 0.0,
        "mean": 0.07121078099405008,
        "median": -0.02814019564539194,
        "std": 0.8352799364573382,
        "iqr": 0.869469977915287,
        "mad": 0.44543327391147614,
        "mad_sigma": 0.6603993719011545,
        "skewness": 0.3279936388364874,
        "kurtosis_excess": 0.9545454890069527,
        "delta_mean_median": 0.09935097663944202
      },
      "d": {
        "n": 126,
        "nan_frac": 0.0,
        "mean": 0.08897186942779207,
        "median": 0.04948769696056843,
        "std": 1.082734185584354,
        "iqr": 1.1175921857357025,
        "mad": 0.5355691183358431,
        "mad_sigma": 0.794034774844721,
        "skewness": -0.11937528177235683,
        "kurtosis_excess": 2.7784992291197526,
        "delta_mean_median": 0.03948417246722365
      },
      "e": {
        "n": 126,
        "nan_frac": 0.0,
        "mean": 0.16651756787997862,
        "median": 0.05602714791893959,
        "std": 0.8340488488432576,
        "iqr": 0.9350370094180107,
        "mad": 0.47094935178756714,
        "mad_sigma": 0.698229508960247,
        "skewness": 1.0814132493338349,
        "kurtosis_excess": 1.3788738157474993,
        "delta_mean_median": 0.11049041996103903
      }
    },
    "subcoords": {
      "m_a": {
        "n": 126,
        "nan_frac": 0.0,
        "mean": -0.3076357760777076,
        "median": -0.05385775305330753,
        "std": 1.4325859007507924,
        "iqr": 1.2348160147666931,
        "mad": 0.6162246856838465,
        "mad_sigma": 0.9136147189948707,
        "skewness": -1.6047886309588626,
        "kurtosis_excess": 2.9674972227074328,
        "delta_mean_median": -0.25377802302440006
      },
      "m_e": {
        "n": 126,
        "nan_frac": 0.0,
        "mean": 0.2564587845496597,
        "median": 1.816079020500183e-08,
        "std": 1.299117215344057,
        "iqr": 1.371094986796379,
        "mad": 0.6744907200336456,
        "mad_sigma": 0.999999941521883,
        "skewness": 1.7111070665915686,
        "kurtosis_excess": 5.053685350050124,
        "delta_mean_median": 0.2564587663888695
      },
      "m_o": {
        "n": 126,
        "nan_frac": 0.0,
        "mean": 0.36676296609498205,
        "median": -2.2165477275848389e-07,
        "std": 1.433055078206179,
        "iqr": 1.4568855315446854,
        "mad": 0.6744907796382904,
        "mad_sigma": 1.0000000298917293,
        "skewness": 1.736456503365209,
        "kurtosis_excess": 3.481435244756902,
        "delta_mean_median": 0.3667631877497548
      },
      "d_n": {
        "n": 126,
        "nan_frac": 0.0,
        "mean": 0.2667187712495289,
        "median": -4.908069968223572e-07,
        "std": 1.2186876769487625,
        "iqr": 1.3537057489156723,
        "mad": 0.6744912406429648,
        "mad_sigma": 1.0000007133772597,
        "skewness": 1.0833637782268841,
        "kurtosis_excess": 1.0864924649362457,
        "delta_mean_median": 0.26671926205652574
      },
      "d_l": {
        "n": 126,
        "nan_frac": 0.0,
        "mean": 0.018505140957939956,
        "median": 5.392357707023621e-07,
        "std": 1.5979139024661304,
        "iqr": 1.3405486345291138,
        "mad": 0.674490749835968,
        "mad_sigma": 0.9999999857068061,
        "skewness": -0.2936384029872553,
        "kurtosis_excess": 3.696230087879515,
        "delta_mean_median": 0.018504601722169254
      },
      "d_s": {
        "n": 126,
        "nan_frac": 0.0,
        "mean": -0.022066473495215178,
        "median": 0.0,
        "std": 1.2137609404867615,
        "iqr": 1.307148739695549,
        "mad": 0.6744907796382904,
        "mad_sigma": 1.0000000298917293,
        "skewness": 0.04977273891374922,
        "kurtosis_excess": 0.6553538496545328,
        "delta_mean_median": -0.022066473495215178
      },
      "e_e": {
        "n": 126,
        "nan_frac": 0.0,
        "mean": 0.11716443365291944,
        "median": 0.0,
        "std": 1.149068662493432,
        "iqr": 1.3544727861881256,
        "mad": 0.674490749835968,
        "mad_sigma": 0.9999999857068061,
        "skewness": 0.5702223878128724,
        "kurtosis_excess": 0.20196897800303315,
        "delta_mean_median": 0.11716443365291944
      },
      "e_s": {
        "n": 126,
        "nan_frac": 0.0,
        "mean": 0.23556574005337935,
        "median": 0.0,
        "std": 1.643619593723607,
        "iqr": 1.3576269298791885,
        "mad": 0.674490749835968,
        "mad_sigma": 0.9999999857068061,
        "skewness": 1.7094378353001345,
        "kurtosis_excess": 4.347364346911447,
        "delta_mean_median": 0.23556574005337935
      },
      "e_m": {
        "n": 126,
        "nan_frac": 0.0,
        "mean": 0.13786132671752027,
        "median": 0.0,
        "std": 1.1126234593690705,
        "iqr": 1.2996125593781471,
        "mad": 0.6744906604290009,
        "mad_sigma": 0.9999998531520367,
        "skewness": 0.4153003106255263,
        "kurtosis_excess": 0.5314092737640808,
        "delta_mean_median": 0.13786132671752027
      }
    }
  },
  "entropy_provisional": {},
  "geometry_contract": {
    "policy_version": "standard_invalidity_v1",
    "status": "ok",
    "primary_requires_coords_9d": true,
    "shared_time_grid": {
      "epochs_before_policy": 126,
      "epochs_retained": 126,
      "epochs_dropped": 0,
      "drop_fraction": 0.0,
      "dropped_epoch_indices_preview": [],
      "drop_reason_counts": {
        "mnps_3d_nonfinite_rows": 0,
        "coords_9d_nonfinite_rows_affecting_primary": 0
      }
    },
    "mnps_3d": {
      "finite_row_fraction_before": 1.0,
      "nonfinite_row_count": 0,
      "degenerate_axes": [],
      "all_nan_axes": []
    },
    "coords_9d": {
      "available": true,
      "shape_matches_time_grid": true,
      "finite_row_fraction_before": 1.0,
      "nonfinite_row_count": 0,
      "nonfinite_rows_retained_on_shared_grid": 0,
      "degenerate_axes": [],
      "all_nan_axes": []
    },
    "time_grid": {
      "status": "ok",
      "warnings": [],
      "window_count": 126,
      "finite_window_bounds_fraction": 1.0,
      "dt_source": "window_start",
      "dt_sec_runtime": 4.0,
      "dt_sec_config": 4.0,
      "window_sec_config": 8.0,
      "dt_matches_runtime": true,
      "dt_matches_config_formula": true,
      "window_len_matches_config": true,
      "nonpositive_dt_count": 0,
      "nonpositive_window_len_count": 0,
      "dt_intervals_sec": {
        "n": 125,
        "mean": 4.0,
        "median": 4.0,
        "iqr": 0.0,
        "p95": 4.0,