{
  "dataset_id": "ds004511:sub-S200306:ses-01_gambling_run-01",
  "subject": "sub-S200306",
  "session": "ses-01",
  "reliability_axes": {
    "m": 0.5096952019671789,
    "d": 0.5799889018125821,
    "e": 0.5500260820380956
  },
  "reliability_subcoords": {
    "m_a": 0.4686402955825301,
    "m_e": 0.5389039614382113,
    "m_o": 0.4521569860544369,
    "d_n": 0.5215606578512426,
    "d_l": 0.6056629670691992,
    "d_s": 0.5567033674267533,
    "e_e": 0.6744744016968797,
    "e_s": 0.5463110636547326,
    "e_m": 0.683109092826511
  }
}