{
  "dataset_id": "ds004511:sub-S200306:ses-01_gambling_run-01",
  "subject": "sub-S200306",
  "session": "ses-01",
  "coverage": {
    "epochs": 867,
    "seconds": 3468.0
  },
  "artifacts": {
    "methods": [
      "ica"
    ],
    "bad_eeg_channels": [
      "Batt_0",
      "Batt_1",
      "Batt_2",
      "Batt_3",
      "Gnd-Ref",
      "Gnd-Ref1",
      "Gnd-Ref2",
      "Gnd-Ref3",
      "Ref",
      "Sync"
    ],
    "n_bad_eeg_channels": 10,
    "stem_collisions": {}
  },
  "ensemble": {
    "var_by_subcoord": {
      "m_a": 0.001143167493864894,
      "m_e": 0.0,
      "m_o": 0.0,
      "d_n": 0.0,
      "d_l": 0.0,
      "d_s": 0.0,
      "e_e": 0.0,
      "e_s": 0.0,
      "e_m": 0.0
    },
    "var_mean": 0.00012701861042943265,
    "var_max": 0.001143167493864894
  },
  "reliability": {
    "axes": {
      "m": 0.5096952019671789,
      "d": 0.5799889018125821,
      "e": 0.5500260820380956
    },
    "subcoords": {
      "m_a": 0.4686402955825301,
      "m_e": 0.5389039614382113,
      "m_o": 0.4521569860544369,
      "d_n": 0.5215606578512426,
      "d_l": 0.6056629670691992,
      "d_s": 0.5567033674267533,
      "e_e": 0.6744744016968797,
      "e_s": 0.5463110636547326,
      "e_m": 0.683109092826511
    }
  },
  "dist_summary": {
    "axes": {
      "m": {
        "n": 867,
        "nan_frac": 0.0,
        "mean": -0.11382626526816635,
        "median": 0.018543047830462456,
        "std": 0.994334861735911,
        "iqr": 1.2161509990692139,
        "mad": 0.5958510469645262,
        "mad_sigma": 0.8834087622296065,
        "skewness": -0.8612973500221003,
        "kurtosis_excess": 1.5863306511420356,
        "delta_mean_median": -0.13236931309862882
      },
      "d": {
        "n": 867,
        "nan_frac": 0.0,
        "mean": 0.022772804225604706,
        "median": 0.047434251755476,
        "std": 0.7819507767601452,
        "iqr": 0.9067371636629105,
        "mad": 0.45156071707606316,
        "mad_sigma": 0.6694839191369713,
        "skewness": -0.007761524276586717,
        "kurtosis_excess": 1.9157734819964682,
        "delta_mean_median": -0.024661447529871292
      },
      "e": {
        "n": 867,
        "nan_frac": 0.0,
        "mean": 0.14567500626149332,
        "median": 0.06261295080184937,
        "std": 0.6920249879680397,
        "iqr": 0.8135364055633545,
        "mad": 0.40342995524406433,
        "mad_sigma": 0.5981252516448498,
        "skewness": 0.7582174311145672,
        "kurtosis_excess": 1.0846654336706534,
        "delta_mean_median": 0.08306205545964396
      }
    },
    "subcoords": {
      "m_a": {
        "n": 867,
        "nan_frac": 0.0,
        "mean": -0.1685090735887694,
        "median": -0.0018613338470458984,
        "std": 1.0762436940038012,
        "iqr": 1.2066708505153656,
        "mad": 0.6024917364120483,
        "mad_sigma": 0.8932542484045028,
        "skewness": -1.1073812787886526,
        "kurtosis_excess": 2.221615783235803,
        "delta_mean_median": -0.1666477397417235
      },
      "m_e": {
        "n": 867,
        "nan_frac": 0.0,
        "mean": -0.22579692194570364,
        "median": 0.0,
        "std": 1.3306077334942792,
        "iqr": 1.3697974979877472,
        "mad": 0.674490749835968,
        "mad_sigma": 0.9999999857068061,
        "skewness": -1.4865228654428417,
        "kurtosis_excess": 3.82705696269924,
        "delta_mean_median": -0.22579692194570364
      },
      "m_o": {
        "n": 867,
        "nan_frac": 0.0,
        "mean": 0.09836751628604712,
        "median": 0.0,
        "std": 1.2333369233392875,
        "iqr": 1.3603463470935822,
        "mad": 0.6744908094406128,
        "mad_sigma": 1.0000000740766524,
        "skewness": 0.4247673086681795,
        "kurtosis_excess": 1.279771831475661,
        "delta_mean_median": 0.09836751628604712
      },
      "d_n": {
        "n": 867,
        "nan_frac": 0.0,
        "mean": 0.2000930767060975,
        "median": 0.0,
        "std": 1.3728597606008763,
        "iqr": 1.3368967771530151,
        "mad": 0.674490749835968,
        "mad_sigma": 0.9999999857068061,
        "skewness": 1.7862369389670367,
        "kurtosis_excess": 5.248365030399416,
        "delta_mean_median": 0.2000930767060975
      },
      "d_l": {
        "n": 867,
        "nan_frac": 0.0,
        "mean": -0.18308993053455777,
        "median": 0.0,
        "std": 1.217713127198011,
        "iqr": 1.415266990661621,
        "mad": 0.674490749835968,
        "mad_sigma": 0.9999999857068061,
        "skewness": -1.3269675284761033,
        "kurtosis_excess": 3.616970329047219,
        "delta_mean_median": -0.18308993053455777
      },
      "d_s": {
        "n": 867,
        "nan_frac": 0.0,
        "mean": 0.309013165399806,
        "median": 0.0,
        "std": 1.5314106984457299,
        "iqr": 1.3457421958446503,
        "mad": 0.674490749835968,
        "mad_sigma": 0.9999999857068061,
        "skewness": 1.9578525074071176,
        "kurtosis_excess": 4.616888721786159,
        "delta_mean_median": 0.309013165399806
      },
      "e_e": {
        "n": 867,
        "nan_frac": 0.0,
        "mean": 0.015593817733220687,
        "median": 0.0,
        "std": 1.004511537387523,
        "iqr": 1.3538264632225037,
        "mad": 0.674490749835968,
        "mad_sigma": 0.9999999857068061,
        "skewness": -0.2368132121458179,
        "kurtosis_excess": 1.1116106048016485,
        "delta_mean_median": 0.015593817733220687
      },
      "e_s": {
        "n": 867,
        "nan_frac": 0.0,
        "mean": 0.3298867313834164,
        "median": 0.0,
        "std": 1.4031377243535375,
        "iqr": 1.4166822135448456,
        "mad": 0.674490749835968,
        "mad_sigma": 0.9999999857068061,
        "skewness": 1.7499726438485896,
        "kurtosis_excess": 4.129091322858543,
        "delta_mean_median": 0.3298867313834164
      },
      "e_m": {
        "n": 867,
        "nan_frac": 0.0,
        "mean": 0.02426674992228496,
        "median": 0.0,
        "std": 1.087709705916766,
        "iqr": 1.358298897743225,
        "mad": 0.6744906902313232,
        "mad_sigma": 0.9999998973369598,
        "skewness": 0.19417018527139465,
        "kurtosis_excess": 1.0358510245330574,
        "delta_mean_median": 0.02426674992228496
      }
    }
  },
  "entropy_provisional": {},
  "geometry_contract": {
    "policy_version": "standard_invalidity_v1",
    "status": "ok",
    "primary_requires_coords_9d": true,
    "shared_time_grid": {
      "epochs_before_policy": 867,
      "epochs_retained": 867,
      "epochs_dropped": 0,
      "drop_fraction": 0.0,
      "dropped_epoch_indices_preview": [],
      "drop_reason_counts": {
        "mnps_3d_nonfinite_rows": 0,
        "coords_9d_nonfinite_rows_affecting_primary": 0
      }
    },
    "mnps_3d": {
      "finite_row_fraction_before": 1.0,
      "nonfinite_row_count": 0,
      "degenerate_axes": [],
      "all_nan_axes": []
    },
    "coords_9d": {
      "available": true,
      "shape_matches_time_grid": true,
      "finite_row_fraction_before": 1.0,
      "nonfinite_row_count": 0,
      "nonfinite_rows_retained_on_shared_grid": 0,
      "degenerate_axes": [],
      "all_nan_axes": []
    },
    "time_grid": {
      "status": "ok",
      "warnings": [],
      "window_count": 867,
      "finite_window_bounds_fraction": 1.0,
      "dt_source": "window_start",
      "dt_sec_runtime": 4.0,
      "dt_sec_config": 4.0,
      "window_sec_config": 8.0,
      "dt_matches_runtime": true,
      "dt_matches_config_formula": true,
      "window_len_matches_config": true,
      "nonpositive_dt_count": 0,
      "nonpositive_window_len_count": 0,
      "dt_intervals_sec": {
        "n": 866,
        "mean": 4.0,
        "median": 4.0,
        "iqr": 0.0,
        "p95": 4.0,
        "max": 4.0
      },
      "window_lengths_sec": {
        "n": 867,
        "mean": 8.0,
        "median": 8.0,
        "iqr": 0.0,
        "p95": 8.0,
        "max": 8.0
      }
    },