{
  "dataset_id": "ds004511:sub-S210120:ses-01_rest_run-01",
  "subject": "sub-S210120",
  "session": "ses-01",
  "reliability_axes": {
    "m": 0.5901208354396097,
    "d": 0.5693934979857059,
    "e": 0.7049964258846285
  },
  "reliability_subcoords": {
    "m_a": 0.8017330797037423,
    "m_e": 0.6414651311202313,
    "m_o": 0.4295343607306353,
    "d_n": 0.44101945579785584,
    "d_l": 0.7270205603617296,
    "d_s": 0.535586087593968,
    "e_e": 0.8653933237609753,
    "e_s": 0.5868787250353403,
    "e_m": 0.6088019483605265
  }
}