{
  "dataset_id": "ds004511:sub-S210120:ses-01_rest_run-01",
  "subject": "sub-S210120",
  "session": "ses-01",
  "coverage": {
    "epochs": 123,
    "seconds": 492.0
  },
  "artifacts": {
    "methods": [
      "ica"
    ],
    "bad_eeg_channels": [
      "Batt_0",
      "Batt_1",
      "Batt_2",
      "Batt_3",
      "Foto",
      "Gnd-Ref",
      "Gnd-Ref1",
      "Gnd-Ref2",
      "Gnd-Ref3",
      "Ref",
      "Sync"
    ],
    "n_bad_eeg_channels": 11,
    "stem_collisions": {}
  },
  "ensemble": {
    "var_by_subcoord": {
      "m_a": 0.0013387411599978805,
      "m_e": 0.0,
      "m_o": 0.0,
      "d_n": 0.0,
      "d_l": 0.0,
      "d_s": 0.0,
      "e_e": 0.0,
      "e_s": 0.0,
      "e_m": 0.0
    },
    "var_mean": 0.00014874901777754226,
    "var_max": 0.0013387411599978805
  },
  "reliability": {
    "axes": {
      "m": 0.5901208354396097,
      "d": 0.5693934979857059,
      "e": 0.7049964258846285
    },
    "subcoords": {
      "m_a": 0.8017330797037423,
      "m_e": 0.6414651311202313,
      "m_o": 0.4295343607306353,
      "d_n": 0.44101945579785584,
      "d_l": 0.7270205603617296,
      "d_s": 0.535586087593968,
      "e_e": 0.8653933237609753,
      "e_s": 0.5868787250353403,
      "e_m": 0.6088019483605265
    }
  },
  "dist_summary": {
    "axes": {
      "m": {
        "n": 123,
        "nan_frac": 0.0,
        "mean": 0.024133007473698478,
        "median": -0.0255910474807024,
        "std": 0.697710724133003,
        "iqr": 0.7598439902067184,
        "mad": 0.36193287558853626,
        "mad_sigma": 0.5366016813475638,
        "skewness": 0.2477500554562334,
        "kurtosis_excess": 0.36014274000730806,
        "delta_mean_median": 0.04972405495440088
      },
      "d": {
        "n": 123,
        "nan_frac": 0.0,
        "mean": 0.413736581428869,
        "median": 0.13786472380161285,
        "std": 1.0683268096459189,
        "iqr": 0.9985924437642097,
        "mad": 0.4898593872785568,
        "mad_sigma": 0.7262655275791883,
        "skewness": 1.3158310054108031,
        "kurtosis_excess": 1.5472033483505285,
        "delta_mean_median": 0.27587185762725613
      },
      "e": {
        "n": 123,
        "nan_frac": 0.0,
        "mean": -0.006198450966503441,
        "median": -0.03891961649060249,
        "std": 0.5778265179054677,
        "iqr": 0.5735109001398087,
        "mad": 0.2974177412688732,
        "mad_sigma": 0.4409515432052314,
        "skewness": 0.6980171861312111,
        "kurtosis_excess": 4.597211200024531,
        "delta_mean_median": 0.03272116552409905
      }
    },
    "subcoords": {
      "m_a": {
        "n": 123,
        "nan_frac": 0.0,
        "mean": -0.11703187839044787,
        "median": 0.05187731236219406,
        "std": 1.1111700184489621,
        "iqr": 1.3855608999729156,
        "mad": 0.6990730091929436,
        "mad_sigma": 1.036445643429458,
        "skewness": -0.9612174623503437,
        "kurtosis_excess": 0.9836198918583285,
        "delta_mean_median": -0.16890919075264194
      },
      "m_e": {
        "n": 123,
        "nan_frac": 0.0,
        "mean": -0.12698717624217848,
        "median": 0.0,
        "std": 1.0570298898051131,
        "iqr": 1.400116115808487,
        "mad": 0.674490749835968,
        "mad_sigma": 0.9999999857068061,
        "skewness": -0.008086372892706351,
        "kurtosis_excess": 0.2039278965377207,
        "delta_mean_median": -0.12698717624217848
      },
      "m_o": {
        "n": 123,
        "nan_frac": 0.0,
        "mean": 0.40332931185489507,
        "median": 0.0,
        "std": 1.5832429587327614,
        "iqr": 1.3960039913654327,
        "mad": 0.674490749835968,
        "mad_sigma": 0.9999999857068061,
        "skewness": 2.070197600848742,
        "kurtosis_excess": 4.525990480611589,
        "delta_mean_median": 0.40332931185489507
      },
      "d_n": {
        "n": 123,
        "nan_frac": 0.0,
        "mean": 0.33017002306747245,
        "median": 0.0,
        "std": 1.7415408337391864,
        "iqr": 1.3149300515651703,
        "mad": 0.674490749835968,
        "mad_sigma": 0.9999999857068061,
        "skewness": 1.8695046804258635,
        "kurtosis_excess": 3.410513719619888,
        "delta_mean_median": 0.33017002306747245
      },
      "d_l": {
        "n": 123,
        "nan_frac": 0.0,
        "mean": 0.3848460785007271,
        "median": 0.0,
        "std": 1.4415793935536823,
        "iqr": 1.4406525045633316,
        "mad": 0.674490749835968,
        "mad_sigma": 0.9999999857068061,
        "skewness": 0.7925397043844006,
        "kurtosis_excess": 0.4135251558194972,
        "delta_mean_median": 0.3848460785007271
      },
      "d_s": {
        "n": 123,
        "nan_frac": 0.0,
        "mean": 0.6475704506009332,
        "median": 0.0,
        "std": 1.7569685776847228,
        "iqr": 1.611639827489853,
        "mad": 0.674490749835968,
        "mad_sigma": 0.9999999857068061,
        "skewness": 1.5959640821999619,
        "kurtosis_excess": 1.940541881462643,
        "delta_mean_median": 0.6475704506009332
      },
      "e_e": {
        "n": 123,
        "nan_frac": 0.0,
        "mean": 0.12275034651099666,
        "median": 0.0,
        "std": 1.092762313237827,
        "iqr": 1.3756909370422363,
        "mad": 0.6744906902313232,
        "mad_sigma": 0.9999998973369598,
        "skewness": 0.38862661918642954,
        "kurtosis_excess": -0.12066599684365142,
        "delta_mean_median": 0.12275034651099666
      },
      "e_s": {
        "n": 123,
        "nan_frac": 0.0,
        "mean": -0.18639646815817532,
        "median": 0.0,
        "std": 1.1769855378912715,
        "iqr": 1.2404822558164597,
        "mad": 0.674490749835968,
        "mad_sigma": 0.9999999857068061,
        "skewness": 0.3395185094440419,
        "kurtosis_excess": 3.7935135600693517,
        "delta_mean_median": -0.18639646815817532
      },
      "e_m": {
        "n": 123,
        "nan_frac": 0.0,
        "mean": 0.06434450993632398,
        "median": 0.0,
        "std": 1.1331230823298817,
        "iqr": 1.3682177662849426,
        "mad": 0.674490749835968,
        "mad_sigma": 0.9999999857068061,
        "skewness": 1.2241638267762436,
        "kurtosis_excess": 3.235624819306535,
        "delta_mean_median": 0.06434450993632398
      }
    }
  },
  "entropy_provisional": {},
  "geometry_contract": {
    "policy_version": "standard_invalidity_v1",
    "status": "ok",
    "primary_requires_coords_9d": true,
    "shared_time_grid": {
      "epochs_before_policy": 123,
      "epochs_retained": 123,
      "epochs_dropped": 0,
      "drop_fraction": 0.0,
      "dropped_epoch_indices_preview": [],
      "drop_reason_counts": {
        "mnps_3d_nonfinite_rows": 0,
        "coords_9d_nonfinite_rows_affecting_primary": 0
      }
    },
    "mnps_3d": {
      "finite_row_fraction_before": 1.0,
      "nonfinite_row_count": 0,
      "degenerate_axes": [],
      "all_nan_axes": []
    },
    "coords_9d": {
      "available": true,
      "shape_matches_time_grid": true,
      "finite_row_fraction_before": 1.0,
      "nonfinite_row_count": 0,
      "nonfinite_rows_retained_on_shared_grid": 0,
      "degenerate_axes": [],
      "all_nan_axes": []
    },
    "time_grid": {
      "status": "ok",
      "warnings": [],
      "window_count": 123,
      "finite_window_bounds_fraction": 1.0,
      "dt_source": "window_start",
      "dt_sec_runtime": 4.0,
      "dt_sec_config": 4.0,
      "window_sec_config": 8.0,
      "dt_matches_runtime": true,
      "dt_matches_config_formula": true,
      "window_len_matches_config": true,
      "nonpositive_dt_count": 0,
      "nonpositive_window_len_count": 0,
      "dt_intervals_sec": {
        "n": 122,
        "mean": 4.0,
        "median": 4.0,
        "iqr": 0.0,
        "p95": 4.0,
        "max": 4.0
      },
      "window_lengths_sec": {
        "n": 123,
        "mean": 8.0,
        "median": 8.0,
        "iqr": 0.0,
        "p95": 8.0,
        "max": 8.0
      }
    },