{
  "dataset_id": "ds004511:sub-S200120:ses-01_rest_run-01",
  "subject": "sub-S200120",
  "session": "ses-01",
  "reliability_axes": {
    "m": 0.5855447584890014,
    "d": 0.7112381134722545,
    "e": 0.685468182263027
  },
  "reliability_subcoords": {
    "m_a": 0.7134899748497191,
    "m_e": 0.5351852294305672,
    "m_o": 0.4145065799160376,
    "d_n": 0.7127963240370028,
    "d_l": 0.7044354235520568,
    "d_s": 0.3990296559301644,
    "e_e": 0.6064215024306686,
    "e_s": 0.8346753205207588,
    "e_m": 0.5328408368850331
  }
}