{
  "dataset_id": "ds004511:sub-S200120:ses-01_rest_run-01",
  "subject": "sub-S200120",
  "session": "ses-01",
  "coverage": {
    "epochs": 124,
    "seconds": 496.0
  },
  "artifacts": {
    "methods": [
      "ica"
    ],
    "bad_eeg_channels": [
      "Batt_0",
      "Batt_1",
      "Batt_2",
      "Batt_3",
      "Foto",
      "Gnd-Ref",
      "Gnd-Ref1",
      "Gnd-Ref2",
      "Gnd-Ref3",
      "Ref",
      "Sync"
    ],
    "n_bad_eeg_channels": 11,
    "stem_collisions": {}
  },
  "ensemble": {
    "var_by_subcoord": {
      "m_a": 0.003519326215609908,
      "m_e": 6.987828691336004e-15,
      "m_o": 1.1488030036803376e-14,
      "d_n": 3.99591858625363e-15,
      "d_l": 5.629267126223969e-13,
      "d_s": 2.4905309748118193e-15,
      "e_e": 4.4418288491776536e-13,
      "e_s": 5.830537875423092e-13,
      "e_m": 0.0
    },
    "var_mean": 0.00039103624635833715,
    "var_max": 0.003519326215609908
  },
  "reliability": {
    "axes": {
      "m": 0.5855447584890014,
      "d": 0.7112381134722545,
      "e": 0.685468182263027
    },
    "subcoords": {
      "m_a": 0.7134899748497191,
      "m_e": 0.5351852294305672,
      "m_o": 0.4145065799160376,
      "d_n": 0.7127963240370028,
      "d_l": 0.7044354235520568,
      "d_s": 0.3990296559301644,
      "e_e": 0.6064215024306686,
      "e_s": 0.8346753205207588,
      "e_m": 0.5328408368850331
    }
  },
  "dist_summary": {
    "axes": {
      "m": {
        "n": 124,
        "nan_frac": 0.0,
        "mean": 0.11211385228107834,
        "median": -0.051781006157398224,
        "std": 0.9579180606311112,
        "iqr": 1.1267395615577698,
        "mad": 0.567263089120388,
        "mad_sigma": 0.8410242559298873,
        "skewness": 1.6102403037017199,
        "kurtosis_excess": 5.333391066444397,
        "delta_mean_median": 0.16389485843847656
      },
      "d": {
        "n": 124,
        "nan_frac": 0.0,
        "mean": 0.08697181148454547,
        "median": 0.02282305806875229,
        "std": 0.7622127187615688,
        "iqr": 0.7368282899260521,
        "mad": 0.3769269958138466,
        "mad_sigma": 0.5588319639936089,
        "skewness": 1.4174694002636976,
        "kurtosis_excess": 4.953143491536818,
        "delta_mean_median": 0.06414875341579318
      },
      "e": {
        "n": 124,
        "nan_frac": 0.0,
        "mean": 0.07973128108067377,
        "median": 0.04686245881021023,
        "std": 0.6985710828465689,
        "iqr": 0.7919104471802711,
        "mad": 0.40142720378935337,
        "mad_sigma": 0.5951559723380953,
        "skewness": 1.3241048509030575,
        "kurtosis_excess": 5.725278020439344,
        "delta_mean_median": 0.032868822270463546
      }
    },
    "subcoords": {
      "m_a": {
        "n": 124,
        "nan_frac": 0.0,
        "mean": -0.05165468991523789,
        "median": -0.04119712486863136,
        "std": 1.0614021708899768,
        "iqr": 1.1680207252502441,
        "mad": 0.5867598056793213,
        "mad_sigma": 0.8699300879001617,
        "skewness": -0.29358502479643767,
        "kurtosis_excess": 2.3017572903438666,
        "delta_mean_median": -0.010457565046606526
      },
      "m_e": {
        "n": 124,
        "nan_frac": 0.0,
        "mean": 0.20493456673988653,
        "median": -4.7963112592697144e-08,
        "std": 1.0584902606626916,
        "iqr": 1.319717213511467,
        "mad": 0.674490749835968,
        "mad_sigma": 0.9999999857068061,
        "skewness": 1.7768331226687104,
        "kurtosis_excess": 6.6367447271195275,
        "delta_mean_median": 0.20493461470299912
      },
      "m_o": {
        "n": 124,
        "nan_frac": 0.0,
        "mean": 0.22430302551196468,
        "median": 0.0,
        "std": 1.2421336426012193,
        "iqr": 1.3289969563484192,
        "mad": 0.674490749835968,
        "mad_sigma": 0.9999999857068061,
        "skewness": 1.7093956164907889,
        "kurtosis_excess": 5.0973608014111385,
        "delta_mean_median": 0.22430302551196468
      },
      "d_n": {
        "n": 124,
        "nan_frac": 0.0,
        "mean": 0.12022180219871863,
        "median": 6.738118827342987e-07,
        "std": 1.3843525326607515,
        "iqr": 1.3009179681539536,
        "mad": 0.6744914534501731,
        "mad_sigma": 1.0000010288852266,
        "skewness": 0.990617288668173,
        "kurtosis_excess": 4.051756812480348,
        "delta_mean_median": 0.1202211283868359
      },
      "d_l": {
        "n": 124,
        "nan_frac": 0.0,
        "mean": 0.03724696359131485,
        "median": 4.835892468690872e-07,
        "std": 1.2384090575924676,
        "iqr": 1.3338206708431244,
        "mad": 0.6744902662467211,
        "mad_sigma": 0.9999992687373888,
        "skewness": 0.3430779669998007,
        "kurtosis_excess": 3.9632172011694156,
        "delta_mean_median": 0.03724648000206798
      },
      "d_s": {
        "n": 124,
        "nan_frac": 0.0,
        "mean": 0.1732195656476242,
        "median": 0.0,
        "std": 1.0560433878485507,
        "iqr": 1.346206158399582,
        "mad": 0.674490749835968,
        "mad_sigma": 0.9999999857068061,
        "skewness": 0.8283038466042227,
        "kurtosis_excess": 0.6422361653844502,
        "delta_mean_median": 0.1732195656476242
      },
      "e_e": {
        "n": 124,
        "nan_frac": 0.0,
        "mean": 0.040213627688166116,
        "median": 0.0,
        "std": 1.0805014148455707,
        "iqr": 1.3146028965711594,
        "mad": 0.674490749835968,
        "mad_sigma": 0.9999999857068061,
        "skewness": 0.18984749166323514,
        "kurtosis_excess": 0.6456490107645982,
        "delta_mean_median": 0.040213627688166116
      },
      "e_s": {
        "n": 124,
        "nan_frac": 0.0,
        "mean": 0.13813150983544126,
        "median": -8.344650268554688e-07,
        "std": 1.5010434563431767,
        "iqr": 1.40377739071846,
        "mad": 0.6744899153709412,
        "mad_sigma": 0.9999987485289573,
        "skewness": 1.4714180068455864,
        "kurtosis_excess": 5.5651835395250995,
        "delta_mean_median": 0.1381323443004681
      },
      "e_m": {
        "n": 124,
        "nan_frac": 0.0,
        "mean": -0.007539518275147965,
        "median": 1.5925616025924683e-07,
        "std": 1.0025622241564929,
        "iqr": 1.323917880654335,
        "mad": 0.6744905905798078,
        "mad_sigma": 0.9999997495936229,
        "skewness": 0.01496940721450936,
        "kurtosis_excess": -0.18559034689404363,
        "delta_mean_median": -0.007539677531308224
      }
    }
  },
  "entropy_provisional": {},
  "geometry_contract": {
    "policy_version": "standard_invalidity_v1",
    "status": "ok",
    "primary_requires_coords_9d": true,
    "shared_time_grid": {
      "epochs_before_policy": 124,
      "epochs_retained": 124,
      "epochs_dropped": 0,
      "drop_fraction": 0.0,
      "dropped_epoch_indices_preview": [],
      "drop_reason_counts": {
        "mnps_3d_nonfinite_rows": 0,
        "coords_9d_nonfinite_rows_affecting_primary": 0
      }
    },
    "mnps_3d": {
      "finite_row_fraction_before": 1.0,
      "nonfinite_row_count": 0,
      "degenerate_axes": [],
      "all_nan_axes": []
    },
    "coords_9d": {
      "available": true,
      "shape_matches_time_grid": true,
      "finite_row_fraction_before": 1.0,
      "nonfinite_row_count": 0,
      "nonfinite_rows_retained_on_shared_grid": 0,
      "degenerate_axes": [],
      "all_nan_axes": []
    },
    "time_grid": {
      "status": "ok",
      "warnings": [],
      "window_count": 124,
      "finite_window_bounds_fraction": 1.0,
      "dt_source": "window_start",
      "dt_sec_runtime": 4.0,
      "dt_sec_config": 4.0,
      "window_sec_config": 8.0,
      "dt_matches_runtime": true,
      "dt_matches_config_formula": true,
      "window_len_matches_config": true,
      "nonpositive_dt_count": 0,
      "nonpositive_window_len_count": 0,
      "dt_intervals_sec": {
        "n": 123,
        "mean": 4.0,
        "median": 4.0,
        "iqr": 0.0,