{
  "dataset_id": "ds004511:sub-S200211:ses-01_gambling_run-01",
  "subject": "sub-S200211",
  "session": "ses-01",
  "reliability_axes": {
    "m": 0.5007167686276378,
    "d": 0.6303796727232754,
    "e": 0.5343338971127968
  },
  "reliability_subcoords": {
    "m_a": 0.5740786197159148,
    "m_e": 0.5820933887231448,
    "m_o": 0.5375062891263135,
    "d_n": 0.6709671844691032,
    "d_l": 0.5838010048494368,
    "d_s": 0.47730089377529517,
    "e_e": 0.6159007829667159,
    "e_s": 0.5227573835893512,
    "e_m": 0.63000758590085
  }
}