{
  "dataset_id": "ds004511:sub-S200211:ses-01_gambling_run-01",
  "subject": "sub-S200211",
  "session": "ses-01",
  "coverage": {
    "epochs": 876,
    "seconds": 3504.0
  },
  "artifacts": {
    "methods": [
      "ica"
    ],
    "bad_eeg_channels": [
      "Batt_0",
      "Batt_1",
      "Batt_2",
      "Batt_3",
      "Gnd-Ref",
      "Gnd-Ref1",
      "Gnd-Ref2",
      "Gnd-Ref3",
      "Ref",
      "Sync"
    ],
    "n_bad_eeg_channels": 10,
    "stem_collisions": {}
  },
  "ensemble": {
    "var_by_subcoord": {
      "m_a": 0.00018662337970454246,
      "m_e": 8.045506874111187e-15,
      "m_o": 1.095633559735059e-14,
      "d_n": 8.085523251638322e-15,
      "d_l": 7.613140261437945e-14,
      "d_s": 1.1368640742887882e-14,
      "e_e": 0.0,
      "e_s": 5.272277975526887e-14,
      "e_m": 0.0
    },
    "var_mean": 2.073593109687252e-05,
    "var_max": 0.00018662337970454246
  },
  "reliability": {
    "axes": {
      "m": 0.5007167686276378,
      "d": 0.6303796727232754,
      "e": 0.5343338971127968
    },
    "subcoords": {
      "m_a": 0.5740786197159148,
      "m_e": 0.5820933887231448,
      "m_o": 0.5375062891263135,
      "d_n": 0.6709671844691032,
      "d_l": 0.5838010048494368,
      "d_s": 0.47730089377529517,
      "e_e": 0.6159007829667159,
      "e_s": 0.5227573835893512,
      "e_m": 0.63000758590085
    }
  },
  "dist_summary": {
    "axes": {
      "m": {
        "n": 876,
        "nan_frac": 0.0,
        "mean": -0.1480753857212134,
        "median": -0.007842050166800618,
        "std": 0.8548289448360635,
        "iqr": 1.1215906664729118,
        "mad": 0.5290946364402771,
        "mad_sigma": 0.7844357079863548,
        "skewness": -0.8043615168377529,
        "kurtosis_excess": 0.8807359239755432,
        "delta_mean_median": -0.14023333555441278
      },
      "d": {
        "n": 876,
        "nan_frac": 0.0,
        "mean": 0.06297757112085936,
        "median": 0.02811735775321722,
        "std": 0.951301422208829,
        "iqr": 1.064961738884449,
        "mad": 0.5457699587568641,
        "mad_sigma": 0.8091585408529266,
        "skewness": 0.1077483527891231,
        "kurtosis_excess": 0.11054882829315149,
        "delta_mean_median": 0.03486021336764214
      },
      "e": {
        "n": 876,
        "nan_frac": 0.0,
        "mean": 0.22785584236308215,
        "median": 0.20110632479190826,
        "std": 0.9333710471229804,
        "iqr": 0.8519137315452099,
        "mad": 0.426570825278759,
        "mad_sigma": 0.632433905558288,
        "skewness": 0.06643578778913357,
        "kurtosis_excess": 1.3597586647235351,
        "delta_mean_median": 0.026749517571173886
      }
    },
    "subcoords": {
      "m_a": {
        "n": 876,
        "nan_frac": 0.0,
        "mean": -0.3795605470940947,
        "median": 0.03771774098277092,
        "std": 1.2343085896650123,
        "iqr": 1.5658825188875198,
        "mad": 0.6453583128750324,
        "mad_sigma": 0.956808234668523,
        "skewness": -1.3602417274875225,
        "kurtosis_excess": 2.0469349129933843,
        "delta_mean_median": -0.4172782880768656
      },
      "m_e": {
        "n": 876,
        "nan_frac": 0.0,
        "mean": -0.2555173429411721,
        "median": 0.0,
        "std": 1.2521372623126548,
        "iqr": 1.4163589626550674,
        "mad": 0.674490749835968,
        "mad_sigma": 0.9999999857068061,
        "skewness": -1.4662670205124457,
        "kurtosis_excess": 3.3794783263321397,
        "delta_mean_median": -0.2555173429411721
      },
      "m_o": {
        "n": 876,
        "nan_frac": 0.0,
        "mean": 0.30217768928194505,
        "median": 1.5704426914453506e-07,
        "std": 1.4854453876601537,
        "iqr": 1.3838721215724945,
        "mad": 0.674490749835968,
        "mad_sigma": 0.9999999857068061,
        "skewness": 1.6617029145384299,
        "kurtosis_excess": 3.5352712424945922,
        "delta_mean_median": 0.3021775322376759
      },
      "d_n": {
        "n": 876,
        "nan_frac": 0.0,
        "mean": 0.7034194474026123,
        "median": -3.6729034036397934e-07,
        "std": 1.9281651057249907,
        "iqr": 1.615216702222824,
        "mad": 0.6744907796382904,
        "mad_sigma": 1.0000000298917293,
        "skewness": 1.4955686959539878,
        "kurtosis_excess": 1.2286724794469643,
        "delta_mean_median": 0.7034198146929527
      },
      "d_l": {
        "n": 876,
        "nan_frac": 0.0,
        "mean": -0.3813856955277191,
        "median": 3.1996751204133034e-07,
        "std": 1.3750965508293824,
        "iqr": 1.6137970238924026,
        "mad": 0.6744907796382904,
        "mad_sigma": 1.0000000298917293,
        "skewness": -1.188339559783397,
        "kurtosis_excess": 1.4516948678349673,
        "delta_mean_median": -0.38138601549523116
      },
      "d_s": {
        "n": 876,
        "nan_frac": 0.0,
        "mean": 0.22068087405048856,
        "median": 0.0,
        "std": 1.238499146428387,
        "iqr": 1.388613000512123,
        "mad": 0.6744907200336456,
        "mad_sigma": 0.999999941521883,
        "skewness": 1.4990924814224527,
        "kurtosis_excess": 3.7245386243766134,
        "delta_mean_median": 0.22068087405048856
      },
      "e_e": {
        "n": 876,
        "nan_frac": 0.0,
        "mean": -0.13430296300887024,
        "median": -3.2784882932901382e-06,
        "std": 1.1600967798698372,
        "iqr": 1.3676805645227432,
        "mad": 0.6744873819407076,
        "mad_sigma": 0.999994992465293,
        "skewness": -0.9193758441060856,
        "kurtosis_excess": 1.5205203768831943,
        "delta_mean_median": -0.13429968452057695
      },
      "e_s": {
        "n": 876,
        "nan_frac": 0.0,
        "mean": 0.7287690608414553,
        "median": 2.828892320394516e-07,
        "std": 1.9412928627718795,
        "iqr": 1.9068025350570679,
        "mad": 0.674490749835968,
        "mad_sigma": 0.9999999857068061,
        "skewness": 1.3536173430071294,
        "kurtosis_excess": 0.9257340385824593,
        "delta_mean_median": 0.7287687779522233
      },
      "e_m": {
        "n": 876,
        "nan_frac": 0.0,
        "mean": 0.1368160238574561,
        "median": 0.0,
        "std": 1.0844965773523203,
        "iqr": 1.3622171133756638,
        "mad": 0.6744906902313232,
        "mad_sigma": 0.9999998973369598,
        "skewness": 0.7195436441696541,
        "kurtosis_excess": 0.5639124061206684,
        "delta_mean_median": 0.1368160238574561
      }
    }
  },
  "entropy_provisional": {},
  "geometry_contract": {
    "policy_version": "standard_invalidity_v1",
    "status": "ok",
    "primary_requires_coords_9d": true,
    "shared_time_grid": {
      "epochs_before_policy": 876,
      "epochs_retained": 876,
      "epochs_dropped": 0,
      "drop_fraction": 0.0,
      "dropped_epoch_indices_preview": [],
      "drop_reason_counts": {
        "mnps_3d_nonfinite_rows": 0,
        "coords_9d_nonfinite_rows_affecting_primary": 0
      }
    },
    "mnps_3d": {
      "finite_row_fraction_before": 1.0,
      "nonfinite_row_count": 0,
      "degenerate_axes": [],
      "all_nan_axes": []
    },
    "coords_9d": {
      "available": true,
      "shape_matches_time_grid": true,
      "finite_row_fraction_before": 1.0,
      "nonfinite_row_count": 0,
      "nonfinite_rows_retained_on_shared_grid": 0,
      "degenerate_axes": [],
      "all_nan_axes": []
    },
    "time_grid": {
      "status": "ok",
      "warnings": [],
      "window_count": 876,
      "finite_window_bounds_fraction": 1.0,
      "dt_source": "window_start",
      "dt_sec_runtime": 4.0,
      "dt_sec_config": 4.0,
      "window_sec_config": 8.0,
      "dt_matches_runtime": true,
      "dt_matches_config_formula": true,
      "window_len_matches_config": true,
      "nonpositive_dt_count": 0,
      "nonpositive_window_len_count": 0,
      "dt_intervals_sec": {
        "n": 875,
        "mean": 4.0,
        "median": 4.0,
        "iqr": 0.0,
        "p95": 4.0,
        "max": 4.0
      },