{
  "dataset_id": "ds004511:sub-S210120:ses-01_gambling_run-01",
  "subject": "sub-S210120",
  "session": "ses-01",
  "reliability_axes": {
    "m": 0.7951869871609046,
    "d": 0.7878481303411857,
    "e": 0.8288777493647366
  },
  "reliability_subcoords": {
    "m_a": 0.8462982696940191,
    "m_e": 0.8139937046513797,
    "m_o": 0.7125667179444461,
    "d_n": 0.8432827318582831,
    "d_l": 0.8126959507329578,
    "d_s": 0.5173000527839133,
    "e_e": 0.8713954777984113,
    "e_s": 0.7548365399022763,
    "e_m": 0.6509439740930678
  }
}