{
  "dataset_id": "ds004511:sub-S210120:ses-01_gambling_run-01",
  "subject": "sub-S210120",
  "session": "ses-01",
  "coverage": {
    "epochs": 954,
    "seconds": 3816.0
  },
  "artifacts": {
    "methods": [
      "ica"
    ],
    "bad_eeg_channels": [
      "Batt_0",
      "Batt_1",
      "Batt_2",
      "Batt_3",
      "Gnd-Ref",
      "Gnd-Ref1",
      "Gnd-Ref2",
      "Gnd-Ref3",
      "Ref",
      "Sync"
    ],
    "n_bad_eeg_channels": 10,
    "stem_collisions": {}
  },
  "ensemble": {
    "var_by_subcoord": {
      "m_a": 0.00034316297387704253,
      "m_e": 7.1298608699975e-15,
      "m_o": 5.09515347597053e-15,
      "d_n": 1.5301887361374167e-15,
      "d_l": 4.6717031556165606e-14,
      "d_s": 3.991285316032149e-15,
      "e_e": 1.6540178515017656e-12,
      "e_s": 2.0951185122734806e-13,
      "e_m": 0.0
    },
    "var_mean": 3.812921953389286e-05,
    "var_max": 0.00034316297387704253
  },
  "reliability": {
    "axes": {
      "m": 0.7951869871609046,
      "d": 0.7878481303411857,
      "e": 0.8288777493647366
    },
    "subcoords": {
      "m_a": 0.8462982696940191,
      "m_e": 0.8139937046513797,
      "m_o": 0.7125667179444461,
      "d_n": 0.8432827318582831,
      "d_l": 0.8126959507329578,
      "d_s": 0.5173000527839133,
      "e_e": 0.8713954777984113,
      "e_s": 0.7548365399022763,
      "e_m": 0.6509439740930678
    }
  },
  "dist_summary": {
    "axes": {
      "m": {
        "n": 954,
        "nan_frac": 0.0,
        "mean": -0.05848983751063965,
        "median": 0.1056847795844078,
        "std": 0.9791734352852262,
        "iqr": 0.8992655500769615,
        "mad": 0.4478338435292244,
        "mad_sigma": 0.663958456416428,
        "skewness": -1.9613680554986406,
        "kurtosis_excess": 5.386483631309874,
        "delta_mean_median": -0.16417461709504746
      },
      "d": {
        "n": 954,
        "nan_frac": 0.0,
        "mean": 0.14200679147593454,
        "median": -0.0721963681280613,
        "std": 0.9269079044904386,
        "iqr": 1.0780529230833054,
        "mad": 0.47575652599334717,
        "mad_sigma": 0.7053566254377365,
        "skewness": 0.5767431443599592,
        "kurtosis_excess": 0.5545651883962419,
        "delta_mean_median": 0.21420315960399583
      },
      "e": {
        "n": 954,
        "nan_frac": 0.0,
        "mean": -0.2710953172430914,
        "median": -0.00120652123587206,
        "std": 1.1123560900673815,
        "iqr": 0.9509159922599792,
        "mad": 0.4540092904935591,
        "mad_sigma": 0.6731141740857507,
        "skewness": -1.4382046134697308,
        "kurtosis_excess": 2.3798538427338594,
        "delta_mean_median": -0.2698887960072193
      }
    },
    "subcoords": {
      "m_a": {
        "n": 954,
        "nan_frac": 0.0,
        "mean": -0.20913743179494543,
        "median": 0.019521089270710945,
        "std": 1.3810856185412568,
        "iqr": 1.2686239033937454,
        "mad": 0.6328041851520538,
        "mad_sigma": 0.938195484906435,
        "skewness": -1.9032441692197484,
        "kurtosis_excess": 5.048224217835678,
        "delta_mean_median": -0.22865852106565637
      },
      "m_e": {
        "n": 954,
        "nan_frac": 0.0,
        "mean": -0.2140643077852266,
        "median": -3.1411400414071977e-07,
        "std": 1.2695719366300886,
        "iqr": 1.3715786933898926,
        "mad": 0.6744907200336456,
        "mad_sigma": 0.999999941521883,
        "skewness": -1.5033193972171448,
        "kurtosis_excess": 3.202364364096061,
        "delta_mean_median": -0.21406399367122245
      },
      "m_o": {
        "n": 954,
        "nan_frac": 0.0,
        "mean": 0.33921565763106615,
        "median": 0.0,
        "std": 1.3832884051082368,
        "iqr": 1.4017499089241028,
        "mad": 0.6744908094406128,
        "mad_sigma": 1.0000000740766524,
        "skewness": 1.6127287663081369,
        "kurtosis_excess": 3.239126770912039,
        "delta_mean_median": 0.33921565763106615
      },
      "d_n": {
        "n": 954,
        "nan_frac": 0.0,
        "mean": 0.36495854692832336,
        "median": 9.499490261077881e-08,
        "std": 1.213231596193269,
        "iqr": 1.5378629863262177,
        "mad": 0.674490749835968,
        "mad_sigma": 0.9999999857068061,
        "skewness": 1.0020352881578427,
        "kurtosis_excess": 0.22970831166893735,
        "delta_mean_median": 0.36495845193342075
      },
      "d_l": {
        "n": 954,
        "nan_frac": 0.0,
        "mean": -0.017544457286965312,
        "median": 3.936002030968666e-07,
        "std": 1.269638560753973,
        "iqr": 1.3811952471733093,
        "mad": 0.6744911434361711,
        "mad_sigma": 1.0000005692584673,
        "skewness": -1.4508116596636322,
        "kurtosis_excess": 4.141040303479581,
        "delta_mean_median": -0.01754485088716841
      },
      "d_s": {
        "n": 954,
        "nan_frac": 0.0,
        "mean": 0.21113586703066928,
        "median": 0.0,
        "std": 1.2257239784529026,
        "iqr": 1.4280635565519333,
        "mad": 0.674490749835968,
        "mad_sigma": 0.9999999857068061,
        "skewness": 1.333787546756122,
        "kurtosis_excess": 2.8209241505092857,
        "delta_mean_median": 0.21113586703066928
      },
      "e_e": {
        "n": 954,
        "nan_frac": 0.0,
        "mean": -0.40530385663005597,
        "median": 2.251705154776573e-06,
        "std": 1.5028858220716137,
        "iqr": 1.43431755900383,
        "mad": 0.6744907200336456,
        "mad_sigma": 0.999999941521883,
        "skewness": -1.5602589428635998,
        "kurtosis_excess": 2.3434046844954777,
        "delta_mean_median": -0.40530610833521075
      },
      "e_s": {
        "n": 954,
        "nan_frac": 0.0,
        "mean": -0.10461622466406671,
        "median": 3.5340781323611736e-07,
        "std": 1.5864273399910882,
        "iqr": 1.448417842388153,
        "mad": 0.6744911032437813,
        "mad_sigma": 1.00000050966923,
        "skewness": 1.152102151544567,
        "kurtosis_excess": 3.662314741190727,
        "delta_mean_median": -0.10461657807187995
      },
      "e_m": {
        "n": 954,
        "nan_frac": 0.0,
        "mean": 0.0909116752293162,
        "median": 0.0,
        "std": 1.1182134069890657,
        "iqr": 1.3506148904561996,
        "mad": 0.6744907200336456,
        "mad_sigma": 0.999999941521883,
        "skewness": 0.7102255697160187,
        "kurtosis_excess": 1.673299259053934,
        "delta_mean_median": 0.0909116752293162
      }
    }
  },
  "entropy_provisional": {},
  "geometry_contract": {
    "policy_version": "standard_invalidity_v1",
    "status": "ok",
    "primary_requires_coords_9d": true,
    "shared_time_grid": {
      "epochs_before_policy": 954,
      "epochs_retained": 954,
      "epochs_dropped": 0,
      "drop_fraction": 0.0,
      "dropped_epoch_indices_preview": [],
      "drop_reason_counts": {
        "mnps_3d_nonfinite_rows": 0,
        "coords_9d_nonfinite_rows_affecting_primary": 0
      }
    },
    "mnps_3d": {
      "finite_row_fraction_before": 1.0,
      "nonfinite_row_count": 0,
      "degenerate_axes": [],
      "all_nan_axes": []
    },
    "coords_9d": {
      "available": true,
      "shape_matches_time_grid": true,
      "finite_row_fraction_before": 1.0,
      "nonfinite_row_count": 0,
      "nonfinite_rows_retained_on_shared_grid": 0,
      "degenerate_axes": [],
      "all_nan_axes": []
    },
    "time_grid": {
      "status": "ok",
      "warnings": [],
      "window_count": 954,
      "finite_window_bounds_fraction": 1.0,
      "dt_source": "window_start",
      "dt_sec_runtime": 4.0,
      "dt_sec_config": 4.0,
      "window_sec_config": 8.0,
      "dt_matches_runtime": true,
      "dt_matches_config_formula": true,
      "window_len_matches_config": true,
      "nonpositive_dt_count": 0,
      "nonpositive_window_len_count": 0,
      "dt_intervals_sec": {
        "n": 953,
        "mean": 4.0,
        "median": 4.0,
        "iqr": 0.0,
        "p95": 4.0,