{
  "dataset_id": "ds004511:sub-S200309:ses-01_cognitive_control_run-01",
  "subject": "sub-S200309",
  "session": "ses-01",
  "reliability_axes": {
    "m": 0.6536675725266075,
    "d": 0.7821263009047117,
    "e": 0.5632663478988462
  },
  "reliability_subcoords": {
    "m_a": 0.8402514985646541,
    "m_e": 0.5678034469700068,
    "m_o": 0.4965066712140088,
    "d_n": 0.8498722323707537,
    "d_l": 0.7459739449592196,
    "d_s": 0.5327225799351798,
    "e_e": 0.6315125992226154,
    "e_s": 0.7008992039097347,
    "e_m": 0.4745863914957457
  }
}