{
  "dataset_id": "ds004511:sub-S200309:ses-01_cognitive_control_run-01",
  "subject": "sub-S200309",
  "session": "ses-01",
  "coverage": {
    "epochs": 250,
    "seconds": 1000.0
  },
  "artifacts": {
    "methods": [
      "ica"
    ],
    "bad_eeg_channels": [
      "Batt_0",
      "Batt_1",
      "Batt_2",
      "Batt_3",
      "Gnd-Ref",
      "Gnd-Ref1",
      "Gnd-Ref2",
      "Gnd-Ref3",
      "Ref",
      "Sync"
    ],
    "n_bad_eeg_channels": 10,
    "stem_collisions": {}
  },
  "ensemble": {
    "var_by_subcoord": {
      "m_a": 0.001800379017367959,
      "m_e": 5.4778230562657626e-15,
      "m_o": 2.562603314227793e-15,
      "d_n": 1.2203601776577915e-15,
      "d_l": 3.7803456518588005e-14,
      "d_s": 6.0997832558085975e-15,
      "e_e": 2.451440743109212e-13,
      "e_s": 6.2949266025486e-14,
      "e_m": 0.0
    },
    "var_mean": 0.00020004211308102406,
    "var_max": 0.001800379017367959
  },
  "reliability": {
    "axes": {
      "m": 0.6536675725266075,
      "d": 0.7821263009047117,
      "e": 0.5632663478988462
    },
    "subcoords": {
      "m_a": 0.8402514985646541,
      "m_e": 0.5678034469700068,
      "m_o": 0.4965066712140088,
      "d_n": 0.8498722323707537,
      "d_l": 0.7459739449592196,
      "d_s": 0.5327225799351798,
      "e_e": 0.6315125992226154,
      "e_s": 0.7008992039097347,
      "e_m": 0.4745863914957457
    }
  },
  "dist_summary": {
    "axes": {
      "m": {
        "n": 250,
        "nan_frac": 0.0,
        "mean": -0.11675787401292473,
        "median": -0.013217514846473932,
        "std": 0.8259066217502158,
        "iqr": 1.041949450969696,
        "mad": 0.5177569389343262,
        "mad_sigma": 0.7676264376640319,
        "skewness": -0.4999735095376683,
        "kurtosis_excess": 0.39628542916823806,
        "delta_mean_median": -0.1035403591664508
      },
      "d": {
        "n": 250,
        "nan_frac": 0.0,
        "mean": -0.06997655268199741,
        "median": 0.07649588584899902,
        "std": 0.7884381927106909,
        "iqr": 0.8667700886726379,
        "mad": 0.4258812963962555,
        "mad_sigma": 0.6314116100370883,
        "skewness": -1.30699729882618,
        "kurtosis_excess": 3.247121465626373,
        "delta_mean_median": -0.14647243853099645
      },
      "e": {
        "n": 250,
        "nan_frac": 0.0,
        "mean": 0.07856808146089315,
        "median": 0.0791277289390564,
        "std": 0.6947921756170966,
        "iqr": 0.7774800136685371,
        "mad": 0.41431936621665955,
        "mad_sigma": 0.6142698923528194,
        "skewness": 0.5185441873321387,
        "kurtosis_excess": 0.7559098839733904,
        "delta_mean_median": -0.0005596474781632416
      }
    },
    "subcoords": {
      "m_a": {
        "n": 250,
        "nan_frac": 0.0,
        "mean": -0.17347558941692115,
        "median": -0.013093933463096619,
        "std": 1.1355023155949877,
        "iqr": 1.2638707906007767,
        "mad": 0.63302943110466,
        "mad_sigma": 0.9385294345557689,
        "skewness": -0.9112061141642482,
        "kurtosis_excess": 1.2219697472323867,
        "delta_mean_median": -0.16038165595382453
      },
      "m_e": {
        "n": 250,
        "nan_frac": 0.0,
        "mean": -0.1695684122655075,
        "median": 0.0,
        "std": 1.1279643641284283,
        "iqr": 1.4684763699769974,
        "mad": 0.674490749835968,
        "mad_sigma": 0.9999999857068061,
        "skewness": -0.7607811763297142,
        "kurtosis_excess": 0.9699761784362999,
        "delta_mean_median": -0.1695684122655075
      },
      "m_o": {
        "n": 250,
        "nan_frac": 0.0,
        "mean": 0.025932746306061745,
        "median": 0.0,
        "std": 0.9050528517529907,
        "iqr": 1.3238757103681564,
        "mad": 0.6744907796382904,
        "mad_sigma": 1.0000000298917293,
        "skewness": 0.18901751168788394,
        "kurtosis_excess": -0.4594543687279975,
        "delta_mean_median": 0.025932746306061745
      },
      "d_n": {
        "n": 250,
        "nan_frac": 0.0,
        "mean": 0.12531274016574026,
        "median": -4.316680133342743e-07,
        "std": 1.2640642828490336,
        "iqr": 1.3526995182037354,
        "mad": 0.6744907200336456,
        "mad_sigma": 0.999999941521883,
        "skewness": 0.8584661580106496,
        "kurtosis_excess": 0.7997454272533386,
        "delta_mean_median": 0.1253131718337536
      },
      "d_l": {
        "n": 250,
        "nan_frac": 0.0,
        "mean": -0.3221389076188207,
        "median": 0.0,
        "std": 1.37609767451027,
        "iqr": 1.50195974111557,
        "mad": 0.6744907200336456,
        "mad_sigma": 0.999999941521883,
        "skewness": -1.6466863818106392,
        "kurtosis_excess": 3.8208932608903385,
        "delta_mean_median": -0.3221389076188207
      },
      "d_s": {
        "n": 250,
        "nan_frac": 0.0,
        "mean": 0.319768035476096,
        "median": -8.044298738241196e-08,
        "std": 1.3479103423801448,
        "iqr": 1.479110136628151,
        "mad": 0.6744907796382904,
        "mad_sigma": 1.0000000298917293,
        "skewness": 1.5982510025223544,
        "kurtosis_excess": 3.1470057049856983,
        "delta_mean_median": 0.3197681159190834
      },
      "e_e": {
        "n": 250,
        "nan_frac": 0.0,
        "mean": -0.10313668527267873,
        "median": 4.0282029658555984e-06,
        "std": 1.0405338989042625,
        "iqr": 1.3150874078273773,
        "mad": 0.6744906902313232,
        "mad_sigma": 0.9999998973369598,
        "skewness": -0.6670775241907536,
        "kurtosis_excess": 0.7884765384295758,
        "delta_mean_median": -0.10314071347564459
      },
      "e_s": {
        "n": 250,
        "nan_frac": 0.0,
        "mean": 0.32512299468554556,
        "median": 6.256159394979477e-07,
        "std": 1.5190860816291716,
        "iqr": 1.3441887646913528,
        "mad": 0.6744914052542299,
        "mad_sigma": 1.0000009574299211,
        "skewness": 1.9139409128642797,
        "kurtosis_excess": 4.602431626492941,
        "delta_mean_median": 0.32512236906960607
      },
      "e_m": {
        "n": 250,
        "nan_frac": 0.0,
        "mean": 0.13140193775878287,
        "median": -1.599255483597517e-07,
        "std": 0.994148152299721,
        "iqr": 1.3422552645206451,
        "mad": 0.6744905899104197,
        "mad_sigma": 0.9999997486011881,
        "skewness": 0.45256166290205874,
        "kurtosis_excess": 0.0724341562108366,
        "delta_mean_median": 0.13140209768433123
      }
    }
  },
  "entropy_provisional": {},
  "geometry_contract": {
    "policy_version": "standard_invalidity_v1",
    "status": "ok",
    "primary_requires_coords_9d": true,
    "shared_time_grid": {
      "epochs_before_policy": 250,
      "epochs_retained": 250,
      "epochs_dropped": 0,
      "drop_fraction": 0.0,
      "dropped_epoch_indices_preview": [],
      "drop_reason_counts": {
        "mnps_3d_nonfinite_rows": 0,
        "coords_9d_nonfinite_rows_affecting_primary": 0
      }
    },
    "mnps_3d": {
      "finite_row_fraction_before": 1.0,
      "nonfinite_row_count": 0,
      "degenerate_axes": [],
      "all_nan_axes": []
    },
    "coords_9d": {
      "available": true,
      "shape_matches_time_grid": true,
      "finite_row_fraction_before": 1.0,
      "nonfinite_row_count": 0,
      "nonfinite_rows_retained_on_shared_grid": 0,
      "degenerate_axes": [],
      "all_nan_axes": []
    },
    "time_grid": {
      "status": "ok",
      "warnings": [],
      "window_count": 250,
      "finite_window_bounds_fraction": 1.0,
      "dt_source": "window_start",
      "dt_sec_runtime": 4.0,
      "dt_sec_config": 4.0,
      "window_sec_config": 8.0,
      "dt_matches_runtime": true,
      "dt_matches_config_formula": true,
      "window_len_matches_config": true,
      "nonpositive_dt_count": 0,
      "nonpositive_window_len_count": 0,
      "dt_intervals_sec": {
        "n": 249,
        "mean": 4.0,
        "median": 4.0,
        "iqr": 0.0,