{
  "dataset_id": "ds004511:sub-S210204:ses-01_rest_run-01",
  "subject": "sub-S210204",
  "session": "ses-01",
  "reliability_axes": {
    "m": 0.329552310597901,
    "d": 0.49013151197586086,
    "e": 0.7120174188094806
  },
  "reliability_subcoords": {
    "m_a": 0.4829997520388799,
    "m_e": 0.21573118017690418,
    "m_o": 0.5270010704460263,
    "d_n": 0.49109018408346217,
    "d_l": 0.48561667075984466,
    "d_s": 0.1119806782088093,
    "e_e": 0.4426666418164136,
    "e_s": 0.5306139391329187,
    "e_m": 0.5914339467359928
  }
}