{
  "dataset_id": "ds004511:sub-S210204:ses-01_rest_run-01",
  "subject": "sub-S210204",
  "session": "ses-01",
  "coverage": {
    "epochs": 124,
    "seconds": 496.0
  },
  "artifacts": {
    "methods": [
      "ica"
    ],
    "bad_eeg_channels": [
      "Batt_0",
      "Batt_1",
      "Batt_2",
      "Batt_3",
      "F8",
      "Foto",
      "Gnd-Ref",
      "Gnd-Ref1",
      "Gnd-Ref2",
      "Gnd-Ref3",
      "Ref",
      "Sync"
    ],
    "n_bad_eeg_channels": 12,
    "stem_collisions": {}
  },
  "ensemble": {
    "var_by_subcoord": {
      "m_a": 0.0035457490012049675,
      "m_e": 2.254879632622095e-15,
      "m_o": 1.5939398238795643e-15,
      "d_n": 1.0212555966366589e-14,
      "d_l": 1.237785915431111e-13,
      "d_s": 7.930762708878436e-15,
      "e_e": 0.0,
      "e_s": 6.294436001065551e-14,
      "e_m": 0.0
    },
    "var_mean": 0.00039397211126818697,
    "var_max": 0.0035457490012049675
  },
  "reliability": {
    "axes": {
      "m": 0.329552310597901,
      "d": 0.49013151197586086,
      "e": 0.7120174188094806
    },
    "subcoords": {
      "m_a": 0.4829997520388799,
      "m_e": 0.21573118017690418,
      "m_o": 0.5270010704460263,
      "d_n": 0.49109018408346217,
      "d_l": 0.48561667075984466,
      "d_s": 0.1119806782088093,
      "e_e": 0.4426666418164136,
      "e_s": 0.5306139391329187,
      "e_m": 0.5914339467359928
    }
  },
  "dist_summary": {
    "axes": {
      "m": {
        "n": 124,
        "nan_frac": 0.0,
        "mean": -0.11233373382879842,
        "median": -0.1358456313610077,
        "std": 0.8407712700851039,
        "iqr": 1.0736417099833488,
        "mad": 0.5970602482557297,
        "mad_sigma": 0.8852015240639448,
        "skewness": -0.23197252269397836,
        "kurtosis_excess": 0.4761901632416943,
        "delta_mean_median": 0.023511897532209267
      },
      "d": {
        "n": 124,
        "nan_frac": 0.0,
        "mean": 0.21549453141896294,
        "median": 0.11489571258425713,
        "std": 0.8366983970713507,
        "iqr": 0.6904133036732674,
        "mad": 0.32499441877007484,
        "mad_sigma": 0.48183672526851296,
        "skewness": 1.149357643101129,
        "kurtosis_excess": 7.653279928927777,
        "delta_mean_median": 0.10059881883470581
      },
      "e": {
        "n": 124,
        "nan_frac": 0.0,
        "mean": 0.10378486801299357,
        "median": 0.033233228139579296,
        "std": 0.7554624400452984,
        "iqr": 0.8484615832567215,
        "mad": 0.4252532124519348,
        "mad_sigma": 0.6304804127812386,
        "skewness": 1.0808394927129377,
        "kurtosis_excess": 2.4215018555167864,
        "delta_mean_median": 0.07055163987341427
      }
    },
    "subcoords": {
      "m_a": {
        "n": 124,
        "nan_frac": 0.0,
        "mean": -0.48891845354509933,
        "median": 0.10350866988301277,
        "std": 1.7545355761333892,
        "iqr": 1.031841367483139,
        "mad": 0.5126234292984009,
        "mad_sigma": 0.7600154962778091,
        "skewness": -1.8486402398134039,
        "kurtosis_excess": 2.7721859556100448,
        "delta_mean_median": -0.5924271234281121
      },
      "m_e": {
        "n": 124,
        "nan_frac": 0.0,
        "mean": 0.016609524181413073,
        "median": -1.3504177331924438e-07,
        "std": 1.0181592524697796,
        "iqr": 1.335258275270462,
        "mad": 0.6744907796382904,
        "mad_sigma": 1.0000000298917293,
        "skewness": -0.08802916549655722,
        "kurtosis_excess": -0.05730346563984812,
        "delta_mean_median": 0.016609659223186392
      },
      "m_o": {
        "n": 124,
        "nan_frac": 0.0,
        "mean": 0.2489190433594969,
        "median": 0.0,
        "std": 1.3510222403703773,
        "iqr": 1.3160131126642227,
        "mad": 0.674490749835968,
        "mad_sigma": 0.9999999857068061,
        "skewness": 1.8721358407045365,
        "kurtosis_excess": 4.205676510910798,
        "delta_mean_median": 0.2489190433594969
      },
      "d_n": {
        "n": 124,
        "nan_frac": 0.0,
        "mean": 0.4933488692819787,
        "median": -6.316113285720348e-07,
        "std": 2.0729180282254163,
        "iqr": 1.3491582870483398,
        "mad": 0.6744900884223171,
        "mad_sigma": 0.9999990050949272,
        "skewness": 1.7811541153479304,
        "kurtosis_excess": 2.3217195804478763,
        "delta_mean_median": 0.49334950089330726
      },
      "d_l": {
        "n": 124,
        "nan_frac": 0.0,
        "mean": 0.04817627142033269,
        "median": 6.905756890773773e-07,
        "std": 1.3677523393939235,
        "iqr": 1.31565423309803,
        "mad": 0.6744914404116571,
        "mad_sigma": 1.0000010095543228,
        "skewness": -0.532522488951673,
        "kurtosis_excess": 3.9026523020692316,
        "delta_mean_median": 0.048175580844643615
      },
      "d_s": {
        "n": 124,
        "nan_frac": 0.0,
        "mean": 0.20932950419674237,
        "median": -8.987262845039368e-08,
        "std": 1.3423928381576853,
        "iqr": 1.341360092163086,
        "mad": 0.6744906599633396,
        "mad_sigma": 0.9999998524616471,
        "skewness": 1.2147656803954983,
        "kurtosis_excess": 1.879800544682129,
        "delta_mean_median": 0.20932959406937082
      },
      "e_e": {
        "n": 124,
        "nan_frac": 0.0,
        "mean": 0.042403550908690496,
        "median": -2.100132405757904e-06,
        "std": 0.982499755266685,
        "iqr": 1.359560802578926,
        "mad": 0.6744907200336456,
        "mad_sigma": 0.999999941521883,
        "skewness": 0.0043092585129649395,
        "kurtosis_excess": -0.1893631455757947,
        "delta_mean_median": 0.042405651041096254
      },
      "e_s": {
        "n": 124,
        "nan_frac": 0.0,
        "mean": 0.19591322332440364,
        "median": 0.0,
        "std": 1.3998129942104405,
        "iqr": 1.3403390794992447,
        "mad": 0.6744907796382904,
        "mad_sigma": 1.0000000298917293,
        "skewness": 1.504138870507607,
        "kurtosis_excess": 4.533991339331709,
        "delta_mean_median": 0.19591322332440364
      },
      "e_m": {
        "n": 124,
        "nan_frac": 0.0,
        "mean": -0.061063554085370515,
        "median": 0.0,
        "std": 0.9195058937094972,
        "iqr": 1.2880391478538513,
        "mad": 0.6744906902313232,
        "mad_sigma": 0.9999998973369598,
        "skewness": -0.43582629809553947,
        "kurtosis_excess": -0.06559149053088964,
        "delta_mean_median": -0.061063554085370515
      }
    }
  },
  "entropy_provisional": {},
  "geometry_contract": {
    "policy_version": "standard_invalidity_v1",
    "status": "ok",
    "primary_requires_coords_9d": true,
    "shared_time_grid": {
      "epochs_before_policy": 124,
      "epochs_retained": 124,
      "epochs_dropped": 0,
      "drop_fraction": 0.0,
      "dropped_epoch_indices_preview": [],
      "drop_reason_counts": {
        "mnps_3d_nonfinite_rows": 0,
        "coords_9d_nonfinite_rows_affecting_primary": 0
      }
    },
    "mnps_3d": {
      "finite_row_fraction_before": 1.0,
      "nonfinite_row_count": 0,
      "degenerate_axes": [],
      "all_nan_axes": []
    },
    "coords_9d": {
      "available": true,
      "shape_matches_time_grid": true,
      "finite_row_fraction_before": 1.0,
      "nonfinite_row_count": 0,
      "nonfinite_rows_retained_on_shared_grid": 0,
      "degenerate_axes": [],
      "all_nan_axes": []
    },
    "time_grid": {
      "status": "ok",
      "warnings": [],
      "window_count": 124,
      "finite_window_bounds_fraction": 1.0,
      "dt_source": "window_start",
      "dt_sec_runtime": 4.0,
      "dt_sec_config": 4.0,
      "window_sec_config": 8.0,
      "dt_matches_runtime": true,
      "dt_matches_config_formula": true,
      "window_len_matches_config": true,
      "nonpositive_dt_count": 0,
      "nonpositive_window_len_count": 0,
      "dt_intervals_sec": {
        "n": 123,
        "mean": 4.0,
        "median": 4.0,
        "iqr": 0.0,