{
  "dataset_id": "ds004511:sub-S201126:ses-01_gambling_run-01",
  "subject": "sub-S201126",
  "session": "ses-01",
  "reliability_axes": {
    "m": 0.6895172071508363,
    "d": 0.7538907459820247,
    "e": 0.610369734929458
  },
  "reliability_subcoords": {
    "m_a": 0.6884672874606417,
    "m_e": 0.682667420937229,
    "m_o": 0.47266665258756735,
    "d_n": 0.7079841870780776,
    "d_l": 0.7181334013657931,
    "d_s": 0.42256841387638305,
    "e_e": 0.7651765660283497,
    "e_s": 0.6780739440107879,
    "e_m": 0.4208699372867677
  }
}