{
  "dataset_id": "ds004511:sub-S201126:ses-01_gambling_run-01",
  "subject": "sub-S201126",
  "session": "ses-01",
  "coverage": {
    "epochs": 949,
    "seconds": 3796.0
  },
  "artifacts": {
    "methods": [
      "ica"
    ],
    "bad_eeg_channels": [
      "Batt_0",
      "Batt_1",
      "Batt_2",
      "Batt_3",
      "FT9",
      "Gnd-Ref",
      "Gnd-Ref1",
      "Gnd-Ref2",
      "Gnd-Ref3",
      "Ref",
      "Sync"
    ],
    "n_bad_eeg_channels": 11,
    "stem_collisions": {}
  },
  "ensemble": {
    "var_by_subcoord": {
      "m_a": 0.0004747880739159882,
      "m_e": 0.0,
      "m_o": 0.0,
      "d_n": 0.0,
      "d_l": 0.0,
      "d_s": 0.0,
      "e_e": 0.0,
      "e_s": 0.0,
      "e_m": 0.0
    },
    "var_mean": 5.27542304351098e-05,
    "var_max": 0.0004747880739159882
  },
  "reliability": {
    "axes": {
      "m": 0.6895172071508363,
      "d": 0.7538907459820247,
      "e": 0.610369734929458
    },
    "subcoords": {
      "m_a": 0.6884672874606417,
      "m_e": 0.682667420937229,
      "m_o": 0.47266665258756735,
      "d_n": 0.7079841870780776,
      "d_l": 0.7181334013657931,
      "d_s": 0.42256841387638305,
      "e_e": 0.7651765660283497,
      "e_s": 0.6780739440107879,
      "e_m": 0.4208699372867677
    }
  },
  "dist_summary": {
    "axes": {
      "m": {
        "n": 949,
        "nan_frac": 0.0,
        "mean": -0.23322027553238703,
        "median": 0.01973353885114193,
        "std": 1.0673044924817978,
        "iqr": 0.9180409908294678,
        "mad": 0.43490380980074406,
        "mad_sigma": 0.6447883884105831,
        "skewness": -1.9451017009249267,
        "kurtosis_excess": 5.322624736513843,
        "delta_mean_median": -0.25295381438352893
      },
      "d": {
        "n": 949,
        "nan_frac": 0.0,
        "mean": -0.014920508812620326,
        "median": 0.03139462321996689,
        "std": 0.8562151868351618,
        "iqr": 0.874104231595993,
        "mad": 0.4351273253560066,
        "mad_sigma": 0.6451197725728154,
        "skewness": -1.0698403311736344,
        "kurtosis_excess": 2.9114571575643753,
        "delta_mean_median": -0.04631513203258721
      },
      "e": {
        "n": 949,
        "nan_frac": 0.0,
        "mean": 0.0364151662437626,
        "median": 0.07169701159000397,
        "std": 0.7932094571758821,
        "iqr": 0.8623846471309662,
        "mad": 0.426686093211174,
        "mad_sigma": 0.6326048017948865,
        "skewness": -0.4445792040083266,
        "kurtosis_excess": 3.542265512306975,
        "delta_mean_median": -0.03528184534624137
      }
    },
    "subcoords": {
      "m_a": {
        "n": 949,
        "nan_frac": 0.0,
        "mean": -0.44284510435816193,
        "median": 0.06774096190929413,
        "std": 1.4854117487979344,
        "iqr": 1.50986647605896,
        "mad": 0.5974126309156418,
        "mad_sigma": 0.8857239665955304,
        "skewness": -1.694767745365313,
        "kurtosis_excess": 2.9706491419805348,
        "delta_mean_median": -0.5105860662674561
      },
      "m_e": {
        "n": 949,
        "nan_frac": 0.0,
        "mean": -0.3641151612833006,
        "median": 0.0,
        "std": 1.4921389419202562,
        "iqr": 1.4091299176216125,
        "mad": 0.674490749835968,
        "mad_sigma": 0.9999999857068061,
        "skewness": -1.483254805751243,
        "kurtosis_excess": 2.54961084269406,
        "delta_mean_median": -0.3641151612833006
      },
      "m_o": {
        "n": 949,
        "nan_frac": 0.0,
        "mean": 0.21557880987115627,
        "median": 0.0,
        "std": 1.2331541249108104,
        "iqr": 1.419916033744812,
        "mad": 0.674490749835968,
        "mad_sigma": 0.9999999857068061,
        "skewness": 1.1296772128656727,
        "kurtosis_excess": 2.6197181170055286,
        "delta_mean_median": 0.21557880987115627
      },
      "d_n": {
        "n": 949,
        "nan_frac": 0.0,
        "mean": 0.4532564391842793,
        "median": 0.0,
        "std": 1.2721772538183957,
        "iqr": 1.7003692984580994,
        "mad": 0.674490749835968,
        "mad_sigma": 0.9999999857068061,
        "skewness": 1.0790680064946168,
        "kurtosis_excess": 0.6181258456493679,
        "delta_mean_median": 0.4532564391842793
      },
      "d_l": {
        "n": 949,
        "nan_frac": 0.0,
        "mean": -0.33987152742838256,
        "median": 0.0,
        "std": 1.5303820790675018,
        "iqr": 1.4080494046211243,
        "mad": 0.674490749835968,
        "mad_sigma": 0.9999999857068061,
        "skewness": -1.7101782271889323,
        "kurtosis_excess": 3.6869694932953276,
        "delta_mean_median": -0.33987152742838256
      },
      "d_s": {
        "n": 949,
        "nan_frac": 0.0,
        "mean": 0.10069146293935352,
        "median": 0.0,
        "std": 1.0619637542133757,
        "iqr": 1.3505730032920837,
        "mad": 0.674490749835968,
        "mad_sigma": 0.9999999857068061,
        "skewness": 0.4484277267676847,
        "kurtosis_excess": 0.34513493674117335,
        "delta_mean_median": 0.10069146293935352
      },
      "e_e": {
        "n": 949,
        "nan_frac": 0.0,
        "mean": -0.2571372045047024,
        "median": 0.0,
        "std": 1.3280685837799042,
        "iqr": 1.3546742796897888,
        "mad": 0.6744906902313232,
        "mad_sigma": 0.9999998973369598,
        "skewness": -1.7042560831668272,
        "kurtosis_excess": 4.288400823708354,
        "delta_mean_median": -0.2571372045047024
      },
      "e_s": {
        "n": 949,
        "nan_frac": 0.0,
        "mean": 0.43876845474356824,
        "median": 0.0,
        "std": 1.7064110977858722,
        "iqr": 1.4309542179107666,
        "mad": 0.674490749835968,
        "mad_sigma": 0.9999999857068061,
        "skewness": 1.8192021901868136,
        "kurtosis_excess": 3.2893332596635467,
        "delta_mean_median": 0.43876845474356824
      },
      "e_m": {
        "n": 949,
        "nan_frac": 0.0,
        "mean": 0.038431295827207786,
        "median": 0.0,
        "std": 1.0076508092370002,
        "iqr": 1.3482290506362915,
        "mad": 0.6744905710220337,
        "mad_sigma": 0.999999720597267,
        "skewness": 0.18836037574928555,
        "kurtosis_excess": -0.10579348335015748,
        "delta_mean_median": 0.038431295827207786
      }
    }
  },
  "entropy_provisional": {},
  "geometry_contract": {
    "policy_version": "standard_invalidity_v1",
    "status": "ok",
    "primary_requires_coords_9d": true,
    "shared_time_grid": {
      "epochs_before_policy": 949,
      "epochs_retained": 949,
      "epochs_dropped": 0,
      "drop_fraction": 0.0,
      "dropped_epoch_indices_preview": [],
      "drop_reason_counts": {
        "mnps_3d_nonfinite_rows": 0,
        "coords_9d_nonfinite_rows_affecting_primary": 0
      }
    },
    "mnps_3d": {
      "finite_row_fraction_before": 1.0,
      "nonfinite_row_count": 0,
      "degenerate_axes": [],
      "all_nan_axes": []
    },
    "coords_9d": {
      "available": true,
      "shape_matches_time_grid": true,
      "finite_row_fraction_before": 1.0,
      "nonfinite_row_count": 0,
      "nonfinite_rows_retained_on_shared_grid": 0,
      "degenerate_axes": [],
      "all_nan_axes": []
    },
    "time_grid": {
      "status": "ok",
      "warnings": [],
      "window_count": 949,
      "finite_window_bounds_fraction": 1.0,
      "dt_source": "window_start",
      "dt_sec_runtime": 4.0,
      "dt_sec_config": 4.0,
      "window_sec_config": 8.0,
      "dt_matches_runtime": true,
      "dt_matches_config_formula": true,
      "window_len_matches_config": true,
      "nonpositive_dt_count": 0,
      "nonpositive_window_len_count": 0,
      "dt_intervals_sec": {
        "n": 948,
        "mean": 4.0,
        "median": 4.0,
        "iqr": 0.0,
        "p95": 4.0,
        "max": 4.0
      },
      "window_lengths_sec": {
        "n": 949,
        "mean": 8.0,
        "median": 8.0,
        "iqr": 0.0,
        "p95": 8.0,
        "max": 8.0
      }
    },