{
  "dataset_id": "ds004511:sub-S210217:ses-01_cognitive_control_run-01",
  "subject": "sub-S210217",
  "session": "ses-01",
  "reliability_axes": {
    "m": 0.7402647338656287,
    "d": 0.7264315273020465,
    "e": 0.5482276532965376
  },
  "reliability_subcoords": {
    "m_a": 0.6984149195592061,
    "m_e": 0.7599312167402088,
    "m_o": 0.6887384939059336,
    "d_n": 0.60280635495816,
    "d_l": 0.801535028482355,
    "d_s": 0.6231633460402068,
    "e_e": 0.6886632700670818,
    "e_s": 0.6994632085612135,
    "e_m": 0.7169311937052183
  }
}