{
  "dataset_id": "ds004511:sub-S210217:ses-01_cognitive_control_run-01",
  "subject": "sub-S210217",
  "session": "ses-01",
  "coverage": {
    "epochs": 261,
    "seconds": 1044.0
  },
  "artifacts": {
    "methods": [
      "ica"
    ],
    "bad_eeg_channels": [
      "Batt_0",
      "Batt_1",
      "Batt_2",
      "Batt_3",
      "Gnd-Ref",
      "Gnd-Ref1",
      "Gnd-Ref2",
      "Gnd-Ref3",
      "Ref",
      "Sync"
    ],
    "n_bad_eeg_channels": 10,
    "stem_collisions": {}
  },
  "ensemble": {
    "var_by_subcoord": {
      "m_a": 0.0005899362149648368,
      "m_e": 0.0,
      "m_o": 0.0,
      "d_n": 0.0,
      "d_l": 0.0,
      "d_s": 0.0,
      "e_e": 0.0,
      "e_s": 0.0,
      "e_m": 0.0
    },
    "var_mean": 6.554846832942631e-05,
    "var_max": 0.0005899362149648368
  },
  "reliability": {
    "axes": {
      "m": 0.7402647338656287,
      "d": 0.7264315273020465,
      "e": 0.5482276532965376
    },
    "subcoords": {
      "m_a": 0.6984149195592061,
      "m_e": 0.7599312167402088,
      "m_o": 0.6887384939059336,
      "d_n": 0.60280635495816,
      "d_l": 0.801535028482355,
      "d_s": 0.6231633460402068,
      "e_e": 0.6886632700670818,
      "e_s": 0.6994632085612135,
      "e_m": 0.7169311937052183
    }
  },
  "dist_summary": {
    "axes": {
      "m": {
        "n": 261,
        "nan_frac": 0.0,
        "mean": 0.07312326324154476,
        "median": -0.0031513222493231297,
        "std": 0.8163611244789392,
        "iqr": 1.1903175711631775,
        "mad": 0.5620826235972345,
        "mad_sigma": 0.8333436977452598,
        "skewness": 0.20718995388666153,
        "kurtosis_excess": -0.48831149620227166,
        "delta_mean_median": 0.0762745854908679
      },
      "d": {
        "n": 261,
        "nan_frac": 0.0,
        "mean": 0.005990063560184562,
        "median": 0.020587237551808357,
        "std": 0.6363213056641811,
        "iqr": 0.719204843044281,
        "mad": 0.35637366957962513,
        "mad_sigma": 0.5283596025187521,
        "skewness": -1.0359764965567348,
        "kurtosis_excess": 4.785906319760436,
        "delta_mean_median": -0.014597173991623795
      },
      "e": {
        "n": 261,
        "nan_frac": 0.0,
        "mean": -0.02872974459542197,
        "median": -0.04135671257972717,
        "std": 0.6125924747231267,
        "iqr": 0.6867760121822357,
        "mad": 0.3594522476196289,
        "mad_sigma": 0.5329239023208618,
        "skewness": 0.8731229759160986,
        "kurtosis_excess": 3.5296835298275786,
        "delta_mean_median": 0.012626967984305203
      }
    },
    "subcoords": {
      "m_a": {
        "n": 261,
        "nan_frac": 0.0,
        "mean": 0.027707509864193042,
        "median": -0.027956724166870117,
        "std": 0.9772016185575232,
        "iqr": 1.1423898935317993,
        "mad": 0.5786359310150146,
        "mad_sigma": 0.8578856313228607,
        "skewness": -0.25081903621229373,
        "kurtosis_excess": 1.6316082662830933,
        "delta_mean_median": 0.05566423403106316
      },
      "m_e": {
        "n": 261,
        "nan_frac": 0.0,
        "mean": 0.025826087787076544,
        "median": 0.0,
        "std": 0.9188297854251154,
        "iqr": 1.3577184081077576,
        "mad": 0.674490749835968,
        "mad_sigma": 0.9999999857068061,
        "skewness": -0.05359969656494816,
        "kurtosis_excess": -0.7261803497693289,
        "delta_mean_median": 0.025826087787076544
      },
      "m_o": {
        "n": 261,
        "nan_frac": 0.0,
        "mean": 0.19350374346934401,
        "median": 0.0,
        "std": 1.046036305335837,
        "iqr": 1.4082459807395935,
        "mad": 0.674490749835968,
        "mad_sigma": 0.9999999857068061,
        "skewness": 0.6793725901010278,
        "kurtosis_excess": 0.282958873875363,
        "delta_mean_median": 0.19350374346934401
      },
      "d_n": {
        "n": 261,
        "nan_frac": 0.0,
        "mean": 0.005287502483300636,
        "median": 0.0,
        "std": 1.0424654533703215,
        "iqr": 1.3351476192474365,
        "mad": 0.674490749835968,
        "mad_sigma": 0.9999999857068061,
        "skewness": 0.2117559066083352,
        "kurtosis_excess": 0.8374598730647378,
        "delta_mean_median": 0.005287502483300636
      },
      "d_l": {
        "n": 261,
        "nan_frac": 0.0,
        "mean": -0.07667587690190965,
        "median": 0.0,
        "std": 1.1716795748252955,
        "iqr": 1.3664749264717102,
        "mad": 0.674490749835968,
        "mad_sigma": 0.9999999857068061,
        "skewness": -0.8046017624366983,
        "kurtosis_excess": 3.4541125247453923,
        "delta_mean_median": -0.07667587690190965
      },
      "d_s": {
        "n": 261,
        "nan_frac": 0.0,
        "mean": 0.24933774072241566,
        "median": 0.0,
        "std": 1.1365756448228383,
        "iqr": 1.4011446237564087,
        "mad": 0.674490749835968,
        "mad_sigma": 0.9999999857068061,
        "skewness": 1.2142878280382867,
        "kurtosis_excess": 1.5051768925733082,
        "delta_mean_median": 0.24933774072241566
      },
      "e_e": {
        "n": 261,
        "nan_frac": 0.0,
        "mean": -0.10813209990760261,
        "median": 0.0,
        "std": 1.1319031562206479,
        "iqr": 1.3703001141548157,
        "mad": 0.6744906902313232,
        "mad_sigma": 0.9999998973369598,
        "skewness": -0.37117383976079993,
        "kurtosis_excess": 0.13634053947941416,
        "delta_mean_median": -0.10813209990760261
      },
      "e_s": {
        "n": 261,
        "nan_frac": 0.0,
        "mean": 0.052649670999302706,
        "median": 0.0,
        "std": 1.1855104976032038,
        "iqr": 1.3311823606491089,
        "mad": 0.674490749835968,
        "mad_sigma": 0.9999999857068061,
        "skewness": 1.2643231511346584,
        "kurtosis_excess": 4.736014813505071,
        "delta_mean_median": 0.052649670999302706
      },
      "e_m": {
        "n": 261,
        "nan_frac": 0.0,
        "mean": 0.5391622841789947,
        "median": 0.0,
        "std": 1.8587120259310501,
        "iqr": 1.483065128326416,
        "mad": 0.674490749835968,
        "mad_sigma": 0.9999999857068061,
        "skewness": 1.6021591321259177,
        "kurtosis_excess": 1.926576589069195,
        "delta_mean_median": 0.5391622841789947
      }
    }
  },
  "entropy_provisional": {},
  "geometry_contract": {
    "policy_version": "standard_invalidity_v1",
    "status": "ok",
    "primary_requires_coords_9d": true,
    "shared_time_grid": {
      "epochs_before_policy": 261,
      "epochs_retained": 261,
      "epochs_dropped": 0,
      "drop_fraction": 0.0,
      "dropped_epoch_indices_preview": [],
      "drop_reason_counts": {
        "mnps_3d_nonfinite_rows": 0,
        "coords_9d_nonfinite_rows_affecting_primary": 0
      }
    },
    "mnps_3d": {
      "finite_row_fraction_before": 1.0,
      "nonfinite_row_count": 0,
      "degenerate_axes": [],
      "all_nan_axes": []
    },
    "coords_9d": {
      "available": true,
      "shape_matches_time_grid": true,
      "finite_row_fraction_before": 1.0,
      "nonfinite_row_count": 0,
      "nonfinite_rows_retained_on_shared_grid": 0,
      "degenerate_axes": [],
      "all_nan_axes": []
    },
    "time_grid": {
      "status": "ok",
      "warnings": [],
      "window_count": 261,
      "finite_window_bounds_fraction": 1.0,
      "dt_source": "window_start",
      "dt_sec_runtime": 4.0,
      "dt_sec_config": 4.0,
      "window_sec_config": 8.0,
      "dt_matches_runtime": true,
      "dt_matches_config_formula": true,
      "window_len_matches_config": true,
      "nonpositive_dt_count": 0,
      "nonpositive_window_len_count": 0,
      "dt_intervals_sec": {
        "n": 260,
        "mean": 4.0,
        "median": 4.0,
        "iqr": 0.0,
        "p95": 4.0,
        "max": 4.0
      },
      "window_lengths_sec": {
        "n": 261,
        "mean": 8.0,
        "median": 8.0,
        "iqr": 0.0,
        "p95": 8.0,
        "max": 8.0
      }
    },