{
  "dataset_id": "ds004511:sub-S200302:ses-01_cognitive_control_run-01",
  "subject": "sub-S200302",
  "session": "ses-01",
  "reliability_axes": {
    "m": 0.7529684946965669,
    "d": 0.5748538280650881,
    "e": 0.5890869078511598
  },
  "reliability_subcoords": {
    "m_a": 0.7914844487137311,
    "m_e": 0.7852846772180988,
    "m_o": 0.5337628608707803,
    "d_n": 0.8314550689963601,
    "d_l": 0.7731697130387255,
    "d_s": 0.46326835956082757,
    "e_e": 0.8209702394454083,
    "e_s": 0.6913962242410929,
    "e_m": 0.7255051035566823
  }
}