{
  "dataset_id": "ds004511:sub-S200302:ses-01_cognitive_control_run-01",
  "subject": "sub-S200302",
  "session": "ses-01",
  "coverage": {
    "epochs": 269,
    "seconds": 1076.0
  },
  "artifacts": {
    "methods": [
      "ica"
    ],
    "bad_eeg_channels": [
      "Batt_0",
      "Batt_1",
      "Batt_2",
      "Batt_3",
      "Gnd-Ref",
      "Gnd-Ref1",
      "Gnd-Ref2",
      "Gnd-Ref3",
      "Ref",
      "Sync"
    ],
    "n_bad_eeg_channels": 10,
    "stem_collisions": {}
  },
  "ensemble": {
    "var_by_subcoord": {
      "m_a": 0.0008227268699556589,
      "m_e": 0.0,
      "m_o": 0.0,
      "d_n": 0.0,
      "d_l": 0.0,
      "d_s": 0.0,
      "e_e": 0.0,
      "e_s": 0.0,
      "e_m": 0.0
    },
    "var_mean": 9.141409666173988e-05,
    "var_max": 0.0008227268699556589
  },
  "reliability": {
    "axes": {
      "m": 0.7529684946965669,
      "d": 0.5748538280650881,
      "e": 0.5890869078511598
    },
    "subcoords": {
      "m_a": 0.7914844487137311,
      "m_e": 0.7852846772180988,
      "m_o": 0.5337628608707803,
      "d_n": 0.8314550689963601,
      "d_l": 0.7731697130387255,
      "d_s": 0.46326835956082757,
      "e_e": 0.8209702394454083,
      "e_s": 0.6913962242410929,
      "e_m": 0.7255051035566823
    }
  },
  "dist_summary": {
    "axes": {
      "m": {
        "n": 269,
        "nan_frac": 0.0,
        "mean": 0.09262853788582394,
        "median": -0.03326556459069252,
        "std": 0.7881232810258046,
        "iqr": 1.1772240698337555,
        "mad": 0.5619116760790348,
        "mad_sigma": 0.833090250954777,
        "skewness": 0.26842349383285363,
        "kurtosis_excess": -0.4775592856092037,
        "delta_mean_median": 0.12589410247651645
      },
      "d": {
        "n": 269,
        "nan_frac": 0.0,
        "mean": 0.02438354174317411,
        "median": 0.057380031794309616,
        "std": 0.4028351679772633,
        "iqr": 0.557579517364502,
        "mad": 0.2608181945979595,
        "mad_sigma": 0.3866890553109348,
        "skewness": -0.12754543533005241,
        "kurtosis_excess": -0.45398822699146013,
        "delta_mean_median": -0.0329964900511355
      },
      "e": {
        "n": 269,
        "nan_frac": 0.0,
        "mean": 0.05159616271565325,
        "median": 0.008883506990969181,
        "std": 0.4325516840952404,
        "iqr": 0.5485215485095978,
        "mad": 0.27301546838134527,
        "mad_sigma": 0.40477273342218245,
        "skewness": 0.48506498465507214,
        "kurtosis_excess": 0.7875593215938381,
        "delta_mean_median": 0.04271265572468407
      }
    },
    "subcoords": {
      "m_a": {
        "n": 269,
        "nan_frac": 0.0,
        "mean": 0.0681381287524082,
        "median": 0.01082755159586668,
        "std": 0.8165330091179177,
        "iqr": 1.3766233921051025,
        "mad": 0.6786283357068896,
        "mad_sigma": 1.0061343705190344,
        "skewness": 0.07887019556217567,
        "kurtosis_excess": -0.9332247443628865,
        "delta_mean_median": 0.05731057715654152
      },
      "m_e": {
        "n": 269,
        "nan_frac": 0.0,
        "mean": 0.07824847137306204,
        "median": 0.0,
        "std": 0.9669524231249242,
        "iqr": 1.3677522540092468,
        "mad": 0.674490749835968,
        "mad_sigma": 0.9999999857068061,
        "skewness": 0.025085760398949573,
        "kurtosis_excess": -0.32155789052284556,
        "delta_mean_median": 0.07824847137306204
      },
      "m_o": {
        "n": 269,
        "nan_frac": 0.0,
        "mean": 0.14394653193154078,
        "median": 0.0,
        "std": 0.9805198112275476,
        "iqr": 1.39262855052948,
        "mad": 0.674490749835968,
        "mad_sigma": 0.9999999857068061,
        "skewness": 0.6136228814220119,
        "kurtosis_excess": 0.1257158413931685,
        "delta_mean_median": 0.14394653193154078
      },
      "d_n": {
        "n": 269,
        "nan_frac": 0.0,
        "mean": -0.06936461260874642,
        "median": 0.0,
        "std": 0.9193918951875487,
        "iqr": 1.3866008520126343,
        "mad": 0.674490749835968,
        "mad_sigma": 0.9999999857068061,
        "skewness": 0.47679169125098664,
        "kurtosis_excess": 0.8055820607100417,
        "delta_mean_median": -0.06936461260874642
      },
      "d_l": {
        "n": 269,
        "nan_frac": 0.0,
        "mean": 0.03894991105786771,
        "median": 0.0,
        "std": 0.8507609527631088,
        "iqr": 1.3301928639411926,
        "mad": 0.674490749835968,
        "mad_sigma": 0.9999999857068061,
        "skewness": -0.053667852435361804,
        "kurtosis_excess": -0.8319893526028275,
        "delta_mean_median": 0.03894991105786771
      },
      "d_s": {
        "n": 269,
        "nan_frac": 0.0,
        "mean": 0.14913230823165977,
        "median": 0.0,
        "std": 1.0097527431102922,
        "iqr": 1.3663273453712463,
        "mad": 0.674490749835968,
        "mad_sigma": 0.9999999857068061,
        "skewness": 1.0968599173890254,
        "kurtosis_excess": 2.45374007618232,
        "delta_mean_median": 0.14913230823165977
      },
      "e_e": {
        "n": 269,
        "nan_frac": 0.0,
        "mean": 0.02972756798199956,
        "median": 0.0,
        "std": 0.8512472692731325,
        "iqr": 1.3331564664840698,
        "mad": 0.6744906902313232,
        "mad_sigma": 0.9999998973369598,
        "skewness": -0.06290586779943336,
        "kurtosis_excess": -0.8697989821058592,
        "delta_mean_median": 0.02972756798199956
      },
      "e_s": {
        "n": 269,
        "nan_frac": 0.0,
        "mean": 0.08040635235309877,
        "median": 0.0,
        "std": 0.988405975206682,
        "iqr": 1.3614518642425537,
        "mad": 0.674490749835968,
        "mad_sigma": 0.9999999857068061,
        "skewness": 0.65473416511591,
        "kurtosis_excess": 0.24560340674944658,
        "delta_mean_median": 0.08040635235309877
      },
      "e_m": {
        "n": 269,
        "nan_frac": 0.0,
        "mean": 0.0757959239344116,
        "median": 0.0,
        "std": 1.0978907158937075,
        "iqr": 1.3691456317901611,
        "mad": 0.6744906306266785,
        "mad_sigma": 0.9999998089671135,
        "skewness": 1.2722557357042978,
        "kurtosis_excess": 4.78698285581979,
        "delta_mean_median": 0.0757959239344116
      }
    }
  },
  "entropy_provisional": {},
  "geometry_contract": {
    "policy_version": "standard_invalidity_v1",
    "status": "ok",
    "primary_requires_coords_9d": true,
    "shared_time_grid": {
      "epochs_before_policy": 269,
      "epochs_retained": 269,
      "epochs_dropped": 0,
      "drop_fraction": 0.0,
      "dropped_epoch_indices_preview": [],
      "drop_reason_counts": {
        "mnps_3d_nonfinite_rows": 0,
        "coords_9d_nonfinite_rows_affecting_primary": 0
      }
    },
    "mnps_3d": {
      "finite_row_fraction_before": 1.0,
      "nonfinite_row_count": 0,
      "degenerate_axes": [],
      "all_nan_axes": []
    },
    "coords_9d": {
      "available": true,
      "shape_matches_time_grid": true,
      "finite_row_fraction_before": 1.0,
      "nonfinite_row_count": 0,
      "nonfinite_rows_retained_on_shared_grid": 0,
      "degenerate_axes": [],
      "all_nan_axes": []
    },
    "time_grid": {
      "status": "ok",
      "warnings": [],
      "window_count": 269,
      "finite_window_bounds_fraction": 1.0,
      "dt_source": "window_start",
      "dt_sec_runtime": 4.0,
      "dt_sec_config": 4.0,
      "window_sec_config": 8.0,
      "dt_matches_runtime": true,
      "dt_matches_config_formula": true,
      "window_len_matches_config": true,
      "nonpositive_dt_count": 0,
      "nonpositive_window_len_count": 0,
      "dt_intervals_sec": {
        "n": 268,
        "mean": 4.0,
        "median": 4.0,
        "iqr": 0.0,
        "p95": 4.0,
        "max": 4.0
      },
      "window_lengths_sec": {
        "n": 269,
        "mean": 8.0,
        "median": 8.0,
        "iqr": 0.0,
        "p95": 8.0,
        "max": 8.0
      }
    },