{
  "dataset_id": "ds004511:sub-S200309:ses-01_rest_run-01",
  "subject": "sub-S200309",
  "session": "ses-01",
  "reliability_axes": {
    "m": 0.7044047237914276,
    "d": 0.47174775546092357,
    "e": 0.6482024357400771
  },
  "reliability_subcoords": {
    "m_a": 0.5948031892235938,
    "m_e": 0.6011352211609678,
    "m_o": 0.7397036497233319,
    "d_n": 0.5498146257435982,
    "d_l": 0.6610605467970244,
    "d_s": 0.3495645422521862,
    "e_e": 0.7487834639909161,
    "e_s": 0.6067789309543029,
    "e_m": 0.6914919026062543
  }
}