{
  "dataset_id": "ds004511:sub-S200309:ses-01_rest_run-01",
  "subject": "sub-S200309",
  "session": "ses-01",
  "coverage": {
    "epochs": 124,
    "seconds": 496.0
  },
  "artifacts": {
    "methods": [
      "ica"
    ],
    "bad_eeg_channels": [
      "Batt_0",
      "Batt_1",
      "Batt_2",
      "Batt_3",
      "Foto",
      "Gnd-Ref",
      "Gnd-Ref1",
      "Gnd-Ref2",
      "Gnd-Ref3",
      "Ref",
      "Sync"
    ],
    "n_bad_eeg_channels": 11,
    "stem_collisions": {}
  },
  "ensemble": {
    "var_by_subcoord": {
      "m_a": 0.0033427190501242876,
      "m_e": 7.854990529548855e-15,
      "m_o": 6.467645429636404e-15,
      "d_n": 0.0,
      "d_l": 4.518696885853074e-13,
      "d_s": 1.249693521544271e-14,
      "e_e": 5.065511269990164e-13,
      "e_s": 1.7090514658861522e-13,
      "e_m": 0.0
    },
    "var_mean": 0.0003714132279200481,
    "var_max": 0.0033427190501242876
  },
  "reliability": {
    "axes": {
      "m": 0.7044047237914276,
      "d": 0.47174775546092357,
      "e": 0.6482024357400771
    },
    "subcoords": {
      "m_a": 0.5948031892235938,
      "m_e": 0.6011352211609678,
      "m_o": 0.7397036497233319,
      "d_n": 0.5498146257435982,
      "d_l": 0.6610605467970244,
      "d_s": 0.3495645422521862,
      "e_e": 0.7487834639909161,
      "e_s": 0.6067789309543029,
      "e_m": 0.6914919026062543
    }
  },
  "dist_summary": {
    "axes": {
      "m": {
        "n": 124,
        "nan_frac": 0.0,
        "mean": 0.13478013321066334,
        "median": 0.01604619063436985,
        "std": 0.9524992089060659,
        "iqr": 1.3527514785528183,
        "mad": 0.6481961309909821,
        "mad_sigma": 0.96101558380723,
        "skewness": 0.7518821268721088,
        "kurtosis_excess": 0.9696943738109356,
        "delta_mean_median": 0.1187339425762935
      },
      "d": {
        "n": 124,
        "nan_frac": 0.0,
        "mean": 0.08274645753009545,
        "median": 0.0419460441917181,
        "std": 0.5981642738184718,
        "iqr": 0.7776453047990799,
        "mad": 0.3897833377122879,
        "mad_sigma": 0.577892776492238,
        "skewness": 0.31032564672419627,
        "kurtosis_excess": 0.5045673065999332,
        "delta_mean_median": 0.04080041333837735
      },
      "e": {
        "n": 124,
        "nan_frac": 0.0,
        "mean": -0.054955522582355525,
        "median": -0.04281589016318321,
        "std": 0.4477136637287421,
        "iqr": 0.6511667519807816,
        "mad": 0.3192785643041134,
        "mad_sigma": 0.4733623994372785,
        "skewness": 0.2150258101135525,
        "kurtosis_excess": -0.2966852781781224,
        "delta_mean_median": -0.012139632419172312
      }
    },
    "subcoords": {
      "m_a": {
        "n": 124,
        "nan_frac": 0.0,
        "mean": -0.056809106661427404,
        "median": -0.07772769778966904,
        "std": 0.8921176099414954,
        "iqr": 1.325763925909996,
        "mad": 0.6629076078534126,
        "mad_sigma": 0.9828268194034695,
        "skewness": 0.26134113599381414,
        "kurtosis_excess": -0.2433860446888949,
        "delta_mean_median": 0.020918591128241633
      },
      "m_e": {
        "n": 124,
        "nan_frac": 0.0,
        "mean": 0.1463334156170247,
        "median": 0.0,
        "std": 0.9782680322605631,
        "iqr": 1.360693871974945,
        "mad": 0.6744907796382904,
        "mad_sigma": 1.0000000298917293,
        "skewness": 0.21817613320392654,
        "kurtosis_excess": 0.09418187486570684,
        "delta_mean_median": 0.1463334156170247
      },
      "m_o": {
        "n": 124,
        "nan_frac": 0.0,
        "mean": 0.38462690191133125,
        "median": 1.541338860988617e-07,
        "std": 1.3754603785425934,
        "iqr": 1.5954058021306992,
        "mad": 0.6744907200336456,
        "mad_sigma": 0.999999941521883,
        "skewness": 1.4477467040811152,
        "kurtosis_excess": 2.474827018621397,
        "delta_mean_median": 0.38462674777744515
      },
      "d_n": {
        "n": 124,
        "nan_frac": 0.0,
        "mean": 0.07754544482656545,
        "median": 0.0,
        "std": 1.2323013680231485,
        "iqr": 1.3299604654312134,
        "mad": 0.674490749835968,
        "mad_sigma": 0.9999999857068061,
        "skewness": 0.25069052548704357,
        "kurtosis_excess": 0.5143572713881097,
        "delta_mean_median": 0.07754544482656545
      },
      "d_l": {
        "n": 124,
        "nan_frac": 0.0,
        "mean": 0.03259275248274207,
        "median": 5.261972546577454e-07,
        "std": 0.9360214265148744,
        "iqr": 1.355261206626892,
        "mad": 0.674490749835968,
        "mad_sigma": 0.9999999857068061,
        "skewness": 0.5040315416254861,
        "kurtosis_excess": 0.12078204974519657,
        "delta_mean_median": 0.03259222628548741
      },
      "d_s": {
        "n": 124,
        "nan_frac": 0.0,
        "mean": 0.23891265323806193,
        "median": -1.5459954738616943e-07,
        "std": 1.3510454486613066,
        "iqr": 1.3275050818920135,
        "mad": 0.6744907796382904,
        "mad_sigma": 1.0000000298917293,
        "skewness": 1.6204265981717478,
        "kurtosis_excess": 2.938897396725303,
        "delta_mean_median": 0.23891280783760932
      },
      "e_e": {
        "n": 124,
        "nan_frac": 0.0,
        "mean": -0.05285106392787589,
        "median": 2.126675099134445e-06,
        "std": 1.0344209650157588,
        "iqr": 1.3473491817712784,
        "mad": 0.6744885933585465,
        "mad_sigma": 0.999996788513381,
        "skewness": 0.17931839879287442,
        "kurtosis_excess": -0.010741988987880813,
        "delta_mean_median": -0.052853190602975025
      },
      "e_s": {
        "n": 124,
        "nan_frac": 0.0,
        "mean": -0.06613720513339486,
        "median": 0.0,
        "std": 0.962456718733437,
        "iqr": 1.4241789728403091,
        "mad": 0.674490749835968,
        "mad_sigma": 0.9999999857068061,
        "skewness": -0.17977603993835786,
        "kurtosis_excess": -0.42121906207337734,
        "delta_mean_median": -0.06613720513339486
      },
      "e_m": {
        "n": 124,
        "nan_frac": 0.0,
        "mean": 0.1165061223681175,
        "median": -1.7369166016578674e-07,
        "std": 0.9265473767824768,
        "iqr": 1.4331158548593521,
        "mad": 0.6744906008243561,
        "mad_sigma": 0.9999997647821902,
        "skewness": 0.46810867183426086,
        "kurtosis_excess": -0.6013586408394405,
        "delta_mean_median": 0.11650629605977766
      }
    }
  },
  "entropy_provisional": {},
  "geometry_contract": {
    "policy_version": "standard_invalidity_v1",
    "status": "ok",
    "primary_requires_coords_9d": true,
    "shared_time_grid": {
      "epochs_before_policy": 124,
      "epochs_retained": 124,
      "epochs_dropped": 0,
      "drop_fraction": 0.0,
      "dropped_epoch_indices_preview": [],
      "drop_reason_counts": {
        "mnps_3d_nonfinite_rows": 0,
        "coords_9d_nonfinite_rows_affecting_primary": 0
      }
    },
    "mnps_3d": {
      "finite_row_fraction_before": 1.0,
      "nonfinite_row_count": 0,
      "degenerate_axes": [],
      "all_nan_axes": []
    },
    "coords_9d": {
      "available": true,
      "shape_matches_time_grid": true,
      "finite_row_fraction_before": 1.0,
      "nonfinite_row_count": 0,
      "nonfinite_rows_retained_on_shared_grid": 0,
      "degenerate_axes": [],
      "all_nan_axes": []
    },
    "time_grid": {
      "status": "ok",
      "warnings": [],
      "window_count": 124,
      "finite_window_bounds_fraction": 1.0,
      "dt_source": "window_start",
      "dt_sec_runtime": 4.0,
      "dt_sec_config": 4.0,
      "window_sec_config": 8.0,
      "dt_matches_runtime": true,
      "dt_matches_config_formula": true,
      "window_len_matches_config": true,
      "nonpositive_dt_count": 0,
      "nonpositive_window_len_count": 0,
      "dt_intervals_sec": {
        "n": 123,
        "mean": 4.0,
        "median": 4.0,
        "iqr": 0.0,
        "p95": 4.0,