{
  "dataset_id": "ds004511:sub-S210317:ses-01_gambling_run-01",
  "subject": "sub-S210317",
  "session": "ses-01",
  "reliability_axes": {
    "m": 0.5694188672365916,
    "d": 0.7376777409668444,
    "e": 0.6894965478305779
  },
  "reliability_subcoords": {
    "m_a": 0.6378610760479062,
    "m_e": 0.5927069129562186,
    "m_o": 0.4592758073532594,
    "d_n": 0.7200039491921852,
    "d_l": 0.7142345101132487,
    "d_s": 0.5416407761926135,
    "e_e": 0.7681325017217364,
    "e_s": 0.6783930116185662,
    "e_m": 0.3532203862578848
  }
}