{
  "dataset_id": "ds004511:sub-S210317:ses-01_gambling_run-01",
  "subject": "sub-S210317",
  "session": "ses-01",
  "coverage": {
    "epochs": 878,
    "seconds": 3512.0
  },
  "artifacts": {
    "methods": [
      "ica"
    ],
    "bad_eeg_channels": [
      "Batt_0",
      "Batt_1",
      "Batt_2",
      "Batt_3",
      "Gnd-Ref",
      "Gnd-Ref1",
      "Gnd-Ref2",
      "Gnd-Ref3",
      "Ref",
      "Sync"
    ],
    "n_bad_eeg_channels": 10,
    "stem_collisions": {}
  },
  "ensemble": {
    "var_by_subcoord": {
      "m_a": 0.0001944018149515614,
      "m_e": 9.041506023491444e-16,
      "m_o": 4.782090098665341e-15,
      "d_n": 5.0038098664551e-15,
      "d_l": 2.1485599215574636e-13,
      "d_s": 2.136782063951164e-15,
      "e_e": 7.627540499167626e-14,
      "e_s": 4.2923393246858954e-13,
      "e_m": 0.0
    },
    "var_mean": 2.1600201742750394e-05,
    "var_max": 0.0001944018149515614
  },
  "reliability": {
    "axes": {
      "m": 0.5694188672365916,
      "d": 0.7376777409668444,
      "e": 0.6894965478305779
    },
    "subcoords": {
      "m_a": 0.6378610760479062,
      "m_e": 0.5927069129562186,
      "m_o": 0.4592758073532594,
      "d_n": 0.7200039491921852,
      "d_l": 0.7142345101132487,
      "d_s": 0.5416407761926135,
      "e_e": 0.7681325017217364,
      "e_s": 0.6783930116185662,
      "e_m": 0.3532203862578848
    }
  },
  "dist_summary": {
    "axes": {
      "m": {
        "n": 878,
        "nan_frac": 0.0,
        "mean": -0.0033661042336652434,
        "median": -0.009257240919396281,
        "std": 0.8551330441512162,
        "iqr": 1.1280503123998642,
        "mad": 0.5536076724529266,
        "mad_sigma": 0.820778735178709,
        "skewness": -0.15689698240649558,
        "kurtosis_excess": 0.618955018965857,
        "delta_mean_median": 0.005891136685731038
      },
      "d": {
        "n": 878,
        "nan_frac": 0.0,
        "mean": 0.12684406431726364,
        "median": 0.01610486814752221,
        "std": 0.7457767168033396,
        "iqr": 0.7837845981121063,
        "mad": 0.3771309317089617,
        "mad_sigma": 0.5591343193517067,
        "skewness": 0.8206396378347337,
        "kurtosis_excess": 2.738840035366371,
        "delta_mean_median": 0.11073919616974143
      },
      "e": {
        "n": 878,
        "nan_frac": 0.0,
        "mean": 0.05735464993134249,
        "median": 0.03521209582686424,
        "std": 0.5161423992503104,
        "iqr": 0.5702751651406288,
        "mad": 0.2881332188844681,
        "mad_sigma": 0.42718631031811233,
        "skewness": 1.4361352184803782,
        "kurtosis_excess": 6.329047073683904,
        "delta_mean_median": 0.022142554104478247
      }
    },
    "subcoords": {
      "m_a": {
        "n": 878,
        "nan_frac": 0.0,
        "mean": -0.13656477193541164,
        "median": -0.03782940283417702,
        "std": 1.0871487873038224,
        "iqr": 1.2481623589992523,
        "mad": 0.6164336204528809,
        "mad_sigma": 0.9139244856834411,
        "skewness": -1.2545342438936822,
        "kurtosis_excess": 4.291339758043544,
        "delta_mean_median": -0.09873536910123462
      },
      "m_e": {
        "n": 878,
        "nan_frac": 0.0,
        "mean": -0.005324308320790835,
        "median": 0.0,
        "std": 0.9326531448672891,
        "iqr": 1.349318042397499,
        "mad": 0.674490749835968,
        "mad_sigma": 0.9999999857068061,
        "skewness": -0.13856239922597666,
        "kurtosis_excess": -0.4076309671602134,
        "delta_mean_median": -0.005324308320790835
      },
      "m_o": {
        "n": 878,
        "nan_frac": 0.0,
        "mean": 0.18254543294780623,
        "median": 1.182197593152523e-07,
        "std": 1.039965877377071,
        "iqr": 1.4125164598226547,
        "mad": 0.674490838253405,
        "mad_sigma": 1.000000116794498,
        "skewness": 0.9231578258221026,
        "kurtosis_excess": 1.0479809683501564,
        "delta_mean_median": 0.18254531472804691
      },
      "d_n": {
        "n": 878,
        "nan_frac": 0.0,
        "mean": 0.1779263880734291,
        "median": 0.0,
        "std": 1.201569424324559,
        "iqr": 1.3655920177698135,
        "mad": 0.6744907200336456,
        "mad_sigma": 0.999999941521883,
        "skewness": 1.1915914436174257,
        "kurtosis_excess": 2.62102369498066,
        "delta_mean_median": 0.1779263880734291
      },
      "d_l": {
        "n": 878,
        "nan_frac": 0.0,
        "mean": 0.039825000192923364,
        "median": 0.0,
        "std": 1.1987258322094225,
        "iqr": 1.3428927510976791,
        "mad": 0.6744907796382904,
        "mad_sigma": 1.0000000298917293,
        "skewness": -0.37861594745812893,
        "kurtosis_excess": 2.8927501437084837,
        "delta_mean_median": 0.039825000192923364
      },
      "d_s": {
        "n": 878,
        "nan_frac": 0.0,
        "mean": 0.2904671667109759,
        "median": 0.0,
        "std": 1.209465284357242,
        "iqr": 1.499253511428833,
        "mad": 0.6744907796382904,
        "mad_sigma": 1.0000000298917293,
        "skewness": 1.3094124882023912,
        "kurtosis_excess": 2.100952049180486,
        "delta_mean_median": 0.2904671667109759
      },
      "e_e": {
        "n": 878,
        "nan_frac": 0.0,
        "mean": 0.030422147858388305,
        "median": 1.7427955754101276e-06,
        "std": 0.9599853214622889,
        "iqr": 1.341966763138771,
        "mad": 0.6744924926315434,
        "mad_sigma": 1.0000025695755261,
        "skewness": 0.03742331377627812,
        "kurtosis_excess": -0.32940891251124693,
        "delta_mean_median": 0.030420405062812895
      },
      "e_s": {
        "n": 878,
        "nan_frac": 0.0,
        "mean": 0.09318775099728432,
        "median": 7.175549399107695e-07,
        "std": 1.2503647690360742,
        "iqr": 1.3430654555559158,
        "mad": 0.674490749835968,
        "mad_sigma": 0.9999999857068061,
        "skewness": 1.474638049495881,
        "kurtosis_excess": 5.408016224440054,
        "delta_mean_median": 0.09318703344234441
      },
      "e_m": {
        "n": 878,
        "nan_frac": 0.0,
        "mean": 0.07989160159821802,
        "median": 0.0,
        "std": 1.1407540862917074,
        "iqr": 1.3345583528280258,
        "mad": 0.6744907200336456,
        "mad_sigma": 0.999999941521883,
        "skewness": 0.9793405445913775,
        "kurtosis_excess": 3.255295015825677,
        "delta_mean_median": 0.07989160159821802
      }
    }
  },
  "entropy_provisional": {},
  "geometry_contract": {
    "policy_version": "standard_invalidity_v1",
    "status": "ok",
    "primary_requires_coords_9d": true,
    "shared_time_grid": {
      "epochs_before_policy": 878,
      "epochs_retained": 878,
      "epochs_dropped": 0,
      "drop_fraction": 0.0,
      "dropped_epoch_indices_preview": [],
      "drop_reason_counts": {
        "mnps_3d_nonfinite_rows": 0,
        "coords_9d_nonfinite_rows_affecting_primary": 0
      }
    },
    "mnps_3d": {
      "finite_row_fraction_before": 1.0,
      "nonfinite_row_count": 0,
      "degenerate_axes": [],
      "all_nan_axes": []
    },
    "coords_9d": {
      "available": true,
      "shape_matches_time_grid": true,
      "finite_row_fraction_before": 1.0,
      "nonfinite_row_count": 0,
      "nonfinite_rows_retained_on_shared_grid": 0,
      "degenerate_axes": [],
      "all_nan_axes": []
    },
    "time_grid": {
      "status": "ok",
      "warnings": [],
      "window_count": 878,
      "finite_window_bounds_fraction": 1.0,
      "dt_source": "window_start",
      "dt_sec_runtime": 4.0,
      "dt_sec_config": 4.0,
      "window_sec_config": 8.0,
      "dt_matches_runtime": true,
      "dt_matches_config_formula": true,
      "window_len_matches_config": true,
      "nonpositive_dt_count": 0,
      "nonpositive_window_len_count": 0,
      "dt_intervals_sec": {
        "n": 877,
        "mean": 4.0,
        "median": 4.0,
        "iqr": 0.0,
        "p95": 4.0,
        "max": 4.0
      },