task_label,r,p,n_epochs
gambling,0.02996288813980105,2.0649716580919157e-09,39985
cognitive_control,0.031859201296099905,0.0006822968991830593,11363
rest,-0.02424544647521207,0.07328289107365908,5458
