{
  "dataset_id": "ds004511:sub-S210208:ses-01_rest_run-01",
  "subject": "sub-S210208",
  "session": "ses-01",
  "reliability_axes": {
    "m": 0.4431598999589159,
    "d": 0.5793879444592025,
    "e": 0.6220778786296074
  },
  "reliability_subcoords": {
    "m_a": 0.3864852168069708,
    "m_e": 0.6467372537436689,
    "m_o": 0.6333093245203507,
    "d_n": 0.8526307498637388,
    "d_l": 0.30658342363713736,
    "d_s": 0.7450594463259994,
    "e_e": 0.7636823877679615,
    "e_s": 0.29729843818926394,
    "e_m": 0.7211536668855864
  }
}