{
  "dataset_id": "ds004511:sub-S210208:ses-01_rest_run-01",
  "subject": "sub-S210208",
  "session": "ses-01",
  "coverage": {
    "epochs": 124,
    "seconds": 496.0
  },
  "artifacts": {
    "methods": [
      "ica"
    ],
    "bad_eeg_channels": [
      "Batt_0",
      "Batt_1",
      "Batt_2",
      "Batt_3",
      "Foto",
      "Gnd-Ref",
      "Gnd-Ref1",
      "Gnd-Ref2",
      "Gnd-Ref3",
      "Ref",
      "Sync"
    ],
    "n_bad_eeg_channels": 11,
    "stem_collisions": {}
  },
  "ensemble": {
    "var_by_subcoord": {
      "m_a": 0.004271449521183968,
      "m_e": 5.470884162361855e-16,
      "m_o": 2.1709386675491937e-15,
      "d_n": 1.115940835832302e-14,
      "d_l": 2.667543920129023e-14,
      "d_s": 2.9306484471722065e-15,
      "e_e": 3.4684470465000394e-13,
      "e_s": 8.395663179429358e-14,
      "e_m": 0.0
    },
    "var_mean": 0.00047460550240647256,
    "var_max": 0.004271449521183968
  },
  "reliability": {
    "axes": {
      "m": 0.4431598999589159,
      "d": 0.5793879444592025,
      "e": 0.6220778786296074
    },
    "subcoords": {
      "m_a": 0.3864852168069708,
      "m_e": 0.6467372537436689,
      "m_o": 0.6333093245203507,
      "d_n": 0.8526307498637388,
      "d_l": 0.30658342363713736,
      "d_s": 0.7450594463259994,
      "e_e": 0.7636823877679615,
      "e_s": 0.29729843818926394,
      "e_m": 0.7211536668855864
    }
  },
  "dist_summary": {
    "axes": {
      "m": {
        "n": 124,
        "nan_frac": 0.0,
        "mean": 0.022066731696888324,
        "median": 0.0929194986820221,
        "std": 0.9927131367414527,
        "iqr": 1.387827306985855,
        "mad": 0.7013551592826843,
        "mad_sigma": 1.0398291591525077,
        "skewness": -0.3033147859632567,
        "kurtosis_excess": 0.44372155126709867,
        "delta_mean_median": -0.07085276698513376
      },
      "d": {
        "n": 124,
        "nan_frac": 0.0,
        "mean": 0.05221914430524433,
        "median": 0.05506291426718235,
        "std": 0.7304192547801616,
        "iqr": 0.8477250263094902,
        "mad": 0.4207496400922537,
        "mad_sigma": 0.6238034164007753,
        "skewness": 0.5713328894011075,
        "kurtosis_excess": 4.497526685852344,
        "delta_mean_median": -0.0028437699619380183
      },
      "e": {
        "n": 124,
        "nan_frac": 0.0,
        "mean": -0.0032038709013572624,
        "median": -0.0213577663525939,
        "std": 0.6694317592095006,
        "iqr": 0.8131405338644981,
        "mad": 0.4100217670202255,
        "mad_sigma": 0.6078982717841863,
        "skewness": 0.6653905605969519,
        "kurtosis_excess": 1.5037254319992046,
        "delta_mean_median": 0.018153895451236635
      }
    },
    "subcoords": {
      "m_a": {
        "n": 124,
        "nan_frac": 0.0,
        "mean": -0.34773403297989597,
        "median": -0.04931202158331871,
        "std": 1.3843839223984964,
        "iqr": 1.1205886900424957,
        "mad": 0.5638044811785221,
        "mad_sigma": 0.8358965237952768,
        "skewness": -1.7734863275455126,
        "kurtosis_excess": 3.771247514401815,
        "delta_mean_median": -0.29842201139657726
      },
      "m_e": {
        "n": 124,
        "nan_frac": 0.0,
        "mean": 0.10042254118278864,
        "median": 0.0,
        "std": 0.7908420247660513,
        "iqr": 1.2797951847314835,
        "mad": 0.674490749835968,
        "mad_sigma": 0.9999999857068061,
        "skewness": 0.07134380242552682,
        "kurtosis_excess": -0.9397456109558351,
        "delta_mean_median": 0.10042254118278864
      },
      "m_o": {
        "n": 124,
        "nan_frac": 0.0,
        "mean": 0.4358018232930091,
        "median": 0.0,
        "std": 1.3210791277627387,
        "iqr": 1.8095586895942688,
        "mad": 0.6744907796382904,
        "mad_sigma": 1.0000000298917293,
        "skewness": 1.2883673143351557,
        "kurtosis_excess": 1.4122562583918263,
        "delta_mean_median": 0.4358018232930091
      },
      "d_n": {
        "n": 124,
        "nan_frac": 0.0,
        "mean": 0.07948480472494397,
        "median": 0.0,
        "std": 1.2567650810694038,
        "iqr": 1.3877048939466476,
        "mad": 0.674490749835968,
        "mad_sigma": 0.9999999857068061,
        "skewness": 1.7501323396489479,
        "kurtosis_excess": 6.334253563031268,
        "delta_mean_median": 0.07948480472494397
      },
      "d_l": {
        "n": 124,
        "nan_frac": 0.0,
        "mean": -0.012098217773581705,
        "median": 0.0,
        "std": 1.2779012006345871,
        "iqr": 1.418483704328537,
        "mad": 0.674490749835968,
        "mad_sigma": 0.9999999857068061,
        "skewness": -1.5819747767556775,
        "kurtosis_excess": 6.032516181141522,
        "delta_mean_median": -0.012098217773581705
      },
      "d_s": {
        "n": 124,
        "nan_frac": 0.0,
        "mean": 0.1918884462887241,
        "median": 0.0,
        "std": 1.048798714794833,
        "iqr": 1.5540591478347778,
        "mad": 0.674490749835968,
        "mad_sigma": 0.9999999857068061,
        "skewness": 0.7379239751944856,
        "kurtosis_excess": 0.33017963200653844,
        "delta_mean_median": 0.1918884462887241
      },
      "e_e": {
        "n": 124,
        "nan_frac": 0.0,
        "mean": -0.1449566463369035,
        "median": 0.0,
        "std": 0.9996062412674914,
        "iqr": 1.3282009065151215,
        "mad": 0.674490749835968,
        "mad_sigma": 0.9999999857068061,
        "skewness": -0.4647243908743309,
        "kurtosis_excess": -0.08505287964337072,
        "delta_mean_median": -0.1449566463369035
      },
      "e_s": {
        "n": 124,
        "nan_frac": 0.0,
        "mean": 0.18568975583560043,
        "median": 0.0,
        "std": 1.3343124719208166,
        "iqr": 1.2883317470550537,
        "mad": 0.6744907796382904,
        "mad_sigma": 1.0000000298917293,
        "skewness": 1.7171841983354943,
        "kurtosis_excess": 5.249289190709479,
        "delta_mean_median": 0.18568975583560043
      },
      "e_m": {
        "n": 124,
        "nan_frac": 0.0,
        "mean": 0.10932305902092447,
        "median": 0.0,
        "std": 1.0015865373219377,
        "iqr": 1.3464937657117844,
        "mad": 0.6744907200336456,
        "mad_sigma": 0.999999941521883,
        "skewness": 0.8810297413066658,
        "kurtosis_excess": 1.407974118750797,
        "delta_mean_median": 0.10932305902092447
      }
    }
  },
  "entropy_provisional": {},
  "geometry_contract": {
    "policy_version": "standard_invalidity_v1",
    "status": "ok",
    "primary_requires_coords_9d": true,
    "shared_time_grid": {
      "epochs_before_policy": 124,
      "epochs_retained": 124,
      "epochs_dropped": 0,
      "drop_fraction": 0.0,
      "dropped_epoch_indices_preview": [],
      "drop_reason_counts": {
        "mnps_3d_nonfinite_rows": 0,
        "coords_9d_nonfinite_rows_affecting_primary": 0
      }
    },
    "mnps_3d": {
      "finite_row_fraction_before": 1.0,
      "nonfinite_row_count": 0,
      "degenerate_axes": [],
      "all_nan_axes": []
    },
    "coords_9d": {
      "available": true,
      "shape_matches_time_grid": true,
      "finite_row_fraction_before": 1.0,
      "nonfinite_row_count": 0,
      "nonfinite_rows_retained_on_shared_grid": 0,
      "degenerate_axes": [],
      "all_nan_axes": []
    },
    "time_grid": {
      "status": "ok",
      "warnings": [],
      "window_count": 124,
      "finite_window_bounds_fraction": 1.0,
      "dt_source": "window_start",
      "dt_sec_runtime": 4.0,
      "dt_sec_config": 4.0,
      "window_sec_config": 8.0,
      "dt_matches_runtime": true,
      "dt_matches_config_formula": true,
      "window_len_matches_config": true,
      "nonpositive_dt_count": 0,
      "nonpositive_window_len_count": 0,
      "dt_intervals_sec": {
        "n": 123,
        "mean": 4.0,
        "median": 4.0,
        "iqr": 0.0,
        "p95": 4.0,
        "max": 4.0
      },
      "window_lengths_sec": {
        "n": 124,