{
  "dataset_id": "ds004511:sub-S210316:ses-01_gambling_run-01",
  "subject": "sub-S210316",
  "session": "ses-01",
  "reliability_axes": {
    "m": 0.6491111891294639,
    "d": 0.6578890693980819,
    "e": 0.5609249483043577
  },
  "reliability_subcoords": {
    "m_a": 0.7183182310500792,
    "m_e": 0.665649325289129,
    "m_o": 0.5043519811724158,
    "d_n": 0.7105231077789237,
    "d_l": 0.6968942946600907,
    "d_s": 0.6591568177886492,
    "e_e": 0.6848419518266533,
    "e_s": 0.6819191131144787,
    "e_m": 0.6131759684368651
  }
}