{
  "dataset_id": "ds004511:sub-S210316:ses-01_gambling_run-01",
  "subject": "sub-S210316",
  "session": "ses-01",
  "coverage": {
    "epochs": 1164,
    "seconds": 4656.0
  },
  "artifacts": {
    "methods": [
      "ica"
    ],
    "bad_eeg_channels": [
      "Batt_0",
      "Batt_1",
      "Batt_2",
      "Batt_3",
      "Gnd-Ref",
      "Gnd-Ref1",
      "Gnd-Ref2",
      "Gnd-Ref3",
      "Ref",
      "Sync"
    ],
    "n_bad_eeg_channels": 10,
    "stem_collisions": {}
  },
  "ensemble": {
    "var_by_subcoord": {
      "m_a": 7.031959830783308e-05,
      "m_e": 6.47171881107975e-15,
      "m_o": 6.012781113664319e-15,
      "d_n": 5.622578022336207e-15,
      "d_l": 1.5983385676186096e-13,
      "d_s": 8.073187910827458e-15,
      "e_e": 1.5116673104248468e-12,
      "e_s": 2.2492865046647853e-13,
      "e_m": 0.0
    },
    "var_mean": 7.813288914493684e-06,
    "var_max": 7.031959830783308e-05
  },
  "reliability": {
    "axes": {
      "m": 0.6491111891294639,
      "d": 0.6578890693980819,
      "e": 0.5609249483043577
    },
    "subcoords": {
      "m_a": 0.7183182310500792,
      "m_e": 0.665649325289129,
      "m_o": 0.5043519811724158,
      "d_n": 0.7105231077789237,
      "d_l": 0.6968942946600907,
      "d_s": 0.6591568177886492,
      "e_e": 0.6848419518266533,
      "e_s": 0.6819191131144787,
      "e_m": 0.6131759684368651
    }
  },
  "dist_summary": {
    "axes": {
      "m": {
        "n": 1164,
        "nan_frac": 0.0,
        "mean": -0.11346090767492381,
        "median": -0.039182424545288086,
        "std": 1.0165499763740946,
        "iqr": 1.054637797176838,
        "mad": 0.5273737609386444,
        "mad_sigma": 0.7818843379676341,
        "skewness": -0.9978110296550448,
        "kurtosis_excess": 3.230865008125229,
        "delta_mean_median": -0.07427848312963573
      },
      "d": {
        "n": 1164,
        "nan_frac": 0.0,
        "mean": -0.0006836038843438164,
        "median": 0.03526615537703037,
        "std": 0.7581777571157389,
        "iqr": 0.8081968501210213,
        "mad": 0.4048339184373617,
        "mad_sigma": 0.6002067674752325,
        "skewness": -0.7579687746642174,
        "kurtosis_excess": 2.5592271003867575,
        "delta_mean_median": -0.03594975926137419
      },
      "e": {
        "n": 1164,
        "nan_frac": 0.0,
        "mean": 0.07892782462350152,
        "median": 0.06538818776607513,
        "std": 0.6207422484705586,
        "iqr": 0.6769181117415428,
        "mad": 0.33645249903202057,
        "mad_sigma": 0.49882447506487365,
        "skewness": 0.36496650677136394,
        "kurtosis_excess": 1.8765526573833595,
        "delta_mean_median": 0.013539636857426388
      }
    },
    "subcoords": {
      "m_a": {
        "n": 1164,
        "nan_frac": 0.0,
        "mean": -0.14083263046777075,
        "median": -5.5089592933654785e-05,
        "std": 1.2689195633852257,
        "iqr": 1.2434592843055725,
        "mad": 0.624451071023941,
        "mad_sigma": 0.9258111579000949,
        "skewness": -1.601618818288569,
        "kurtosis_excess": 5.585097569889635,
        "delta_mean_median": -0.1407775408748371
      },
      "m_e": {
        "n": 1164,
        "nan_frac": 0.0,
        "mean": -0.19581655171050535,
        "median": 0.0,
        "std": 1.3870859082197378,
        "iqr": 1.391751453280449,
        "mad": 0.6744907796382904,
        "mad_sigma": 1.0000000298917293,
        "skewness": -1.3857416133134515,
        "kurtosis_excess": 3.7116263629553794,
        "delta_mean_median": -0.19581655171050535
      },
      "m_o": {
        "n": 1164,
        "nan_frac": 0.0,
        "mean": 0.024908145868974635,
        "median": 1.0881194612011313e-07,
        "std": 1.1376704446986223,
        "iqr": 1.3571763187646866,
        "mad": 0.6744907796382904,
        "mad_sigma": 1.0000000298917293,
        "skewness": 0.3251894025174698,
        "kurtosis_excess": 1.2750399414552929,
        "delta_mean_median": 0.024908037057028515
      },
      "d_n": {
        "n": 1164,
        "nan_frac": 0.0,
        "mean": 0.11459881742624886,
        "median": 0.0,
        "std": 1.4450898522169746,
        "iqr": 1.3422504365444183,
        "mad": 0.6744907796382904,
        "mad_sigma": 1.0000000298917293,
        "skewness": 0.9201549600879515,
        "kurtosis_excess": 3.7168100852733685,
        "delta_mean_median": 0.11459881742624886
      },
      "d_l": {
        "n": 1164,
        "nan_frac": 0.0,
        "mean": -0.1708781005961891,
        "median": 4.797475412487984e-07,
        "std": 1.3810212135570743,
        "iqr": 1.3452288657426834,
        "mad": 0.674490749835968,
        "mad_sigma": 0.9999999857068061,
        "skewness": -1.6361380801683083,
        "kurtosis_excess": 4.491787902982511,
        "delta_mean_median": -0.17087858034373035
      },
      "d_s": {
        "n": 1164,
        "nan_frac": 0.0,
        "mean": 0.2918816564392212,
        "median": 0.0,
        "std": 1.5195886641068987,
        "iqr": 1.3579802364110947,
        "mad": 0.674490749835968,
        "mad_sigma": 0.9999999857068061,
        "skewness": 2.0202928690546833,
        "kurtosis_excess": 5.013050153159963,
        "delta_mean_median": 0.2918816564392212
      },
      "e_e": {
        "n": 1164,
        "nan_frac": 0.0,
        "mean": -0.10291899517556585,
        "median": 2.3008324205875397e-06,
        "std": 1.103624392466928,
        "iqr": 1.353342592716217,
        "mad": 0.6744929910637438,
        "mad_sigma": 1.0000033085511066,
        "skewness": -0.9573390981250098,
        "kurtosis_excess": 2.2435561089192646,
        "delta_mean_median": -0.10292129600798644
      },
      "e_s": {
        "n": 1164,
        "nan_frac": 0.0,
        "mean": 0.329549133280753,
        "median": 0.0,
        "std": 1.5787218388551651,
        "iqr": 1.362626627087593,
        "mad": 0.6744907796382904,
        "mad_sigma": 1.0000000298917293,
        "skewness": 1.9694869306356453,
        "kurtosis_excess": 4.422290994002289,
        "delta_mean_median": 0.329549133280753
      },
      "e_m": {
        "n": 1164,
        "nan_frac": 0.0,
        "mean": 0.0517476248551685,
        "median": 0.0,
        "std": 1.1069172567306076,
        "iqr": 1.3473305702209473,
        "mad": 0.6744907200336456,
        "mad_sigma": 0.999999941521883,
        "skewness": 0.9491029065449982,
        "kurtosis_excess": 3.4325886472961473,
        "delta_mean_median": 0.0517476248551685
      }
    }
  },
  "entropy_provisional": {},
  "geometry_contract": {
    "policy_version": "standard_invalidity_v1",
    "status": "adjusted",
    "primary_requires_coords_9d": true,
    "shared_time_grid": {
      "epochs_before_policy": 1164,
      "epochs_retained": 1164,
      "epochs_dropped": 0,
      "drop_fraction": 0.0,
      "dropped_epoch_indices_preview": [],
      "drop_reason_counts": {
        "mnps_3d_nonfinite_rows": 0,
        "coords_9d_nonfinite_rows_affecting_primary": 0
      }
    },
    "mnps_3d": {
      "finite_row_fraction_before": 1.0,
      "nonfinite_row_count": 0,
      "degenerate_axes": [],
      "all_nan_axes": []
    },
    "coords_9d": {
      "available": true,
      "shape_matches_time_grid": true,
      "finite_row_fraction_before": 1.0,
      "nonfinite_row_count": 0,
      "nonfinite_rows_retained_on_shared_grid": 0,
      "degenerate_axes": [],
      "all_nan_axes": []
    },
    "time_grid": {
      "status": "ok",
      "warnings": [],
      "window_count": 1164,
      "finite_window_bounds_fraction": 1.0,
      "dt_source": "window_start",
      "dt_sec_runtime": 4.0,
      "dt_sec_config": 4.0,
      "window_sec_config": 8.0,
      "dt_matches_runtime": true,
      "dt_matches_config_formula": true,
      "window_len_matches_config": true,
      "nonpositive_dt_count": 0,
      "nonpositive_window_len_count": 0,
      "dt_intervals_sec": {
        "n": 1163,
        "mean": 4.0,
        "median": 4.0,
        "iqr": 0.0,
        "p95": 4.0,