{
  "dataset_id": "ds004511:sub-S201222:ses-01_cognitive_control_run-01",
  "subject": "sub-S201222",
  "session": "ses-01",
  "reliability_axes": {
    "m": 0.6707734172571403,
    "d": 0.6138752156352902,
    "e": 0.5042076823114501
  },
  "reliability_subcoords": {
    "m_a": 0.6032764877459169,
    "m_e": 0.6942670786603865,
    "m_o": 0.5302859306364089,
    "d_n": 0.6790344258398142,
    "d_l": 0.5972693993298548,
    "d_s": 0.5867643169357418,
    "e_e": 0.7250046587747777,
    "e_s": 0.5859842085342819,
    "e_m": 0.6047495966444304
  }
}