{
  "dataset_id": "ds004511:sub-S201222:ses-01_cognitive_control_run-01",
  "subject": "sub-S201222",
  "session": "ses-01",
  "coverage": {
    "epochs": 268,
    "seconds": 1072.0
  },
  "artifacts": {
    "methods": [
      "ica"
    ],
    "bad_eeg_channels": [
      "Batt_0",
      "Batt_1",
      "Batt_2",
      "Batt_3",
      "FP1",
      "Gnd-Ref",
      "Gnd-Ref1",
      "Gnd-Ref2",
      "Gnd-Ref3",
      "Ref",
      "Sync"
    ],
    "n_bad_eeg_channels": 11,
    "stem_collisions": {}
  },
  "ensemble": {
    "var_by_subcoord": {
      "m_a": 0.006124497391283512,
      "m_e": 2.997503063633094e-15,
      "m_o": 1.1101134397376055e-15,
      "d_n": 3.233253508677647e-15,
      "d_l": 9.317303466304175e-14,
      "d_s": 1.6827359818061272e-15,
      "e_e": 3.3664501850223794e-13,
      "e_s": 8.767569427360535e-15,
      "e_m": 0.0
    },
    "var_mean": 0.0006804997101923469,
    "var_max": 0.006124497391283512
  },
  "reliability": {
    "axes": {
      "m": 0.6707734172571403,
      "d": 0.6138752156352902,
      "e": 0.5042076823114501
    },
    "subcoords": {
      "m_a": 0.6032764877459169,
      "m_e": 0.6942670786603865,
      "m_o": 0.5302859306364089,
      "d_n": 0.6790344258398142,
      "d_l": 0.5972693993298548,
      "d_s": 0.5867643169357418,
      "e_e": 0.7250046587747777,
      "e_s": 0.5859842085342819,
      "e_m": 0.6047495966444304
    }
  },
  "dist_summary": {
    "axes": {
      "m": {
        "n": 268,
        "nan_frac": 0.0,
        "mean": -0.09494723484559513,
        "median": -0.08550134301185608,
        "std": 0.844851598173886,
        "iqr": 1.1652421206235886,
        "mad": 0.5833489298820496,
        "mad_sigma": 0.8648731234431266,
        "skewness": -0.36852386227113576,
        "kurtosis_excess": 0.29521093200656434,
        "delta_mean_median": -0.009445891833739048
      },
      "d": {
        "n": 268,
        "nan_frac": 0.0,
        "mean": 0.19367399447642739,
        "median": 0.041602592915296555,
        "std": 0.8126000654139081,
        "iqr": 1.1085321605205536,
        "mad": 0.5356194265186787,
        "mad_sigma": 0.794109361756593,
        "skewness": 0.5306326346661729,
        "kurtosis_excess": -0.2736158377814477,
        "delta_mean_median": 0.15207140156113083
      },
      "e": {
        "n": 268,
        "nan_frac": 0.0,
        "mean": 0.08728017081913135,
        "median": 0.0872134156525135,
        "std": 0.7323961057514652,
        "iqr": 0.8481066003441811,
        "mad": 0.4292593412101269,
        "mad_sigma": 0.636419899278134,
        "skewness": 0.2389679051876811,
        "kurtosis_excess": 1.0213645361376749,
        "delta_mean_median": 6.67551666178462e-05
      }
    },
    "subcoords": {
      "m_a": {
        "n": 268,
        "nan_frac": 0.0,
        "mean": -0.08110948401822973,
        "median": -0.033079929649829865,
        "std": 1.0637302249706622,
        "iqr": 1.2908380031585693,
        "mad": 0.6454520896077156,
        "mad_sigma": 0.9569472680523992,
        "skewness": -0.2799652972870238,
        "kurtosis_excess": 0.8842363773689361,
        "delta_mean_median": -0.04802955436839987
      },
      "m_e": {
        "n": 268,
        "nan_frac": 0.0,
        "mean": -0.1816521845010818,
        "median": 0.0,
        "std": 1.1508063568523108,
        "iqr": 1.3840849548578262,
        "mad": 0.6744907796382904,
        "mad_sigma": 1.0000000298917293,
        "skewness": -1.0656755271271792,
        "kurtosis_excess": 2.252483087967283,
        "delta_mean_median": -0.1816521845010818
      },
      "m_o": {
        "n": 268,
        "nan_frac": 0.0,
        "mean": -0.008039857045427631,
        "median": 0.0,
        "std": 1.1577966189997124,
        "iqr": 1.3806246221065521,
        "mad": 0.674490749835968,
        "mad_sigma": 0.9999999857068061,
        "skewness": 0.6636442194813857,
        "kurtosis_excess": 1.7039337800248981,
        "delta_mean_median": -0.008039857045427631
      },
      "d_n": {
        "n": 268,
        "nan_frac": 0.0,
        "mean": 0.2684131087179282,
        "median": 0.0,
        "std": 1.298431063893463,
        "iqr": 1.4454335123300552,
        "mad": 0.674490749835968,
        "mad_sigma": 0.9999999857068061,
        "skewness": 1.1263423451347447,
        "kurtosis_excess": 1.1378932549962544,
        "delta_mean_median": 0.2684131087179282
      },
      "d_l": {
        "n": 268,
        "nan_frac": 0.0,
        "mean": 0.010249815338270378,
        "median": 1.9243452697992325e-07,
        "std": 1.1600199654350078,
        "iqr": 1.3631082624197006,
        "mad": 0.6744907796382904,
        "mad_sigma": 1.0000000298917293,
        "skewness": 0.06450423309921632,
        "kurtosis_excess": 0.1945479173374407,
        "delta_mean_median": 0.010249622903743398
      },
      "d_s": {
        "n": 268,
        "nan_frac": 0.0,
        "mean": 0.5973820888590234,
        "median": 5.3551048040390015e-08,
        "std": 1.7768982038049208,
        "iqr": 1.5809655487537384,
        "mad": 0.6744908033870161,
        "mad_sigma": 1.00000006510159,
        "skewness": 1.8580098353786147,
        "kurtosis_excess": 2.9509441227969546,
        "delta_mean_median": 0.5973820353079754
      },
      "e_e": {
        "n": 268,
        "nan_frac": 0.0,
        "mean": -0.1148269729304441,
        "median": 2.353677700739354e-06,
        "std": 1.0706939570923046,
        "iqr": 1.3979202657938004,
        "mad": 0.674490749835968,
        "mad_sigma": 0.9999999857068061,
        "skewness": -0.4612533993528254,
        "kurtosis_excess": 0.31419602281459635,
        "delta_mean_median": -0.11482932660814484
      },
      "e_s": {
        "n": 268,
        "nan_frac": 0.0,
        "mean": 0.36302627963813217,
        "median": -1.4505349099636078e-07,
        "std": 1.5751166453699978,
        "iqr": 1.4135234355926514,
        "mad": 0.6744906345847994,
        "mad_sigma": 0.9999998148354236,
        "skewness": 1.880557894935069,
        "kurtosis_excess": 4.062141337056291,
        "delta_mean_median": 0.36302642469162316
      },
      "e_m": {
        "n": 268,
        "nan_frac": 0.0,
        "mean": 0.11489668105374466,
        "median": 1.3853423297405243e-07,
        "std": 0.9909557973003289,
        "iqr": 1.346092328429222,
        "mad": 0.6744907200336456,
        "mad_sigma": 0.999999941521883,
        "skewness": 0.7592813696182598,
        "kurtosis_excess": 1.3365426364203445,
        "delta_mean_median": 0.11489654251951169
      }
    }
  },
  "entropy_provisional": {},
  "geometry_contract": {
    "policy_version": "standard_invalidity_v1",
    "status": "ok",
    "primary_requires_coords_9d": true,
    "shared_time_grid": {
      "epochs_before_policy": 268,
      "epochs_retained": 268,
      "epochs_dropped": 0,
      "drop_fraction": 0.0,
      "dropped_epoch_indices_preview": [],
      "drop_reason_counts": {
        "mnps_3d_nonfinite_rows": 0,
        "coords_9d_nonfinite_rows_affecting_primary": 0
      }
    },
    "mnps_3d": {
      "finite_row_fraction_before": 1.0,
      "nonfinite_row_count": 0,
      "degenerate_axes": [],
      "all_nan_axes": []
    },
    "coords_9d": {
      "available": true,
      "shape_matches_time_grid": true,
      "finite_row_fraction_before": 1.0,
      "nonfinite_row_count": 0,
      "nonfinite_rows_retained_on_shared_grid": 0,
      "degenerate_axes": [],
      "all_nan_axes": []
    },
    "time_grid": {
      "status": "ok",
      "warnings": [],
      "window_count": 268,
      "finite_window_bounds_fraction": 1.0,
      "dt_source": "window_start",
      "dt_sec_runtime": 4.0,
      "dt_sec_config": 4.0,
      "window_sec_config": 8.0,
      "dt_matches_runtime": true,
      "dt_matches_config_formula": true,
      "window_len_matches_config": true,
      "nonpositive_dt_count": 0,
      "nonpositive_window_len_count": 0,
      "dt_intervals_sec": {
        "n": 267,
        "mean": 4.0,
        "median": 4.0,