{
  "dataset_id": "ds004511:sub-S210316:ses-01_cognitive_control_run-01",
  "subject": "sub-S210316",
  "session": "ses-01",
  "reliability_axes": {
    "m": 0.6642928635644725,
    "d": 0.8065401358791768,
    "e": 0.7813135811407694
  },
  "reliability_subcoords": {
    "m_a": 0.8872327051004113,
    "m_e": 0.600472742071698,
    "m_o": 0.5719738372359459,
    "d_n": 0.9079018467664005,
    "d_l": 0.8233924480016763,
    "d_s": 0.6158557627804345,
    "e_e": 0.8011066202767214,
    "e_s": 0.7945037386829457,
    "e_m": 0.6349767731373893
  }
}