{
  "dataset_id": "ds004511:sub-S210316:ses-01_cognitive_control_run-01",
  "subject": "sub-S210316",
  "session": "ses-01",
  "coverage": {
    "epochs": 282,
    "seconds": 1128.0
  },
  "artifacts": {
    "methods": [
      "ica"
    ],
    "bad_eeg_channels": [
      "Batt_0",
      "Batt_1",
      "Batt_2",
      "Batt_3",
      "Gnd-Ref",
      "Gnd-Ref1",
      "Gnd-Ref2",
      "Gnd-Ref3",
      "Ref",
      "Sync"
    ],
    "n_bad_eeg_channels": 10,
    "stem_collisions": {}
  },
  "ensemble": {
    "var_by_subcoord": {
      "m_a": 0.0007533027091994882,
      "m_e": 1.3420880448373595e-14,
      "m_o": 8.432321410133808e-15,
      "d_n": 7.007064809568149e-15,
      "d_l": 1.7389898115255376e-14,
      "d_s": 1.0241515175800266e-14,
      "e_e": 8.327653887654773e-13,
      "e_s": 1.4202571410604214e-13,
      "e_m": 0.0
    },
    "var_mean": 8.370030113675234e-05,
    "var_max": 0.0007533027091994882
  },
  "reliability": {
    "axes": {
      "m": 0.6642928635644725,
      "d": 0.8065401358791768,
      "e": 0.7813135811407694
    },
    "subcoords": {
      "m_a": 0.8872327051004113,
      "m_e": 0.600472742071698,
      "m_o": 0.5719738372359459,
      "d_n": 0.9079018467664005,
      "d_l": 0.8233924480016763,
      "d_s": 0.6158557627804345,
      "e_e": 0.8011066202767214,
      "e_s": 0.7945037386829457,
      "e_m": 0.6349767731373893
    }
  },
  "dist_summary": {
    "axes": {
      "m": {
        "n": 282,
        "nan_frac": 0.0,
        "mean": -0.1522814370559674,
        "median": -0.048191748559474945,
        "std": 0.8474446393927011,
        "iqr": 0.9874950721859932,
        "mad": 0.49387966096401215,
        "mad_sigma": 0.7322259853452444,
        "skewness": -0.8549492790523361,
        "kurtosis_excess": 1.1267535068898962,
        "delta_mean_median": -0.10408968849649244
      },
      "d": {
        "n": 282,
        "nan_frac": 0.0,
        "mean": 0.051330477978492564,
        "median": 0.10653246194124222,
        "std": 0.8419678930248435,
        "iqr": 0.8873954713344574,
        "mad": 0.4428935647010803,
        "mad_sigma": 0.6566339990258216,
        "skewness": -0.8687547175697491,
        "kurtosis_excess": 2.084486248886927,
        "delta_mean_median": -0.055201983962749654
      },
      "e": {
        "n": 282,
        "nan_frac": 0.0,
        "mean": -0.027666404402438314,
        "median": 0.08527607843279839,
        "std": 0.8582345283583948,
        "iqr": 0.7621727585792542,
        "mad": 0.38693517819046974,
        "mad_sigma": 0.5736700951851904,
        "skewness": -0.659335835875377,
        "kurtosis_excess": 1.6513678904378999,
        "delta_mean_median": -0.1129424828352367
      }
    },
    "subcoords": {
      "m_a": {
        "n": 282,
        "nan_frac": 0.0,
        "mean": -0.38803022352199185,
        "median": 0.04941651038825512,
        "std": 1.363329711946705,
        "iqr": 1.4777970761060715,
        "mad": 0.6039615590125322,
        "mad_sigma": 0.8954334073919803,
        "skewness": -1.4363698993338008,
        "kurtosis_excess": 2.026243528761369,
        "delta_mean_median": -0.43744673391024697
      },
      "m_e": {
        "n": 282,
        "nan_frac": 0.0,
        "mean": -0.13287974159061539,
        "median": 3.0850060284137726e-07,
        "std": 1.0609787158520219,
        "iqr": 1.362052172422409,
        "mad": 0.6744907200336456,
        "mad_sigma": 0.999999941521883,
        "skewness": -0.7350026184984836,
        "kurtosis_excess": 0.8809331173468546,
        "delta_mean_median": -0.13288005009121823
      },
      "m_o": {
        "n": 282,
        "nan_frac": 0.0,
        "mean": 0.14881483037090787,
        "median": 0.0,
        "std": 1.0420220605861008,
        "iqr": 1.3488095700740814,
        "mad": 0.674490749835968,
        "mad_sigma": 0.9999999857068061,
        "skewness": 0.5060287077810655,
        "kurtosis_excess": 0.43862108726548943,
        "delta_mean_median": 0.14881483037090787
      },
      "d_n": {
        "n": 282,
        "nan_frac": 0.0,
        "mean": 0.5900827347802936,
        "median": 0.0,
        "std": 1.68103974394474,
        "iqr": 1.63147933781147,
        "mad": 0.674490749835968,
        "mad_sigma": 0.9999999857068061,
        "skewness": 1.329478899140882,
        "kurtosis_excess": 1.089050024753865,
        "delta_mean_median": 0.5900827347802936
      },
      "d_l": {
        "n": 282,
        "nan_frac": 0.0,
        "mean": -0.43177607981983496,
        "median": 5.501788109540939e-07,
        "std": 1.6807562015646864,
        "iqr": 1.424859195947647,
        "mad": 0.6744901996571571,
        "mad_sigma": 0.999999170011701,
        "skewness": -1.734637729751584,
        "kurtosis_excess": 3.0207020583833133,
        "delta_mean_median": -0.4317766299986459
      },
      "d_s": {
        "n": 282,
        "nan_frac": 0.0,
        "mean": 0.5040848789470772,
        "median": 0.0,
        "std": 1.6179493497496218,
        "iqr": 1.4603270292282104,
        "mad": 0.6744907200336456,
        "mad_sigma": 0.999999941521883,
        "skewness": 1.674346947118292,
        "kurtosis_excess": 2.907663688579384,
        "delta_mean_median": 0.5040848789470772
      },
      "e_e": {
        "n": 282,
        "nan_frac": 0.0,
        "mean": -0.40221866894701613,
        "median": 0.0,
        "std": 1.3853755107325454,
        "iqr": 1.4750555753707886,
        "mad": 0.6744906902313232,
        "mad_sigma": 0.9999998973369598,
        "skewness": -1.1839665946322209,
        "kurtosis_excess": 1.2937303156934954,
        "delta_mean_median": -0.40221866894701613
      },
      "e_s": {
        "n": 282,
        "nan_frac": 0.0,
        "mean": 0.4845042927892456,
        "median": 8.440110832452774e-07,
        "std": 1.7752983963461628,
        "iqr": 1.4714438766241074,
        "mad": 0.6744916236493737,
        "mad_sigma": 1.0000012812225614,
        "skewness": 1.759096777272373,
        "kurtosis_excess": 2.821951070088918,
        "delta_mean_median": 0.48450344877816237
      },
      "e_m": {
        "n": 282,
        "nan_frac": 0.0,
        "mean": -0.00021294614049137062,
        "median": 0.0,
        "std": 1.06578506558869,
        "iqr": 1.3838651031255722,
        "mad": 0.6744906902313232,
        "mad_sigma": 0.9999998973369598,
        "skewness": 0.595126276001483,
        "kurtosis_excess": 2.269992732766365,
        "delta_mean_median": -0.00021294614049137062
      }
    }
  },
  "entropy_provisional": {},
  "geometry_contract": {
    "policy_version": "standard_invalidity_v1",
    "status": "ok",
    "primary_requires_coords_9d": true,
    "shared_time_grid": {
      "epochs_before_policy": 282,
      "epochs_retained": 282,
      "epochs_dropped": 0,
      "drop_fraction": 0.0,
      "dropped_epoch_indices_preview": [],
      "drop_reason_counts": {
        "mnps_3d_nonfinite_rows": 0,
        "coords_9d_nonfinite_rows_affecting_primary": 0
      }
    },
    "mnps_3d": {
      "finite_row_fraction_before": 1.0,
      "nonfinite_row_count": 0,
      "degenerate_axes": [],
      "all_nan_axes": []
    },
    "coords_9d": {
      "available": true,
      "shape_matches_time_grid": true,
      "finite_row_fraction_before": 1.0,
      "nonfinite_row_count": 0,
      "nonfinite_rows_retained_on_shared_grid": 0,
      "degenerate_axes": [],
      "all_nan_axes": []
    },
    "time_grid": {
      "status": "ok",
      "warnings": [],
      "window_count": 282,
      "finite_window_bounds_fraction": 1.0,
      "dt_source": "window_start",
      "dt_sec_runtime": 4.0,
      "dt_sec_config": 4.0,
      "window_sec_config": 8.0,
      "dt_matches_runtime": true,
      "dt_matches_config_formula": true,
      "window_len_matches_config": true,
      "nonpositive_dt_count": 0,
      "nonpositive_window_len_count": 0,
      "dt_intervals_sec": {
        "n": 281,
        "mean": 4.0,
        "median": 4.0,
        "iqr": 0.0,
        "p95": 4.0,
        "max": 4.0
      },