{
  "dataset_id": "ds004511:sub-S200311:ses-01_rest_run-01",
  "subject": "sub-S200311",
  "session": "ses-01",
  "reliability_axes": {
    "m": 0.7184887674130805,
    "d": 0.6290624019464715,
    "e": 0.6678004506836893
  },
  "reliability_subcoords": {
    "m_a": 0.5530633730360198,
    "m_e": 0.8259254934959871,
    "m_o": 0.7334560933881246,
    "d_n": 0.6237514502509975,
    "d_l": 0.71059893916206,
    "d_s": 0.839310266894536,
    "e_e": 0.8166830096471723,
    "e_s": 0.5496295491180774,
    "e_m": 0.3004084175784624
  }
}