{
  "dataset_id": "ds004511:sub-S200311:ses-01_rest_run-01",
  "subject": "sub-S200311",
  "session": "ses-01",
  "coverage": {
    "epochs": 121,
    "seconds": 484.0
  },
  "artifacts": {
    "methods": [
      "ica"
    ],
    "bad_eeg_channels": [
      "Batt_0",
      "Batt_1",
      "Batt_2",
      "Batt_3",
      "Foto",
      "Gnd-Ref",
      "Gnd-Ref1",
      "Gnd-Ref2",
      "Gnd-Ref3",
      "Ref",
      "Sync"
    ],
    "n_bad_eeg_channels": 11,
    "stem_collisions": {}
  },
  "ensemble": {
    "var_by_subcoord": {
      "m_a": 0.005071454681456089,
      "m_e": 0.0,
      "m_o": 0.0,
      "d_n": 0.0,
      "d_l": 0.0,
      "d_s": 0.0,
      "e_e": 0.0,
      "e_s": 0.0,
      "e_m": 0.0
    },
    "var_mean": 0.0005634949646062321,
    "var_max": 0.005071454681456089
  },
  "reliability": {
    "axes": {
      "m": 0.7184887674130805,
      "d": 0.6290624019464715,
      "e": 0.6678004506836893
    },
    "subcoords": {
      "m_a": 0.5530633730360198,
      "m_e": 0.8259254934959871,
      "m_o": 0.7334560933881246,
      "d_n": 0.6237514502509975,
      "d_l": 0.71059893916206,
      "d_s": 0.839310266894536,
      "e_e": 0.8166830096471723,
      "e_s": 0.5496295491180774,
      "e_m": 0.3004084175784624
    }
  },
  "dist_summary": {
    "axes": {
      "m": {
        "n": 121,
        "nan_frac": 0.0,
        "mean": -0.14479586152621537,
        "median": -0.11257370561361313,
        "std": 0.7600679354150596,
        "iqr": 1.1368833482265472,
        "mad": 0.5601349845528603,
        "mad_sigma": 0.8304561280980706,
        "skewness": -0.007119248445752502,
        "kurtosis_excess": -0.5281648474109981,
        "delta_mean_median": -0.032222155912602246
      },
      "d": {
        "n": 121,
        "nan_frac": 0.0,
        "mean": 0.21991459152484236,
        "median": 0.2668009102344513,
        "std": 0.5815132072771656,
        "iqr": 0.7666685283184052,
        "mad": 0.38105323165655136,
        "mad_sigma": 0.564949521254003,
        "skewness": 0.04089946644385835,
        "kurtosis_excess": -0.2554664626993661,
        "delta_mean_median": -0.04688631870960894
      },
      "e": {
        "n": 121,
        "nan_frac": 0.0,
        "mean": -0.1493358754878575,
        "median": -0.09671961516141891,
        "std": 0.6435300009668259,
        "iqr": 0.7642545104026794,
        "mad": 0.3563622459769249,
        "mad_sigma": 0.5283426658853888,
        "skewness": -0.29363991073441364,
        "kurtosis_excess": 0.15747437689952637,
        "delta_mean_median": -0.052616260326438596
      }
    },
    "subcoords": {
      "m_a": {
        "n": 121,
        "nan_frac": 0.0,
        "mean": -0.03591095520691438,
        "median": -0.01976872980594635,
        "std": 0.9796136113904015,
        "iqr": 1.235089898109436,
        "mad": 0.5764344185590744,
        "mad_sigma": 0.8546216689556837,
        "skewness": -0.40098911767040346,
        "kurtosis_excess": 0.4312379793412604,
        "delta_mean_median": -0.016142225400968033
      },
      "m_e": {
        "n": 121,
        "nan_frac": 0.0,
        "mean": -0.2626909451166645,
        "median": 0.0,
        "std": 0.9494506622127304,
        "iqr": 1.6065739393234253,
        "mad": 0.674490749835968,
        "mad_sigma": 0.9999999857068061,
        "skewness": -0.4558466192983769,
        "kurtosis_excess": -0.9993729478422742,
        "delta_mean_median": -0.2626909451166645
      },
      "m_o": {
        "n": 121,
        "nan_frac": 0.0,
        "mean": -0.1507211134745932,
        "median": 0.0,
        "std": 0.833730989858857,
        "iqr": 1.4257879853248596,
        "mad": 0.674490749835968,
        "mad_sigma": 0.9999999857068061,
        "skewness": 0.16802246153206168,
        "kurtosis_excess": -0.8534080098772745,
        "delta_mean_median": -0.1507211134745932
      },
      "d_n": {
        "n": 121,
        "nan_frac": 0.0,
        "mean": 0.09589219403122205,
        "median": 0.0,
        "std": 1.1587053616092162,
        "iqr": 1.3273288011550903,
        "mad": 0.674490749835968,
        "mad_sigma": 0.9999999857068061,
        "skewness": 0.1599152266247254,
        "kurtosis_excess": -0.12371233775365287,
        "delta_mean_median": 0.09589219403122205
      },
      "d_l": {
        "n": 121,
        "nan_frac": 0.0,
        "mean": -0.0868300125002861,
        "median": 0.0,
        "std": 0.8822752603757363,
        "iqr": 1.255491316318512,
        "mad": 0.674490749835968,
        "mad_sigma": 0.9999999857068061,
        "skewness": -0.22399896129517854,
        "kurtosis_excess": -0.33799161464227145,
        "delta_mean_median": -0.0868300125002861
      },
      "d_s": {
        "n": 121,
        "nan_frac": 0.0,
        "mean": 1.3397065991274089,
        "median": 0.0,
        "std": 2.394992231503072,
        "iqr": 3.82415109872818,
        "mad": 0.674490749835968,
        "mad_sigma": 0.9999999857068061,
        "skewness": 0.9182791379270673,
        "kurtosis_excess": -0.69216706346214,
        "delta_mean_median": 1.3397065991274089
      },
      "e_e": {
        "n": 121,
        "nan_frac": 0.0,
        "mean": -0.3566501994332499,
        "median": 0.0,
        "std": 1.137023983702056,
        "iqr": 1.4721168875694275,
        "mad": 0.6744906902313232,
        "mad_sigma": 0.9999998973369598,
        "skewness": -0.8347541979930891,
        "kurtosis_excess": -0.18047698664581135,
        "delta_mean_median": -0.3566501994332499
      },
      "e_s": {
        "n": 121,
        "nan_frac": 0.0,
        "mean": 0.13046437715880635,
        "median": 0.0,
        "std": 1.0155406845367754,
        "iqr": 1.381482183933258,
        "mad": 0.674490749835968,
        "mad_sigma": 0.9999999857068061,
        "skewness": 1.1160498918763593,
        "kurtosis_excess": 2.488614636873179,
        "delta_mean_median": 0.13046437715880635
      },
      "e_m": {
        "n": 121,
        "nan_frac": 0.0,
        "mean": -0.05796867109496485,
        "median": 0.0,
        "std": 1.036017416835916,
        "iqr": 1.2967830896377563,
        "mad": 0.674490749835968,
        "mad_sigma": 0.9999999857068061,
        "skewness": 0.2078624495345797,
        "kurtosis_excess": -0.010241542432579909,
        "delta_mean_median": -0.05796867109496485
      }
    }
  },
  "entropy_provisional": {},
  "geometry_contract": {
    "policy_version": "standard_invalidity_v1",
    "status": "ok",
    "primary_requires_coords_9d": true,
    "shared_time_grid": {
      "epochs_before_policy": 121,
      "epochs_retained": 121,
      "epochs_dropped": 0,
      "drop_fraction": 0.0,
      "dropped_epoch_indices_preview": [],
      "drop_reason_counts": {
        "mnps_3d_nonfinite_rows": 0,
        "coords_9d_nonfinite_rows_affecting_primary": 0
      }
    },
    "mnps_3d": {
      "finite_row_fraction_before": 1.0,
      "nonfinite_row_count": 0,
      "degenerate_axes": [],
      "all_nan_axes": []
    },
    "coords_9d": {
      "available": true,
      "shape_matches_time_grid": true,
      "finite_row_fraction_before": 1.0,
      "nonfinite_row_count": 0,
      "nonfinite_rows_retained_on_shared_grid": 0,
      "degenerate_axes": [],
      "all_nan_axes": []
    },
    "time_grid": {
      "status": "ok",
      "warnings": [],
      "window_count": 121,
      "finite_window_bounds_fraction": 1.0,
      "dt_source": "window_start",
      "dt_sec_runtime": 4.0,
      "dt_sec_config": 4.0,
      "window_sec_config": 8.0,
      "dt_matches_runtime": true,
      "dt_matches_config_formula": true,
      "window_len_matches_config": true,
      "nonpositive_dt_count": 0,
      "nonpositive_window_len_count": 0,
      "dt_intervals_sec": {
        "n": 120,
        "mean": 4.0,
        "median": 4.0,
        "iqr": 0.0,
        "p95": 4.0,
        "max": 4.0
      },
      "window_lengths_sec": {
        "n": 121,
        "mean": 8.0,
        "median": 8.0,
        "iqr": 0.0,
        "p95": 8.0,
        "max": 8.0
      }
    },